customer_id,region,calidad_tecnica,interrupciones_30d,brecha_velocidad_pct,tiempo_resolucion_h,reclamaciones_30d,insatisfaccion,precio_mensual,churn
C0001,Madrid,0.663,2,29.09,4.7,0,2.17,35.94,0
C0002,Coruna,0.472,7,34.47,13.69,10,10.0,37.16,1
C0003,Sevilla,0.63,5,7.79,11.39,1,4.9,52.03,1
C0004,Madrid,0.983,0,3.7,1.38,0,1.87,36.62,0
C0005,Sevilla,0.622,2,25.76,6.52,2,3.3,36.35,0
C0006,Sevilla,0.62,6,22.8,9.09,2,3.04,44.32,1
C0007,Valencia,0.757,2,14.02,4.82,0,3.28,43.08,1
C0008,Madrid,0.951,2,0.0,5.17,3,4.53,47.12,0
C0009,Valencia,0.805,1,13.5,5.86,3,5.69,52.74,1
C0010,Sevilla,0.608,8,8.01,13.34,2,5.49,49.62,1
C0011,Sevilla,0.702,4,13.82,8.05,3,4.09,52.77,1
C0012,Madrid,0.965,2,3.12,5.4,0,2.17,44.98,0
C0013,Madrid,0.896,1,11.18,5.43,3,5.74,49.17,1
C0014,Madrid,0.916,1,8.88,2.99,0,2.12,48.53,0
C0015,Madrid,0.866,1,1.68,4.08,0,2.41,60.34,0
C0016,Barcelona,0.953,1,0.0,3.83,0,2.59,41.89,0
C0017,Madrid,0.923,3,5.44,5.38,2,3.7,29.56,0
C0018,Barcelona,0.866,1,12.39,2.86,1,2.1,35.15,0
C0019,Barcelona,0.796,4,16.38,6.43,0,1.0,53.87,0
C0020,Valencia,0.741,1,14.31,4.21,1,3.59,24.53,0
C0021,Valencia,0.854,2,17.93,5.47,3,4.88,38.15,0
C0022,Bilbao,0.585,6,21.16,13.23,7,9.33,32.63,1
C0023,Bilbao,0.484,5,14.94,10.97,2,4.59,44.12,1
C0024,Madrid,0.915,1,5.43,4.65,1,4.13,40.23,1
C0025,Coruna,0.57,6,10.85,11.48,3,6.51,42.78,1
C0026,Madrid,0.824,6,20.55,10.62,4,5.23,51.21,1
C0027,Bilbao,0.437,4,22.93,12.62,1,4.91,29.1,0
C0028,Sevilla,0.653,3,18.46,11.45,3,4.72,41.99,0
C0029,Madrid,0.981,1,1.23,1.26,1,3.79,35.92,1
C0030,Barcelona,0.966,2,4.07,3.12,1,2.22,44.62,0
C0031,Madrid,0.971,1,3.51,3.63,3,3.37,48.24,1
C0032,Barcelona,0.842,5,12.68,6.71,4,6.93,42.23,1
C0033,Barcelona,0.815,2,12.3,6.49,1,3.83,30.87,0
C0034,Madrid,0.938,0,2.09,1.93,1,1.29,53.68,0
C0035,Sevilla,0.653,3,20.48,8.66,1,3.64,43.98,0
C0036,Bilbao,0.568,4,22.7,8.72,4,6.48,34.21,1
C0037,Barcelona,0.929,2,12.01,1.34,0,2.0,57.14,0
C0038,Bilbao,0.492,4,36.41,13.19,5,8.87,48.89,1
C0039,Madrid,0.857,3,16.12,6.5,1,2.73,48.62,1
C0040,Madrid,0.99,2,0.0,3.33,0,3.35,35.22,0
C0041,Sevilla,0.685,1,29.99,8.08,3,5.87,37.99,1
C0042,Madrid,0.878,1,4.72,4.96,0,2.46,49.68,0
C0043,Madrid,0.99,0,0.92,1.04,0,2.08,37.09,0
C0044,Barcelona,0.837,5,16.94,7.76,5,7.1,38.28,0
C0045,Madrid,0.899,2,12.87,4.36,1,3.59,56.18,1
C0046,Madrid,0.99,1,7.87,1.1,2,3.7,44.03,0
C0047,Bilbao,0.564,4,21.02,9.84,4,5.42,40.67,0
C0048,Barcelona,0.744,3,19.09,5.84,4,4.82,34.59,1
C0049,Madrid,0.912,1,16.09,5.92,1,2.48,23.86,0
C0050,Barcelona,0.766,5,17.79,8.2,3,6.96,38.79,1
C0051,Bilbao,0.601,5,31.18,11.05,7,7.77,39.09,1
C0052,Barcelona,0.947,1,8.41,3.86,2,3.67,52.65,0
C0053,Sevilla,0.733,6,16.42,13.12,1,3.45,35.84,0
C0054,Madrid,0.908,1,0.0,5.49,1,2.62,32.71,0
C0055,Barcelona,0.825,6,18.78,6.94,3,3.34,40.35,0
C0056,Madrid,0.936,1,11.71,2.39,1,3.51,42.84,0
C0057,Madrid,0.921,0,1.87,3.13,0,2.27,41.53,0
C0058,Sevilla,0.806,4,1.19,4.99,4,4.32,59.02,0
C0059,Madrid,0.892,0,0.0,1.07,0,1.31,39.99,0
C0060,Sevilla,0.663,5,18.76,10.85,5,5.4,43.23,1
C0061,Sevilla,0.745,5,23.52,9.75,3,4.69,26.34,0
C0062,Sevilla,0.584,2,14.98,10.27,1,3.56,56.79,0
C0063,Madrid,0.833,5,15.01,7.71,4,6.16,36.85,0
C0064,Madrid,0.987,5,3.54,7.41,1,2.51,45.81,0
C0065,Barcelona,0.872,1,16.59,6.15,1,3.59,28.75,0
C0066,Sevilla,0.634,6,11.0,12.18,2,6.95,28.85,0
C0067,Sevilla,0.718,8,24.72,9.91,7,8.29,50.51,1
C0068,Valencia,0.74,2,13.09,7.58,1,2.66,46.21,1
C0069,Barcelona,0.923,0,0.0,3.05,0,2.89,49.49,0
C0070,Madrid,0.932,1,0.0,6.36,1,2.35,47.91,0
C0071,Madrid,0.947,1,1.98,0.95,0,1.18,46.89,0
C0072,Madrid,0.85,0,15.3,3.23,2,3.43,48.99,0
C0073,Valencia,0.804,5,11.39,7.07,2,3.49,49.39,1
C0074,Sevilla,0.643,2,27.29,6.31,3,5.65,49.92,0
C0075,Bilbao,0.515,8,28.99,11.24,13,10.0,29.63,1
C0076,Valencia,0.754,3,3.42,6.67,3,5.26,58.21,1
C0077,Bilbao,0.545,7,38.3,11.29,3,4.87,45.13,0
C0078,Sevilla,0.645,7,28.86,9.93,3,5.25,48.64,0
C0079,Madrid,0.756,5,10.34,8.81,0,3.87,36.55,0
C0080,Barcelona,0.932,3,4.24,4.6,1,3.69,50.18,0
C0081,Sevilla,0.665,3,26.01,7.51,3,4.96,43.13,1
C0082,Madrid,0.931,3,4.64,4.64,2,5.05,43.87,0
C0083,Sevilla,0.589,4,28.3,11.09,4,4.62,33.55,0
C0084,Valencia,0.753,3,16.79,6.97,3,4.33,35.67,0
C0085,Madrid,0.88,11,2.03,11.22,5,6.4,35.57,0
C0086,Bilbao,0.537,5,21.8,12.04,2,4.74,42.08,0
C0087,Valencia,0.749,3,14.0,6.6,2,3.89,40.38,1
C0088,Valencia,0.71,2,15.76,7.08,2,3.95,39.23,0
C0089,Bilbao,0.572,7,12.73,14.19,1,3.65,34.34,0
C0090,Madrid,0.868,5,8.04,8.19,4,6.12,60.2,1
C0091,Bilbao,0.563,4,13.41,9.02,4,4.83,37.05,0
C0092,Valencia,0.812,1,2.8,5.81,1,3.06,51.87,0
C0093,Valencia,0.793,1,16.82,3.92,1,4.53,49.07,0
C0094,Bilbao,0.508,8,27.03,12.66,7,6.94,39.17,1
C0095,Bilbao,0.534,4,34.35,9.43,3,5.55,34.22,1
C0096,Madrid,0.923,1,0.0,2.98,1,5.5,41.96,0
C0097,Madrid,0.99,2,0.0,2.23,2,3.36,52.98,0
C0098,Madrid,0.982,1,0.0,3.6,2,4.57,55.11,0
C0099,Barcelona,0.923,1,2.74,6.15,2,4.62,54.78,1
C0100,Bilbao,0.671,3,17.39,4.69,2,4.67,28.5,0
C0101,Sevilla,0.668,4,16.57,9.53,3,5.23,47.98,0
C0102,Barcelona,0.816,0,8.41,0.5,1,2.04,50.38,0
C0103,Madrid,0.807,0,1.96,5.8,0,1.72,52.4,0
C0104,Valencia,0.726,4,8.96,8.14,4,6.79,49.57,1
C0105,Barcelona,0.852,6,4.03,8.2,4,6.17,37.62,1
C0106,Valencia,0.731,3,7.89,4.98,1,3.3,40.69,0
C0107,Madrid,0.899,1,9.52,6.99,0,2.94,52.7,1
C0108,Sevilla,0.646,0,25.92,9.06,0,3.77,29.01,0
C0109,Sevilla,0.628,1,12.69,8.39,1,2.63,44.49,0
C0110,Barcelona,0.818,2,7.22,5.17,1,2.27,59.4,0
C0111,Bilbao,0.567,2,25.31,11.21,1,4.26,50.39,0
C0112,Bilbao,0.582,7,29.44,13.66,5,8.12,43.81,1
C0113,Madrid,0.865,2,14.1,4.14,0,2.85,45.42,0
C0114,Bilbao,0.482,4,26.87,8.85,1,3.47,33.99,0
C0115,Madrid,0.864,1,4.88,3.91,1,1.83,37.01,0
C0116,Barcelona,0.921,2,16.06,6.38,2,3.81,40.32,1
C0117,Barcelona,0.812,4,19.48,6.19,1,2.77,35.59,0
C0118,Madrid,0.813,1,6.81,5.99,1,3.3,35.45,0
C0119,Sevilla,0.677,4,20.68,10.57,3,3.74,40.08,0
C0120,Madrid,0.85,4,1.86,7.82,0,3.8,48.25,0
C0121,Sevilla,0.595,6,20.65,10.89,2,4.96,36.85,0
C0122,Sevilla,0.54,1,28.2,4.72,3,3.73,34.32,0
C0123,Bilbao,0.548,5,22.83,10.49,1,3.54,39.38,1
C0124,Valencia,0.799,6,0.57,7.22,3,4.04,50.02,1
C0125,Bilbao,0.64,4,12.8,8.99,2,4.39,20.0,0
C0126,Barcelona,0.954,0,2.19,0.5,0,1.85,40.07,0
C0127,Bilbao,0.494,11,42.43,14.16,7,10.0,44.51,1
C0128,Madrid,0.971,1,7.38,2.48,0,2.19,65.16,1
C0129,Valencia,0.769,2,13.44,7.92,0,2.81,32.73,0
C0130,Valencia,0.76,3,14.09,7.01,4,5.0,38.89,1
C0131,Madrid,0.856,2,0.0,3.23,0,1.35,37.89,0
C0132,Madrid,0.952,2,0.0,0.5,2,3.74,46.57,1
C0133,Barcelona,0.764,1,20.27,4.23,2,2.34,50.18,1
C0134,Coruna,0.424,6,32.95,12.82,4,7.14,41.63,1
C0135,Sevilla,0.644,2,21.26,8.58,0,3.03,51.28,0
C0136,Valencia,0.787,4,20.37,8.26,0,3.35,44.52,0
C0137,Madrid,0.906,2,5.82,5.01,4,6.43,27.49,1
C0138,Coruna,0.499,5,24.63,9.08,3,6.01,46.52,1
C0139,Sevilla,0.685,4,18.18,7.62,3,6.24,49.24,1
C0140,Valencia,0.784,1,15.36,5.28,3,5.61,30.83,1
C0141,Coruna,0.445,7,34.2,13.24,3,5.44,51.62,0
C0142,Madrid,0.922,3,0.0,3.83,1,4.33,52.83,0
C0143,Valencia,0.824,4,0.0,2.67,7,6.88,31.07,1
C0144,Sevilla,0.684,3,21.74,6.24,2,3.7,39.34,0
C0145,Valencia,0.813,3,7.09,6.45,3,5.19,64.31,1
C0146,Barcelona,0.854,3,6.46,4.73,1,3.01,39.0,0
C0147,Madrid,0.816,3,5.19,6.64,4,4.3,34.93,1
C0148,Sevilla,0.75,3,21.23,6.21,1,2.74,43.51,0
C0149,Barcelona,0.783,2,12.47,4.59,1,2.73,49.03,0
C0150,Madrid,0.987,0,0.17,3.16,0,2.58,39.42,0
C0151,Bilbao,0.609,3,31.85,8.3,2,3.62,33.55,0
C0152,Bilbao,0.418,8,45.85,14.36,9,8.97,44.75,1
C0153,Sevilla,0.626,5,22.04,9.93,5,6.53,35.5,1
C0154,Madrid,0.903,2,0.0,6.47,0,3.87,41.47,0
C0155,Sevilla,0.783,0,3.83,3.68,0,3.15,25.22,1
C0156,Barcelona,0.856,1,0.0,0.5,0,1.95,49.69,0
C0157,Valencia,0.822,1,8.53,3.89,1,3.53,26.22,0
C0158,Barcelona,0.972,1,0.0,5.98,0,3.21,40.73,0
C0159,Valencia,0.779,4,24.72,3.88,3,5.29,44.15,1
C0160,Madrid,0.773,6,14.53,7.87,3,4.24,52.37,0
C0161,Valencia,0.804,3,11.6,7.58,2,4.56,38.54,0
C0162,Sevilla,0.676,3,14.41,7.23,3,6.57,49.75,1
C0163,Bilbao,0.37,11,27.73,18.54,8,9.73,60.08,1
C0164,Madrid,0.847,3,2.15,5.76,4,5.88,60.54,1
C0165,Sevilla,0.738,4,8.98,9.04,2,5.79,30.36,1
C0166,Madrid,0.895,0,4.68,3.24,0,2.51,30.96,0
C0167,Sevilla,0.61,7,20.49,8.3,2,5.35,49.65,0
C0168,Bilbao,0.522,3,33.62,8.7,3,4.94,44.53,0
C0169,Bilbao,0.585,12,19.67,15.01,6,7.41,39.61,1
C0170,Bilbao,0.568,7,33.86,10.29,4,6.66,47.59,0
C0171,Sevilla,0.678,5,10.06,10.26,2,6.55,40.66,1
C0172,Valencia,0.773,2,7.21,4.36,2,4.25,37.76,0
C0173,Barcelona,0.851,2,11.14,6.15,1,4.8,39.81,1
C0174,Coruna,0.576,5,19.58,9.28,1,4.5,29.65,1
C0175,Valencia,0.64,3,16.65,9.23,1,3.73,41.01,0
C0176,Valencia,0.774,5,7.59,5.37,3,4.91,50.14,0
C0177,Madrid,0.887,5,3.45,8.3,2,3.82,36.93,0
C0178,Barcelona,0.882,2,9.54,7.96,1,3.63,34.09,0
C0179,Sevilla,0.709,4,6.71,8.14,2,4.13,39.61,1
C0180,Madrid,0.881,4,10.07,7.68,2,3.56,64.86,1
C0181,Sevilla,0.62,6,16.9,11.22,5,7.64,36.95,1
C0182,Bilbao,0.501,11,24.39,13.3,10,10.0,52.27,1
C0183,Barcelona,0.798,1,10.79,3.89,3,3.77,30.28,0
C0184,Coruna,0.509,3,24.01,10.49,0,3.67,51.94,0
C0185,Sevilla,0.674,5,21.96,10.03,3,4.36,36.97,1
C0186,Madrid,0.947,0,6.48,0.95,1,2.8,37.25,0
C0187,Barcelona,0.761,5,11.81,9.21,3,4.71,54.65,1
C0188,Sevilla,0.784,2,13.07,5.17,3,5.06,50.21,1
C0189,Barcelona,0.736,4,20.78,10.26,4,4.48,33.21,1
C0190,Valencia,0.794,2,16.02,5.39,0,2.99,57.56,1
C0191,Madrid,0.912,2,9.22,5.83,0,2.55,52.23,0
C0192,Madrid,0.922,2,6.86,4.6,1,4.38,46.23,0
C0193,Madrid,0.949,0,0.16,3.6,1,4.04,38.68,0
C0194,Bilbao,0.606,6,19.18,11.12,2,4.79,33.74,1
C0195,Barcelona,0.888,2,13.67,5.94,1,3.92,29.44,1
C0196,Barcelona,0.876,0,6.88,6.61,0,5.29,52.98,0
C0197,Barcelona,0.821,3,3.51,7.72,1,3.85,45.18,0
C0198,Sevilla,0.579,4,28.94,9.4,2,4.46,41.19,0
C0199,Valencia,0.758,1,5.25,7.82,1,4.21,47.36,0
C0200,Madrid,0.934,1,0.0,2.47,2,4.39,30.3,0
C0201,Valencia,0.795,4,8.24,4.2,2,5.37,32.97,0
C0202,Bilbao,0.506,7,31.21,14.02,3,4.82,38.4,0
C0203,Sevilla,0.767,3,26.01,4.8,3,4.16,48.47,0
C0204,Coruna,0.427,7,38.01,13.16,9,10.0,39.18,1
C0205,Madrid,0.855,5,1.84,8.24,1,3.96,55.32,1
C0206,Coruna,0.404,9,28.8,15.57,1,5.08,35.84,1
C0207,Bilbao,0.52,8,23.11,12.78,7,9.77,45.84,1
C0208,Madrid,0.946,1,0.97,3.98,0,3.14,53.14,0
C0209,Coruna,0.51,9,31.17,12.96,6,6.67,32.54,1
C0210,Valencia,0.751,5,6.79,8.25,3,5.09,33.27,1
C0211,Sevilla,0.712,7,17.56,11.21,6,7.52,53.13,1
C0212,Valencia,0.89,2,1.69,6.91,1,3.58,34.19,1
C0213,Valencia,0.752,2,17.42,6.2,3,4.55,39.21,0
C0214,Madrid,0.943,0,0.0,4.27,0,2.02,38.42,0
C0215,Madrid,0.946,1,10.85,2.73,3,4.43,40.39,0
C0216,Valencia,0.826,2,7.65,2.39,1,2.07,52.5,0
C0217,Madrid,0.884,2,0.0,4.78,1,2.17,38.98,0
C0218,Madrid,0.961,3,0.0,5.07,1,3.05,52.41,0
C0219,Madrid,0.926,3,3.49,5.39,2,4.85,43.07,0
C0220,Madrid,0.843,1,6.75,3.68,2,3.66,61.12,0
C0221,Madrid,0.941,2,0.0,2.72,2,3.64,30.04,0
C0222,Valencia,0.808,1,21.12,3.7,0,3.49,45.92,0
C0223,Madrid,0.733,2,15.55,7.77,2,3.57,50.67,0
C0224,Valencia,0.678,0,10.55,5.88,0,2.77,41.68,0
C0225,Barcelona,0.853,4,0.0,7.67,0,3.05,53.15,1
C0226,Madrid,0.895,1,2.29,2.04,1,2.69,34.24,0
C0227,Madrid,0.885,4,4.32,5.99,3,6.44,40.23,0
C0228,Barcelona,0.859,2,3.7,3.14,1,2.3,55.29,0
C0229,Valencia,0.772,4,13.2,6.11,2,4.24,26.22,0
C0230,Bilbao,0.456,7,28.01,12.0,2,6.05,47.58,1
C0231,Coruna,0.483,5,21.28,11.8,2,5.01,36.17,0
C0232,Madrid,0.866,2,0.0,2.68,0,2.49,44.78,1
C0233,Coruna,0.499,5,24.96,9.82,4,4.93,48.78,0
C0234,Madrid,0.891,1,7.65,2.39,0,1.0,36.26,0
C0235,Bilbao,0.56,4,29.83,10.9,2,5.9,27.51,1
C0236,Madrid,0.908,3,17.1,6.01,0,2.13,37.8,0
C0237,Madrid,0.871,4,10.46,5.95,2,5.05,36.93,1
C0238,Madrid,0.908,0,0.0,3.51,1,3.2,56.64,1
C0239,Bilbao,0.633,4,26.47,8.59,0,5.38,41.67,0
C0240,Bilbao,0.584,10,24.02,14.21,7,8.94,36.61,1
C0241,Valencia,0.794,0,5.18,5.4,1,3.05,32.59,0
C0242,Bilbao,0.549,5,23.36,9.95,5,7.52,42.11,1
C0243,Barcelona,0.925,2,2.86,2.82,0,1.66,47.72,0
C0244,Barcelona,0.849,2,6.79,6.07,2,4.84,45.73,0
C0245,Barcelona,0.872,4,2.35,7.41,2,3.74,50.23,1
C0246,Coruna,0.563,3,28.33,7.99,2,4.56,28.59,1
C0247,Barcelona,0.799,3,23.22,4.39,0,3.83,40.63,0
C0248,Madrid,0.847,5,0.7,7.05,6,8.53,38.54,1
C0249,Madrid,0.842,2,18.09,6.51,2,3.65,45.31,1
C0250,Valencia,0.836,4,10.58,6.2,3,5.56,43.63,0
C0251,Madrid,0.856,2,18.8,2.73,6,6.43,47.32,0
C0252,Bilbao,0.589,4,9.56,11.22,2,4.85,30.82,0
C0253,Valencia,0.786,1,15.04,6.67,1,3.13,52.8,0
C0254,Coruna,0.618,4,23.39,9.36,3,5.36,34.54,1
C0255,Madrid,0.966,0,4.04,2.65,0,3.11,36.66,1
C0256,Madrid,0.881,3,2.42,6.53,2,3.29,48.97,0
C0257,Valencia,0.83,2,10.72,3.74,2,4.31,44.67,1
C0258,Valencia,0.739,5,6.47,9.5,3,5.4,45.03,1
C0259,Bilbao,0.604,3,30.6,6.65,2,3.29,26.96,1
C0260,Sevilla,0.555,10,28.8,13.96,10,10.0,41.22,1
C0261,Barcelona,0.761,5,27.02,7.84,1,4.28,36.83,0
C0262,Barcelona,0.884,5,10.71,9.56,3,6.35,58.11,1
C0263,Coruna,0.568,6,21.67,13.09,3,5.49,26.0,1
C0264,Sevilla,0.617,4,34.08,8.88,3,4.94,47.65,1
C0265,Barcelona,0.79,7,4.19,12.05,8,7.55,51.43,1
C0266,Madrid,0.837,5,15.63,10.63,4,5.89,40.81,0
C0267,Bilbao,0.57,4,35.56,7.84,3,4.69,32.56,0
C0268,Coruna,0.56,5,20.35,8.3,3,6.09,30.92,1
C0269,Bilbao,0.54,3,20.28,10.21,6,7.6,48.84,1
C0270,Barcelona,0.814,3,0.0,4.43,2,4.51,51.62,1
C0271,Valencia,0.698,6,5.22,9.16,4,5.91,44.16,1
C0272,Valencia,0.831,2,7.98,5.93,1,1.29,40.04,0
C0273,Valencia,0.684,4,11.38,8.27,4,5.31,41.83,1
C0274,Bilbao,0.54,5,26.06,9.81,4,5.83,48.49,1
C0275,Valencia,0.858,1,13.0,3.61,0,1.0,47.62,0
C0276,Valencia,0.751,2,16.63,4.11,1,3.99,37.51,1
C0277,Coruna,0.487,5,21.55,9.72,5,7.55,42.86,1
C0278,Bilbao,0.531,6,30.49,11.15,3,4.75,42.58,0
C0279,Valencia,0.856,1,3.82,4.86,2,2.74,53.33,0
C0280,Madrid,0.967,1,0.0,2.65,0,2.93,49.19,0
C0281,Madrid,0.89,4,18.72,6.59,4,5.47,34.33,0
C0282,Coruna,0.561,6,24.73,13.86,3,5.06,37.01,1
C0283,Sevilla,0.653,4,22.49,6.5,2,3.81,40.43,0
C0284,Madrid,0.797,1,4.69,4.14,0,1.46,26.18,0
C0285,Barcelona,0.78,3,19.11,8.09,1,3.52,35.65,0
C0286,Barcelona,0.955,0,7.41,0.71,1,2.14,43.31,0
C0287,Valencia,0.843,4,7.22,5.29,4,5.64,40.81,0
C0288,Madrid,0.921,1,8.3,0.5,1,1.83,42.43,0
C0289,Valencia,0.767,2,9.52,4.37,1,2.99,46.44,0
C0290,Coruna,0.531,2,27.37,5.28,3,5.08,59.37,1
C0291,Madrid,0.861,2,0.0,6.17,1,4.06,42.03,0
C0292,Barcelona,0.891,2,1.97,6.64,0,2.77,56.57,0
C0293,Barcelona,0.815,3,14.25,5.12,2,3.19,43.02,0
C0294,Barcelona,0.84,2,4.95,4.16,1,3.72,42.49,0
C0295,Bilbao,0.501,5,19.21,11.27,4,5.66,44.06,0
C0296,Barcelona,0.867,2,2.23,5.82,3,5.17,35.32,1
C0297,Sevilla,0.651,3,11.96,8.25,0,2.2,40.3,0
C0298,Valencia,0.879,3,1.03,7.41,1,3.19,40.52,0
C0299,Valencia,0.797,2,12.91,7.4,0,2.2,30.03,0
C0300,Sevilla,0.638,4,25.27,9.58,4,6.5,43.51,1
C0301,Madrid,0.881,0,4.55,3.05,1,2.42,42.47,0
C0302,Sevilla,0.647,1,31.03,7.3,2,3.08,23.15,0
C0303,Sevilla,0.596,5,16.54,10.38,4,7.99,44.09,1
C0304,Bilbao,0.665,5,12.3,8.57,4,3.93,32.39,1
C0305,Sevilla,0.688,5,22.08,8.52,3,4.49,43.75,0
C0306,Coruna,0.44,5,28.16,11.1,3,5.69,29.7,0
C0307,Coruna,0.513,3,7.13,7.82,3,6.64,38.83,1
C0308,Madrid,0.866,1,5.59,2.19,0,1.11,51.47,0
C0309,Madrid,0.867,1,8.7,3.35,0,3.75,43.74,1
C0310,Madrid,0.908,2,9.11,5.25,4,4.64,52.42,0
C0311,Madrid,0.949,2,0.0,5.03,4,5.11,44.54,0
C0312,Barcelona,0.803,4,4.72,7.26,7,7.24,50.57,1
C0313,Madrid,0.826,2,9.81,1.86,1,2.81,42.46,0
C0314,Madrid,0.964,7,0.0,8.7,2,2.71,44.35,0
C0315,Barcelona,0.884,2,3.96,5.86,0,2.18,28.49,0
C0316,Coruna,0.512,6,25.61,14.46,6,7.98,38.49,1
C0317,Madrid,0.961,1,4.31,3.38,0,2.88,45.85,1
C0318,Valencia,0.76,1,13.79,7.24,1,2.45,54.49,1
C0319,Madrid,0.969,0,0.0,2.05,0,2.77,43.98,0
C0320,Barcelona,0.879,0,3.1,1.96,1,3.38,31.6,1
C0321,Valencia,0.745,3,19.77,7.25,1,4.14,45.8,0
C0322,Coruna,0.473,6,19.54,13.41,4,6.13,42.72,0
C0323,Barcelona,0.899,3,10.91,7.5,3,5.42,37.05,1
C0324,Barcelona,0.924,3,8.84,3.98,3,4.88,33.24,0
C0325,Bilbao,0.507,5,29.66,9.49,4,6.89,20.0,1
C0326,Sevilla,0.783,2,16.62,6.09,1,2.22,57.85,0
C0327,Barcelona,0.873,0,0.83,5.42,0,2.72,45.49,0
C0328,Sevilla,0.597,4,11.68,8.03,2,6.21,42.94,1
C0329,Barcelona,0.79,0,1.51,2.22,0,2.94,47.19,0
C0330,Barcelona,0.879,7,6.4,10.96,2,3.31,45.8,0
C0331,Sevilla,0.758,2,27.34,7.54,2,4.6,35.05,0
C0332,Barcelona,0.807,4,2.94,8.47,0,4.11,52.04,0
C0333,Madrid,0.93,0,14.23,0.5,0,2.46,38.17,0
C0334,Bilbao,0.58,4,19.42,10.08,4,8.02,40.87,1
C0335,Sevilla,0.659,6,20.65,12.23,2,5.69,40.99,0
C0336,Madrid,0.868,3,0.0,5.07,2,4.99,49.7,1
C0337,Bilbao,0.604,2,19.47,7.47,2,4.25,56.44,1
C0338,Sevilla,0.687,5,10.88,9.72,5,6.74,29.2,1
C0339,Coruna,0.606,6,28.8,9.91,5,8.15,39.99,1
C0340,Bilbao,0.578,9,19.73,13.69,3,6.59,44.04,1
C0341,Valencia,0.685,3,17.23,6.67,3,4.59,58.74,0
C0342,Bilbao,0.635,2,21.44,6.23,0,3.16,43.65,0
C0343,Bilbao,0.468,4,34.87,10.57,2,3.97,29.53,0
C0344,Bilbao,0.517,2,26.55,7.93,3,4.92,31.71,1
C0345,Barcelona,0.925,1,8.4,4.22,1,2.91,39.32,0
C0346,Sevilla,0.609,4,14.2,9.63,2,4.32,40.88,0
C0347,Barcelona,0.792,2,9.44,4.86,0,1.52,53.52,0
C0348,Coruna,0.466,4,28.0,11.83,1,4.22,45.11,0
C0349,Barcelona,0.786,4,2.63,8.14,2,4.75,43.86,0
C0350,Coruna,0.548,5,29.58,12.02,1,4.12,51.21,0
C0351,Valencia,0.816,2,5.5,2.8,1,3.79,41.79,1
C0352,Madrid,0.943,1,0.67,3.41,1,1.84,44.46,0
C0353,Madrid,0.884,2,8.22,9.2,2,4.63,39.36,1
C0354,Barcelona,0.879,0,0.33,3.34,0,1.89,46.66,0
C0355,Valencia,0.771,5,9.02,6.33,4,6.94,53.04,1
C0356,Sevilla,0.637,1,18.33,7.14,1,3.4,64.19,0
C0357,Barcelona,0.954,1,0.8,1.32,0,2.05,39.68,0
C0358,Barcelona,0.803,1,17.95,4.99,0,1.97,34.47,0
C0359,Barcelona,0.844,4,17.26,5.7,5,6.3,42.61,1
C0360,Valencia,0.843,1,16.89,5.36,1,3.18,32.64,0
C0361,Coruna,0.451,5,36.86,11.62,7,9.96,22.71,1
C0362,Barcelona,0.797,3,4.02,5.49,2,4.55,45.92,1
C0363,Madrid,0.937,4,1.21,8.49,5,7.6,49.41,1
C0364,Barcelona,0.947,2,9.85,2.63,0,2.09,32.79,0
C0365,Valencia,0.686,4,14.94,10.17,5,7.58,33.57,0
C0366,Coruna,0.552,6,14.06,9.78,7,8.94,36.41,1
C0367,Coruna,0.471,8,41.87,10.41,6,8.56,30.74,1
C0368,Madrid,0.914,4,1.1,5.93,3,4.41,39.75,1
C0369,Barcelona,0.762,0,13.23,3.5,0,3.18,43.23,0
C0370,Madrid,0.913,0,0.0,3.45,0,2.79,45.09,1
C0371,Barcelona,0.865,3,8.63,5.34,5,7.37,43.31,0
C0372,Coruna,0.539,8,35.01,14.86,1,5.26,20.0,0
C0373,Barcelona,0.953,2,1.87,7.04,0,3.88,39.69,1
C0374,Coruna,0.438,1,20.94,7.13,1,2.63,36.8,0
C0375,Bilbao,0.67,3,29.0,6.7,4,6.3,45.4,0
C0376,Bilbao,0.589,3,23.83,7.92,1,3.09,40.79,0
C0377,Valencia,0.892,3,4.11,4.7,0,3.08,40.59,0
C0378,Bilbao,0.586,3,23.04,10.3,3,5.18,38.6,1
C0379,Barcelona,0.768,2,12.86,6.72,3,5.23,52.09,1
C0380,Valencia,0.754,3,26.47,7.89,4,6.14,74.08,1
C0381,Madrid,0.978,1,7.46,3.31,1,3.8,49.33,0
C0382,Valencia,0.9,1,9.71,0.75,1,2.28,28.01,0
C0383,Barcelona,0.861,3,1.15,3.91,1,3.07,41.53,0
C0384,Coruna,0.524,5,20.71,10.52,5,6.66,38.8,0
C0385,Barcelona,0.906,1,6.1,2.99,2,3.03,29.21,0
C0386,Sevilla,0.597,2,19.82,6.35,0,2.58,31.23,1
C0387,Valencia,0.895,2,10.6,5.43,0,1.3,31.44,0
C0388,Sevilla,0.708,1,19.14,7.72,2,4.18,40.44,1
C0389,Madrid,0.817,5,6.75,8.99,1,3.32,41.21,1
C0390,Coruna,0.432,6,37.16,11.87,9,10.0,44.3,1
C0391,Barcelona,0.784,2,9.56,3.93,1,2.34,29.84,0
C0392,Madrid,0.896,1,10.11,5.26,2,3.67,46.04,0
C0393,Barcelona,0.82,5,3.83,8.17,0,1.25,47.61,0
C0394,Barcelona,0.902,3,2.84,5.21,4,4.99,40.38,1
C0395,Barcelona,0.972,2,3.21,3.36,0,2.32,44.17,1
C0396,Barcelona,0.864,1,6.04,5.09,1,2.76,39.75,0
C0397,Madrid,0.885,3,6.16,5.67,3,3.72,30.7,0
C0398,Valencia,0.813,4,4.05,7.79,2,4.37,49.25,1
C0399,Valencia,0.868,3,11.3,5.36,4,4.23,39.17,0
C0400,Sevilla,0.727,3,10.55,4.67,0,2.0,36.96,0
C0401,Madrid,0.99,0,0.26,0.5,0,1.72,48.89,1
C0402,Coruna,0.537,7,30.08,8.2,3,4.56,28.23,0
C0403,Sevilla,0.624,6,27.92,9.45,2,5.11,43.86,0
C0404,Madrid,0.921,1,8.05,2.67,2,4.27,29.69,0
C0405,Coruna,0.403,2,32.08,12.91,4,6.66,35.47,1
C0406,Madrid,0.862,5,8.65,7.32,2,4.23,61.61,0
C0407,Madrid,0.858,2,8.73,5.4,1,3.78,40.5,0
C0408,Valencia,0.871,1,5.05,7.92,1,2.5,44.34,0
C0409,Madrid,0.915,2,14.27,4.84,0,2.72,55.91,0
C0410,Barcelona,0.842,4,8.95,8.18,2,4.42,26.1,0
C0411,Sevilla,0.669,2,12.33,3.41,2,4.07,48.52,0
C0412,Coruna,0.508,2,34.99,9.34,3,5.19,34.03,0
C0413,Bilbao,0.557,2,29.44,5.92,3,4.08,44.48,1
C0414,Coruna,0.466,7,36.64,12.73,4,6.58,39.08,1
C0415,Madrid,0.986,2,3.91,0.98,2,3.78,40.2,0
C0416,Valencia,0.832,4,14.63,8.53,2,3.83,35.1,0
C0417,Madrid,0.854,5,5.86,6.84,3,4.57,38.19,1
C0418,Barcelona,0.851,2,2.44,5.18,0,3.53,37.8,0
C0419,Sevilla,0.575,4,24.88,9.03,0,3.01,35.91,0
C0420,Madrid,0.881,2,0.0,6.18,0,2.43,42.83,0
C0421,Bilbao,0.614,4,24.44,9.92,1,4.65,40.24,0
C0422,Madrid,0.968,0,0.0,0.5,0,1.6,33.94,0
C0423,Bilbao,0.511,7,27.44,9.31,2,4.97,31.67,1
C0424,Bilbao,0.591,2,17.24,6.23,2,3.47,35.34,0
C0425,Coruna,0.523,7,32.09,13.36,1,4.03,36.8,0
C0426,Sevilla,0.693,7,22.59,8.47,6,6.53,40.11,1
C0427,Valencia,0.896,2,13.65,3.6,3,3.97,27.33,1
C0428,Barcelona,0.814,2,15.7,7.02,0,1.73,37.43,0
C0429,Valencia,0.757,3,8.28,7.28,2,4.01,47.22,1
C0430,Valencia,0.702,1,12.36,7.84,2,5.12,54.02,0
C0431,Coruna,0.493,8,24.46,12.46,3,5.69,45.44,0
C0432,Valencia,0.78,1,10.01,5.84,0,1.82,44.54,0
C0433,Valencia,0.695,6,30.37,10.73,6,7.0,35.51,0
C0434,Madrid,0.941,3,6.18,5.95,1,3.11,46.16,1
C0435,Barcelona,0.814,2,1.98,4.55,1,3.48,53.36,0
C0436,Valencia,0.806,1,10.43,2.94,0,1.03,44.59,0
C0437,Sevilla,0.662,4,20.25,11.29,1,4.31,38.95,0
C0438,Barcelona,0.859,1,4.69,3.17,0,2.24,36.08,0
C0439,Barcelona,0.812,1,14.57,5.38,1,3.72,38.72,0
C0440,Valencia,0.695,1,15.53,2.4,1,3.27,31.68,1
C0441,Barcelona,0.813,1,0.0,5.1,1,2.56,28.63,0
C0442,Madrid,0.896,0,7.17,3.21,1,2.3,52.93,0
C0443,Coruna,0.551,1,23.0,6.33,0,3.22,42.42,0
C0444,Madrid,0.95,1,0.0,5.06,1,4.02,43.78,0
C0445,Valencia,0.783,3,11.81,6.16,2,4.33,43.79,1
C0446,Barcelona,0.858,4,13.27,6.27,4,7.09,35.58,1
C0447,Sevilla,0.602,3,26.23,9.7,5,7.56,59.97,1
C0448,Bilbao,0.386,4,19.44,11.27,8,9.31,51.92,1
C0449,Madrid,0.89,2,3.24,6.96,0,3.85,46.24,1
C0450,Sevilla,0.781,4,12.85,6.73,3,6.34,39.18,0
C0451,Coruna,0.546,9,21.28,14.67,5,8.07,40.74,1
C0452,Barcelona,0.965,3,0.0,5.08,0,2.11,32.86,0
C0453,Barcelona,0.99,2,4.72,4.88,0,2.93,46.8,0
C0454,Bilbao,0.53,6,23.26,10.05,5,6.74,46.66,1
C0455,Valencia,0.761,2,26.13,5.88,2,3.81,33.37,0
C0456,Valencia,0.832,1,15.61,4.72,1,3.08,52.09,1
C0457,Sevilla,0.657,2,12.93,6.28,0,3.52,47.73,0
C0458,Barcelona,0.889,0,8.39,3.28,0,2.12,38.36,0
C0459,Madrid,0.99,1,0.0,3.77,1,3.74,42.7,0
C0460,Barcelona,0.753,2,14.8,4.28,1,3.5,42.73,0
C0461,Barcelona,0.841,4,15.92,7.03,2,5.23,50.44,1
C0462,Valencia,0.878,0,11.8,0.86,2,3.09,49.48,0
C0463,Valencia,0.804,3,25.88,6.98,2,5.93,36.01,1
C0464,Madrid,0.99,2,9.38,2.76,2,4.19,65.96,0
C0465,Sevilla,0.605,2,27.56,9.7,2,5.46,42.81,0
C0466,Sevilla,0.636,8,19.9,10.14,2,3.75,41.67,0
C0467,Coruna,0.55,5,31.93,10.64,3,4.97,30.5,0
C0468,Valencia,0.857,2,0.59,3.97,3,4.2,41.72,0
C0469,Coruna,0.536,3,22.82,9.39,2,3.61,39.27,1
C0470,Valencia,0.691,1,20.17,6.8,3,6.14,20.0,1
C0471,Barcelona,0.93,0,3.02,2.7,0,1.84,35.31,0
C0472,Barcelona,0.76,2,14.22,2.8,2,3.15,31.35,0
C0473,Sevilla,0.702,9,10.51,10.54,7,6.95,45.95,1
C0474,Coruna,0.48,4,33.01,8.52,3,5.57,39.33,0
C0475,Madrid,0.99,3,3.92,4.31,2,3.85,53.55,0
C0476,Madrid,0.795,2,15.85,6.1,3,5.63,37.68,0
C0477,Valencia,0.861,5,13.55,6.2,4,5.69,50.57,1
C0478,Valencia,0.788,3,9.81,5.37,2,3.86,62.36,0
C0479,Madrid,0.946,2,2.77,3.22,0,2.99,47.68,0
C0480,Valencia,0.771,3,14.42,6.71,2,4.8,38.89,1
C0481,Sevilla,0.65,7,20.08,11.96,7,7.49,38.0,0
C0482,Madrid,0.925,0,5.22,4.61,0,2.11,40.27,0
C0483,Bilbao,0.482,6,26.84,12.11,5,7.27,38.86,1
C0484,Valencia,0.827,4,4.6,5.59,2,4.3,44.98,0
C0485,Sevilla,0.54,4,19.06,9.13,0,1.72,35.32,0
C0486,Bilbao,0.626,4,16.26,8.03,4,6.51,52.26,1
C0487,Barcelona,0.882,2,8.41,3.57,1,3.83,40.08,0
C0488,Barcelona,0.835,3,17.75,8.17,4,7.03,43.74,0
C0489,Sevilla,0.603,5,29.27,8.9,6,7.95,45.04,0
C0490,Coruna,0.486,4,20.7,8.14,5,5.61,57.63,1
C0491,Barcelona,0.95,3,9.66,4.82,1,3.37,47.3,0
C0492,Bilbao,0.466,3,26.21,4.3,1,3.32,45.91,1
C0493,Valencia,0.766,3,10.01,4.55,3,5.0,53.92,0
C0494,Coruna,0.522,4,28.94,10.93,4,5.54,48.73,1
C0495,Madrid,0.837,7,17.03,9.3,2,4.71,39.24,0
C0496,Madrid,0.897,4,10.88,5.34,4,6.29,50.16,1
C0497,Barcelona,0.859,2,10.07,3.93,3,5.08,41.51,1
C0498,Barcelona,0.929,1,8.64,4.3,2,3.86,33.77,1
C0499,Madrid,0.739,5,4.95,7.88,1,3.61,36.83,0
C0500,Coruna,0.617,6,12.91,11.67,0,4.25,40.43,0
C0501,Valencia,0.833,3,7.27,4.9,1,2.51,45.89,0
C0502,Valencia,0.749,6,17.13,9.56,6,8.13,51.87,1
C0503,Madrid,0.796,3,4.84,9.62,2,3.79,42.42,0
C0504,Barcelona,0.823,4,8.34,6.84,2,3.78,41.6,0
C0505,Bilbao,0.494,5,34.41,13.52,2,6.74,35.97,1
C0506,Barcelona,0.832,3,7.43,6.42,1,4.78,46.71,0
C0507,Barcelona,0.871,0,8.52,4.0,1,3.78,50.99,1
C0508,Bilbao,0.571,6,17.38,12.41,2,4.15,50.16,0
C0509,Sevilla,0.681,3,19.3,9.42,0,3.23,31.39,0
C0510,Bilbao,0.409,5,20.23,12.52,1,2.98,54.43,0
C0511,Valencia,0.789,3,15.26,5.42,1,2.55,32.02,0
C0512,Madrid,0.916,1,16.6,2.09,1,2.8,40.2,0
C0513,Barcelona,0.774,2,13.3,5.57,0,2.69,36.19,0
C0514,Madrid,0.974,3,0.0,1.96,3,5.64,41.79,0
C0515,Barcelona,0.943,3,10.59,6.48,2,2.89,37.4,0
C0516,Barcelona,0.878,1,14.46,1.56,2,4.0,45.34,0
C0517,Sevilla,0.58,4,26.94,7.11,2,5.0,50.08,0
C0518,Sevilla,0.795,2,6.41,4.63,0,3.46,42.66,0
C0519,Barcelona,0.953,0,12.06,3.13,1,3.4,43.59,0
C0520,Coruna,0.529,11,19.51,13.94,10,10.0,35.84,1
C0521,Coruna,0.493,6,33.25,12.78,2,5.15,26.62,0
C0522,Bilbao,0.433,9,28.98,13.7,8,9.28,38.52,1
C0523,Valencia,0.822,1,7.09,5.48,2,4.1,52.24,1
C0524,Madrid,0.895,1,5.92,2.84,4,5.25,41.51,1
C0525,Coruna,0.525,8,29.47,12.02,6,7.83,47.59,1
C0526,Bilbao,0.532,10,31.74,15.14,0,3.27,35.88,0
C0527,Bilbao,0.594,2,27.02,10.32,0,4.05,37.18,0
C0528,Barcelona,0.859,0,0.0,4.86,0,2.95,39.6,0
C0529,Sevilla,0.688,4,19.96,8.8,3,5.19,45.8,1
C0530,Bilbao,0.612,7,22.5,10.38,3,6.41,41.59,1
C0531,Sevilla,0.667,2,22.77,3.17,1,3.3,36.9,1
C0532,Madrid,0.88,1,21.25,4.35,2,4.46,32.56,0
C0533,Sevilla,0.532,11,24.65,15.28,6,8.49,47.24,1
C0534,Coruna,0.584,1,24.28,7.91,1,1.78,39.97,1
C0535,Madrid,0.95,1,4.65,1.47,0,2.8,38.93,1
C0536,Madrid,0.792,1,12.18,4.28,0,1.63,55.69,0
C0537,Barcelona,0.943,1,0.0,3.78,0,1.84,30.03,0
C0538,Madrid,0.822,4,12.94,5.75,2,4.83,31.02,0
C0539,Valencia,0.817,2,0.19,6.19,1,2.39,50.55,0
C0540,Madrid,0.866,4,9.39,6.96,3,4.44,34.75,1
C0541,Barcelona,0.831,1,2.96,6.17,0,2.7,54.67,0
C0542,Sevilla,0.706,6,10.23,10.57,2,4.38,30.19,0
C0543,Bilbao,0.675,5,21.93,8.76,5,6.4,44.62,0
C0544,Madrid,0.81,3,0.0,8.84,1,3.27,45.53,0
C0545,Barcelona,0.794,1,1.9,4.78,2,4.02,48.02,1
C0546,Coruna,0.471,5,24.89,10.66,5,5.88,36.87,1
C0547,Madrid,0.86,1,10.16,4.89,0,3.73,41.68,1
C0548,Valencia,0.819,3,2.02,4.34,2,3.56,53.15,1
C0549,Sevilla,0.61,2,8.33,8.79,0,2.32,32.42,0
C0550,Madrid,0.932,0,2.66,3.81,1,3.85,46.62,0
C0551,Madrid,0.847,3,10.05,6.47,2,3.72,52.16,0
C0552,Barcelona,0.784,0,7.55,6.32,1,3.64,54.72,0
C0553,Barcelona,0.875,3,16.48,6.92,4,5.28,38.45,1
C0554,Barcelona,0.81,4,0.0,9.59,1,3.83,46.87,1
C0555,Bilbao,0.57,8,21.62,12.16,4,6.21,46.02,1
C0556,Bilbao,0.522,4,29.16,10.63,4,7.45,39.54,1
C0557,Valencia,0.733,3,13.43,8.68,4,5.83,42.69,1
C0558,Madrid,0.934,2,0.8,1.91,0,1.64,38.94,0
C0559,Barcelona,0.735,2,10.26,4.94,1,3.85,22.96,0
C0560,Sevilla,0.695,1,22.21,6.54,1,4.51,58.61,0
C0561,Madrid,0.963,2,0.0,5.59,2,4.73,51.31,0
C0562,Coruna,0.423,5,42.89,12.92,5,7.24,45.27,1
C0563,Valencia,0.727,2,0.48,4.19,1,3.92,33.67,0
C0564,Madrid,0.929,4,0.99,5.32,2,4.41,51.28,1
C0565,Valencia,0.648,6,13.81,8.37,3,4.82,41.61,0
C0566,Valencia,0.801,3,17.24,6.25,1,2.69,36.6,0
C0567,Sevilla,0.716,4,23.11,5.96,1,3.03,39.81,0
C0568,Sevilla,0.621,6,17.08,12.23,5,6.72,45.57,1
C0569,Barcelona,0.894,3,10.21,6.83,1,4.83,41.0,1
C0570,Madrid,0.929,1,8.48,4.99,2,4.27,37.51,0
C0571,Barcelona,0.826,2,10.71,4.07,1,3.11,36.59,0
C0572,Sevilla,0.737,2,13.31,8.21,2,4.66,47.2,1
C0573,Valencia,0.967,1,2.6,1.42,1,2.86,59.23,1
C0574,Sevilla,0.689,7,6.67,10.43,8,8.69,42.38,1
C0575,Sevilla,0.686,7,23.85,10.68,4,7.42,43.42,1
C0576,Sevilla,0.629,4,30.08,9.3,1,5.2,34.59,0
C0577,Madrid,0.966,1,2.05,2.89,0,3.27,38.78,1
C0578,Madrid,0.92,2,1.69,6.34,0,3.34,31.93,0
C0579,Madrid,0.896,4,4.63,5.96,1,3.99,53.95,1
C0580,Madrid,0.862,2,18.04,5.96,2,2.95,38.71,0
C0581,Madrid,0.939,2,1.88,5.64,2,4.35,49.37,0
C0582,Sevilla,0.659,5,12.23,10.06,2,6.25,38.71,1
C0583,Valencia,0.725,1,20.71,6.49,1,4.18,48.16,0
C0584,Sevilla,0.618,4,25.6,9.81,1,4.76,48.05,1
C0585,Madrid,0.971,0,5.98,1.39,0,1.52,41.69,0
C0586,Madrid,0.876,1,4.73,6.15,0,3.03,41.45,0
C0587,Madrid,0.91,3,4.35,5.83,4,5.25,41.99,0
C0588,Coruna,0.44,2,43.77,7.68,1,3.3,55.3,1
C0589,Bilbao,0.622,3,21.11,9.66,0,2.72,42.88,0
C0590,Sevilla,0.728,2,16.78,5.6,1,3.41,44.48,0
C0591,Coruna,0.521,10,34.68,12.47,5,8.63,37.76,1
C0592,Valencia,0.696,3,24.3,6.27,4,4.02,60.74,1
C0593,Madrid,0.75,3,9.11,8.54,2,4.16,57.61,0
C0594,Barcelona,0.853,1,15.88,3.55,0,2.26,50.94,0
C0595,Coruna,0.445,7,27.67,12.7,5,5.88,56.34,1
C0596,Valencia,0.806,3,13.78,10.42,0,2.66,66.29,0
C0597,Madrid,0.883,0,0.0,4.11,0,2.9,41.23,0
C0598,Valencia,0.898,0,3.05,0.58,0,2.71,50.31,1
C0599,Madrid,0.933,0,6.36,0.96,0,1.53,50.36,0
C0600,Madrid,0.893,4,8.61,8.21,4,5.78,43.81,1
C0601,Valencia,0.731,3,20.65,7.69,4,6.54,34.32,0
C0602,Coruna,0.394,5,37.73,11.59,1,3.51,32.57,0
C0603,Valencia,0.68,6,14.91,13.49,5,7.71,31.0,1
C0604,Barcelona,0.896,1,8.65,3.76,1,2.57,41.53,0
C0605,Sevilla,0.548,7,11.87,11.3,3,5.43,33.43,1
C0606,Valencia,0.866,0,8.78,4.93,3,5.37,30.44,1
C0607,Barcelona,0.81,2,8.9,4.87,1,3.37,40.4,0
C0608,Sevilla,0.556,8,15.61,11.51,4,5.13,51.98,1
C0609,Madrid,0.99,2,0.0,5.07,1,3.12,21.87,0
C0610,Coruna,0.543,6,27.0,12.69,2,5.72,27.97,1
C0611,Madrid,0.845,1,6.4,5.23,1,3.93,46.45,0
C0612,Madrid,0.831,2,1.69,5.04,0,3.07,40.31,0
C0613,Bilbao,0.673,1,25.57,4.61,2,2.95,34.39,0
C0614,Barcelona,0.921,1,5.29,4.39,2,4.73,38.13,0
C0615,Coruna,0.533,5,28.98,11.59,8,10.0,41.12,1
C0616,Coruna,0.547,0,16.19,6.22,0,3.61,41.66,0
C0617,Madrid,0.745,3,6.91,6.51,3,5.91,36.84,1
C0618,Valencia,0.761,3,24.05,7.66,2,4.4,45.21,0
C0619,Bilbao,0.504,2,30.78,8.59,1,4.31,55.47,0
C0620,Barcelona,0.815,3,7.83,5.72,3,5.23,29.44,0
C0621,Madrid,0.87,1,3.16,5.64,1,3.51,49.16,0
C0622,Madrid,0.9,2,0.16,5.57,2,4.62,52.86,0
C0623,Madrid,0.853,2,20.23,5.16,3,4.57,36.23,1
C0624,Madrid,0.884,1,10.15,5.69,0,5.2,42.7,1
C0625,Bilbao,0.476,8,29.31,13.37,2,4.22,37.59,0
C0626,Sevilla,0.747,2,18.41,5.82,2,3.22,40.01,0
C0627,Bilbao,0.497,9,30.24,14.02,2,6.24,32.97,1
C0628,Valencia,0.769,3,9.71,6.61,0,3.4,36.74,0
C0629,Madrid,0.875,2,10.73,2.73,2,3.37,48.73,0
C0630,Barcelona,0.822,5,0.0,8.32,3,5.84,43.87,1
C0631,Sevilla,0.664,3,28.73,6.9,6,7.1,41.79,0
C0632,Sevilla,0.573,4,27.0,10.81,2,4.2,40.72,1
C0633,Sevilla,0.716,6,14.48,10.25,3,5.07,44.32,0
C0634,Valencia,0.739,3,22.03,5.84,3,3.24,41.73,0
C0635,Bilbao,0.537,8,30.83,12.13,3,4.62,36.64,1
C0636,Madrid,0.882,4,5.48,3.18,0,1.76,38.48,1
C0637,Sevilla,0.672,2,14.59,7.56,3,6.6,27.63,1
C0638,Barcelona,0.849,3,0.37,5.27,3,4.08,26.33,0
C0639,Madrid,0.953,3,0.0,6.73,1,4.06,55.53,1
C0640,Valencia,0.832,0,4.37,2.5,0,2.19,59.04,1
C0641,Barcelona,0.764,2,17.85,9.23,0,2.41,49.22,0
C0642,Madrid,0.978,2,0.89,3.93,0,2.64,36.26,1
C0643,Coruna,0.581,4,20.91,9.33,5,7.02,45.78,1
C0644,Valencia,0.776,1,14.56,3.6,0,2.12,42.04,0
C0645,Valencia,0.83,2,4.39,4.15,1,3.41,64.87,0
C0646,Bilbao,0.504,3,28.27,10.45,1,4.2,42.15,1
C0647,Bilbao,0.53,7,12.39,12.34,4,6.33,31.82,1
C0648,Barcelona,0.729,5,19.68,9.04,4,6.45,48.19,1
C0649,Barcelona,0.767,4,12.84,10.37,3,4.41,27.15,0
C0650,Madrid,0.821,3,10.98,5.18,2,4.06,41.68,0
C0651,Madrid,0.919,0,9.56,5.09,0,2.01,34.43,0
C0652,Madrid,0.959,2,0.0,2.67,1,2.83,47.94,0
C0653,Madrid,0.86,5,10.46,4.39,3,3.86,42.8,1
C0654,Barcelona,0.809,3,4.35,8.12,2,5.25,47.24,0
C0655,Valencia,0.775,6,8.76,9.07,7,8.93,38.86,1
C0656,Madrid,0.879,0,1.75,3.93,0,1.0,48.86,0
C0657,Barcelona,0.912,2,5.31,1.6,1,3.09,47.23,0
C0658,Coruna,0.643,10,20.9,13.36,8,9.8,38.9,1
C0659,Madrid,0.925,4,0.82,5.8,2,3.64,49.89,0
C0660,Coruna,0.455,4,33.22,14.16,6,6.98,36.74,1
C0661,Sevilla,0.662,5,18.16,7.27,5,7.14,38.05,1
C0662,Valencia,0.724,3,25.69,7.13,6,6.63,40.57,1
C0663,Valencia,0.829,4,4.98,5.86,0,3.16,34.67,0
C0664,Madrid,0.87,1,11.54,3.22,0,1.91,51.36,0
C0665,Madrid,0.865,3,0.0,3.63,0,1.81,41.01,1
C0666,Barcelona,0.789,5,1.71,9.05,2,4.36,36.2,0
C0667,Barcelona,0.754,2,10.37,5.48,1,3.38,47.7,0
C0668,Valencia,0.802,0,5.09,3.42,0,2.61,44.0,0
C0669,Madrid,0.861,2,16.27,6.35,2,3.1,32.94,0
C0670,Valencia,0.82,1,2.32,6.03,0,1.0,38.1,0
C0671,Bilbao,0.523,8,27.39,9.68,5,5.89,43.48,1
C0672,Coruna,0.517,8,28.16,13.26,5,6.85,32.69,1
C0673,Sevilla,0.651,1,11.24,5.21,1,2.01,48.15,0
C0674,Madrid,0.861,4,5.64,9.31,3,4.58,38.78,1
C0675,Coruna,0.43,7,38.95,13.04,4,7.69,41.78,1
C0676,Madrid,0.937,2,10.52,3.84,0,3.13,42.67,0
C0677,Madrid,0.99,1,0.0,2.72,1,2.44,43.89,0
C0678,Bilbao,0.498,4,25.06,10.27,3,5.8,31.29,0
C0679,Barcelona,0.817,1,15.68,2.23,1,3.31,44.89,1
C0680,Madrid,0.908,1,10.26,4.31,1,2.79,58.33,0
C0681,Madrid,0.829,1,13.15,5.06,3,4.94,40.75,1
C0682,Barcelona,0.9,1,5.77,4.09,3,3.98,31.1,0
C0683,Valencia,0.676,4,13.99,7.95,0,1.7,32.66,0
C0684,Coruna,0.517,4,27.27,8.39,0,3.83,50.51,0
C0685,Barcelona,0.881,1,11.41,1.83,1,3.13,30.83,0
C0686,Barcelona,0.839,4,0.36,6.25,2,4.26,49.1,0
C0687,Coruna,0.469,5,26.92,14.31,3,7.14,35.21,1
C0688,Madrid,0.943,1,2.94,4.94,2,3.85,49.39,0
C0689,Barcelona,0.843,3,4.34,5.66,2,2.51,47.64,0
C0690,Bilbao,0.489,6,19.02,14.98,2,4.87,29.1,0
C0691,Barcelona,0.743,4,28.04,8.05,6,7.82,43.45,0
C0692,Valencia,0.692,2,17.43,6.77,3,4.17,38.26,0
C0693,Bilbao,0.579,6,12.96,10.44,5,7.57,43.93,0
C0694,Coruna,0.43,4,36.2,11.81,4,7.55,36.18,0
C0695,Barcelona,0.99,1,3.08,2.11,0,2.41,31.54,0
C0696,Barcelona,0.794,2,14.31,6.89,2,3.73,55.65,1
C0697,Sevilla,0.674,3,13.01,9.69,1,3.89,20.0,0
C0698,Valencia,0.732,3,17.7,7.02,1,3.54,34.34,0
C0699,Barcelona,0.899,2,7.38,6.97,0,1.95,34.62,0
C0700,Bilbao,0.625,4,13.68,10.0,3,5.49,33.6,0
C0701,Madrid,0.919,0,0.0,1.83,0,1.0,44.78,0
C0702,Barcelona,0.849,2,6.57,2.27,2,3.93,38.41,0
C0703,Madrid,0.927,0,0.0,3.14,0,1.2,38.35,0
C0704,Madrid,0.866,2,2.55,4.46,2,3.9,55.6,0
C0705,Bilbao,0.444,5,26.28,11.65,3,6.39,39.99,0
C0706,Barcelona,0.79,3,12.05,8.18,2,4.08,32.03,1
C0707,Sevilla,0.701,3,19.33,8.01,0,3.18,41.06,1
C0708,Valencia,0.9,1,0.0,2.71,1,4.66,43.67,0
C0709,Barcelona,0.759,2,17.17,8.17,1,2.89,37.85,0
C0710,Valencia,0.876,4,0.17,4.79,0,2.29,56.33,0
C0711,Bilbao,0.44,5,30.23,11.28,3,4.56,40.57,0
C0712,Madrid,0.93,0,5.18,1.49,0,2.19,45.68,0
C0713,Valencia,0.877,1,6.49,5.44,1,4.24,42.48,0
C0714,Sevilla,0.72,1,14.55,5.43,2,4.38,48.48,0
C0715,Coruna,0.516,6,26.91,13.1,4,5.88,33.31,1
C0716,Barcelona,0.902,5,2.49,5.81,3,5.49,52.65,0
C0717,Coruna,0.43,8,45.49,14.5,7,9.52,44.24,1
C0718,Bilbao,0.541,6,19.7,12.25,2,4.65,29.76,0
C0719,Barcelona,0.767,1,8.52,6.59,1,3.4,51.83,0
C0720,Madrid,0.943,1,0.0,3.45,1,2.61,51.47,0
C0721,Barcelona,0.864,3,4.69,4.16,1,3.3,50.35,0
C0722,Barcelona,0.838,3,4.96,6.16,3,4.63,34.35,0
C0723,Bilbao,0.461,6,26.49,10.41,2,5.36,48.39,0
C0724,Madrid,0.824,6,14.2,10.18,1,5.11,43.13,0
C0725,Sevilla,0.786,5,11.24,7.96,3,4.7,55.37,1
C0726,Bilbao,0.56,5,9.55,8.07,3,4.12,33.72,0
C0727,Bilbao,0.578,7,15.64,11.11,4,5.56,40.47,0
C0728,Madrid,0.99,3,7.67,5.39,3,3.87,53.78,0
C0729,Valencia,0.826,4,1.6,4.54,1,2.34,36.96,0
C0730,Madrid,0.847,2,1.22,3.79,0,1.23,39.13,0
C0731,Bilbao,0.481,7,28.89,15.36,6,6.85,30.21,0
C0732,Valencia,0.891,3,10.06,4.98,2,3.59,39.2,0
C0733,Sevilla,0.67,4,15.13,9.27,3,3.95,26.28,1
C0734,Bilbao,0.538,7,31.01,11.33,5,7.64,34.94,1
C0735,Valencia,0.873,3,0.0,4.37,0,1.19,45.69,0
C0736,Bilbao,0.576,4,31.69,12.51,4,5.79,29.44,0
C0737,Madrid,0.849,2,12.73,3.59,0,2.32,52.65,0
C0738,Madrid,0.88,1,8.75,2.96,0,1.58,41.68,0
C0739,Bilbao,0.458,5,31.53,12.14,4,6.72,47.23,1
C0740,Madrid,0.899,1,7.16,4.76,1,2.64,49.4,0
C0741,Barcelona,0.787,1,13.78,6.53,0,3.4,46.48,0
C0742,Madrid,0.977,1,10.0,0.5,2,3.39,37.41,1
C0743,Valencia,0.693,2,15.86,4.93,2,3.43,37.65,0
C0744,Sevilla,0.595,3,21.29,8.97,2,4.28,36.09,0
C0745,Bilbao,0.6,7,31.88,9.03,8,7.64,35.63,1
C0746,Coruna,0.504,3,34.64,10.6,1,4.18,48.61,0
C0747,Valencia,0.825,0,6.13,3.57,1,2.62,47.76,0
C0748,Bilbao,0.58,3,31.24,7.22,0,2.4,43.81,0
C0749,Sevilla,0.686,3,10.77,8.57,1,4.14,41.49,0
C0750,Coruna,0.402,4,27.98,11.32,2,5.34,33.25,0
C0751,Sevilla,0.75,2,6.02,7.19,0,2.76,26.99,0
C0752,Madrid,0.809,2,12.13,7.8,1,4.05,33.57,0
C0753,Bilbao,0.585,4,8.15,6.81,3,3.17,52.81,0
C0754,Madrid,0.913,1,4.23,4.07,1,3.94,37.33,1
C0755,Sevilla,0.64,4,19.14,8.27,4,6.09,47.88,1
C0756,Valencia,0.756,1,7.24,4.56,1,4.24,46.5,1
C0757,Sevilla,0.616,0,20.37,3.91,1,1.55,44.39,0
C0758,Valencia,0.769,3,2.3,8.92,1,2.91,45.43,1
C0759,Madrid,0.871,3,5.99,3.98,1,2.31,42.32,0
C0760,Valencia,0.717,2,7.4,6.33,2,4.2,52.76,0
C0761,Bilbao,0.482,2,29.21,7.64,1,3.68,45.21,0
C0762,Valencia,0.734,5,20.54,8.31,1,3.34,43.45,0
C0763,Madrid,0.926,0,0.0,3.52,0,2.77,36.01,0
C0764,Barcelona,0.84,2,0.0,3.36,2,3.9,47.72,0
C0765,Madrid,0.908,2,4.83,4.44,1,2.49,38.21,0
C0766,Sevilla,0.714,3,16.0,9.07,2,5.1,38.82,0
C0767,Sevilla,0.722,3,8.23,5.91,1,5.05,36.94,1
C0768,Bilbao,0.566,3,24.98,8.54,2,6.69,39.14,1
C0769,Coruna,0.633,8,14.92,11.17,0,4.19,46.93,1
C0770,Sevilla,0.701,4,9.67,9.68,1,5.05,29.06,0
C0771,Bilbao,0.452,8,31.76,14.24,5,8.23,41.88,1
C0772,Valencia,0.795,1,5.02,5.24,0,2.08,44.98,0
C0773,Barcelona,0.797,2,0.62,2.59,2,3.35,35.89,0
C0774,Barcelona,0.914,1,1.42,2.98,1,4.52,35.81,0
C0775,Barcelona,0.858,4,8.81,7.34,4,7.03,38.08,0
C0776,Barcelona,0.796,5,10.82,5.79,5,7.26,40.93,1
C0777,Valencia,0.936,0,5.02,0.5,0,3.18,40.69,1
C0778,Madrid,0.793,4,17.25,4.67,0,1.42,38.11,0
C0779,Barcelona,0.905,0,10.31,2.51,0,3.26,39.34,0
C0780,Valencia,0.813,4,1.59,6.89,2,2.78,28.2,0
C0781,Barcelona,0.804,1,7.34,4.85,1,1.57,59.38,1
C0782,Valencia,0.823,0,5.54,5.65,0,2.7,36.83,0
C0783,Sevilla,0.757,3,12.73,6.7,2,4.51,34.76,0
C0784,Barcelona,0.803,3,19.53,5.38,1,3.97,49.92,0
C0785,Bilbao,0.571,2,11.52,10.23,3,5.26,48.76,1
C0786,Madrid,0.901,4,0.0,5.29,2,4.98,38.08,0
C0787,Coruna,0.394,5,28.82,12.6,7,6.6,38.01,1
C0788,Barcelona,0.805,2,13.87,5.96,2,2.87,47.78,0
C0789,Bilbao,0.61,5,17.93,9.91,6,7.7,41.32,1
C0790,Sevilla,0.724,6,20.13,11.42,4,5.47,44.7,0
C0791,Sevilla,0.669,4,17.55,8.41,5,7.9,39.64,1
C0792,Barcelona,0.853,2,9.97,4.12,1,2.2,40.61,0
C0793,Valencia,0.811,2,6.14,4.8,1,2.96,49.28,0
C0794,Valencia,0.782,1,14.82,6.01,1,2.6,38.07,0
C0795,Sevilla,0.632,4,13.43,8.21,0,2.37,33.08,0
C0796,Valencia,0.764,1,5.15,4.72,0,2.43,29.46,0
C0797,Madrid,0.862,3,18.19,3.73,2,3.7,50.7,0
C0798,Bilbao,0.579,5,22.53,10.13,3,5.48,35.84,1
C0799,Valencia,0.767,1,11.67,7.19,3,5.1,43.68,0
C0800,Barcelona,0.725,3,16.5,5.85,3,4.88,40.42,1
C0801,Madrid,0.953,1,1.86,2.11,0,2.29,29.47,0
C0802,Valencia,0.918,3,7.75,4.49,2,3.13,37.26,1
C0803,Coruna,0.503,7,37.0,13.94,5,6.57,36.6,0
C0804,Barcelona,0.895,1,5.51,5.8,3,3.82,46.47,0
C0805,Madrid,0.928,0,15.75,2.38,2,3.28,43.25,0
C0806,Madrid,0.828,2,5.91,3.66,3,5.12,40.12,0
C0807,Barcelona,0.802,2,22.3,4.71,4,3.86,58.19,0
C0808,Barcelona,0.848,2,13.61,3.78,2,4.44,40.12,0
C0809,Coruna,0.445,4,36.54,11.99,2,5.61,31.85,1
C0810,Bilbao,0.507,5,25.28,10.94,3,5.07,44.62,1
C0811,Madrid,0.758,2,13.38,5.96,0,3.46,59.51,0
C0812,Madrid,0.916,1,0.0,6.32,0,3.53,59.73,0
C0813,Madrid,0.944,0,9.8,3.78,1,1.22,43.81,0
C0814,Madrid,0.854,4,6.67,7.17,2,4.2,46.04,0
C0815,Sevilla,0.508,8,16.84,12.32,3,5.95,34.6,0
C0816,Madrid,0.97,0,11.66,1.18,1,1.85,37.52,0
C0817,Valencia,0.808,2,6.28,8.42,2,4.6,42.17,1
C0818,Madrid,0.921,2,16.55,2.73,3,5.34,38.98,1
C0819,Sevilla,0.646,1,26.66,7.36,2,6.31,45.6,1
C0820,Sevilla,0.709,3,19.82,6.81,3,4.84,40.08,0
C0821,Barcelona,0.894,2,2.24,3.72,1,3.33,45.09,0
C0822,Madrid,0.909,1,0.0,2.51,1,3.87,42.47,0
C0823,Madrid,0.84,2,5.64,1.15,3,4.89,44.44,0
C0824,Madrid,0.898,2,7.83,2.7,4,5.77,29.1,1
C0825,Valencia,0.783,2,10.58,6.09,0,2.24,50.3,0
C0826,Bilbao,0.386,6,31.93,11.36,5,5.22,34.71,0
C0827,Sevilla,0.519,7,35.54,11.71,6,8.37,39.37,1
C0828,Barcelona,0.738,2,15.86,6.72,1,3.13,36.29,0
C0829,Coruna,0.622,3,17.67,6.27,2,4.76,47.97,1
C0830,Madrid,0.872,1,13.28,4.33,1,2.28,40.26,0
C0831,Madrid,0.99,0,0.0,2.06,0,1.89,56.31,1
C0832,Sevilla,0.654,4,16.14,11.26,3,4.82,45.23,1
C0833,Sevilla,0.712,7,10.37,10.05,7,10.0,52.77,1
C0834,Barcelona,0.895,1,17.09,4.19,2,4.37,51.0,0
C0835,Madrid,0.879,3,4.35,6.25,3,4.61,33.08,0
C0836,Sevilla,0.696,7,15.98,9.33,4,7.3,52.54,1
C0837,Sevilla,0.586,7,22.32,9.09,9,10.0,46.74,1
C0838,Barcelona,0.859,1,2.87,2.77,1,3.86,34.65,1
C0839,Bilbao,0.523,4,20.39,9.66,6,7.06,25.0,0
C0840,Madrid,0.883,2,5.91,5.43,1,4.58,33.01,0
C0841,Bilbao,0.595,9,23.58,12.86,6,7.62,39.19,0
C0842,Sevilla,0.676,4,17.27,8.09,6,8.7,33.56,1
C0843,Valencia,0.68,7,5.58,10.82,1,1.69,44.89,0
C0844,Valencia,0.757,6,10.6,8.54,6,6.84,44.21,1
C0845,Valencia,0.753,5,5.38,9.41,3,5.75,49.55,1
C0846,Bilbao,0.521,4,22.81,11.54,3,4.14,44.43,0
C0847,Madrid,0.943,3,8.85,5.18,3,4.21,52.47,1
C0848,Sevilla,0.72,4,14.52,9.6,9,9.48,29.77,1
C0849,Valencia,0.73,7,18.87,10.86,11,10.0,44.83,1
C0850,Sevilla,0.667,8,17.17,10.45,3,5.34,43.69,0
C0851,Valencia,0.772,1,21.87,6.47,3,3.95,48.51,1
C0852,Sevilla,0.698,8,9.75,11.88,2,5.1,48.77,0
C0853,Bilbao,0.571,5,28.43,10.57,5,6.92,35.71,1
C0854,Sevilla,0.583,4,24.09,6.74,3,4.25,53.27,0
C0855,Madrid,0.915,1,1.68,4.55,1,2.74,52.9,1
C0856,Madrid,0.818,1,1.43,4.67,0,2.11,42.15,0
C0857,Valencia,0.788,4,5.18,7.35,3,5.72,49.84,1
C0858,Barcelona,0.811,0,10.69,3.06,0,2.68,41.44,0
C0859,Madrid,0.919,1,16.15,5.08,2,4.0,42.63,0
C0860,Madrid,0.905,1,5.27,3.22,0,2.54,45.5,0
C0861,Madrid,0.844,4,16.89,6.1,2,3.68,50.48,0
C0862,Barcelona,0.886,4,14.47,5.21,2,3.22,32.33,1
C0863,Madrid,0.799,3,0.16,5.82,1,2.5,58.78,0
C0864,Bilbao,0.541,5,29.78,11.3,3,6.34,50.28,1
C0865,Bilbao,0.573,3,14.23,8.92,1,3.47,40.72,0
C0866,Valencia,0.801,3,8.84,7.16,0,2.8,42.95,0
C0867,Barcelona,0.898,1,17.4,4.13,1,2.76,35.38,0
C0868,Barcelona,0.873,3,5.66,5.9,3,5.84,48.11,0
C0869,Sevilla,0.719,1,8.03,6.82,0,1.9,35.89,0
C0870,Madrid,0.902,2,1.68,1.46,1,3.05,38.3,0
C0871,Barcelona,0.86,4,5.99,5.97,4,5.85,47.6,1
C0872,Bilbao,0.462,3,18.75,9.78,1,3.28,36.53,1
C0873,Sevilla,0.642,5,24.65,9.69,7,8.44,45.94,1
C0874,Madrid,0.924,2,5.26,2.35,1,1.42,41.74,0
C0875,Madrid,0.689,4,23.7,10.24,1,5.6,44.82,1
C0876,Madrid,0.95,1,0.0,6.6,0,2.73,43.59,1
C0877,Valencia,0.787,1,6.23,5.27,1,3.59,53.22,1
C0878,Madrid,0.905,0,10.07,1.6,1,1.97,47.62,0
C0879,Madrid,0.897,2,4.46,6.3,1,2.51,35.56,0
C0880,Madrid,0.83,1,0.0,5.05,2,5.26,37.82,0
C0881,Coruna,0.465,5,19.0,11.54,4,7.47,47.14,0
C0882,Barcelona,0.988,3,7.36,7.04,0,1.96,30.22,0
C0883,Madrid,0.832,5,8.45,7.05,2,5.18,39.98,1
C0884,Madrid,0.942,4,9.19,5.3,1,2.4,52.32,0
C0885,Valencia,0.758,2,5.84,8.12,1,4.87,53.07,1
C0886,Sevilla,0.587,13,29.75,16.62,5,6.21,57.44,1
C0887,Madrid,0.947,1,16.99,2.33,0,2.54,34.57,0
C0888,Barcelona,0.784,5,20.93,7.45,4,5.73,46.3,0
C0889,Madrid,0.956,1,3.93,3.19,0,1.08,45.69,0
C0890,Valencia,0.776,1,12.41,3.67,2,4.03,46.37,0
C0891,Bilbao,0.624,7,24.76,12.48,3,6.02,59.93,1
C0892,Bilbao,0.588,4,20.73,8.4,3,5.25,54.35,1
C0893,Bilbao,0.557,8,29.09,9.38,8,8.93,32.72,1
C0894,Madrid,0.954,1,3.25,1.45,1,1.58,49.8,0
C0895,Bilbao,0.595,4,26.95,8.92,2,5.04,41.68,0
C0896,Sevilla,0.63,4,22.38,7.81,0,2.77,31.97,0
C0897,Valencia,0.76,5,9.13,7.82,2,4.97,45.02,0
C0898,Sevilla,0.631,2,16.14,7.86,1,2.64,27.18,0
C0899,Madrid,0.857,2,0.0,6.23,3,5.47,53.1,1
C0900,Madrid,0.985,1,1.16,3.4,0,2.94,50.1,1
