event_timestamp,region,avg_download_mbps,avg_upload_mbps,avg_latency_ms,packet_loss_pct,active_users
2025-10-25T19:00:00,Valencia,278.5,35.6,26.7,0.047,1764
2025-10-28T09:00:00,Barcelona ,378.6,44.2,24.7,0.056,1602
2025-10-26T17:00:00,Valencia,398.9,53.2,21.5,0.068,1165
2025-10-31T15:00:00,Barcelona,469.5,53.7,20.8,0.043,1331
2025-10-25T11:00:00,Zaragoza,284.1,31.1,27.3,0.106,1505
2025-10-25T05:00:00,Sevilla,428.9,55.3,18.0,0.123,1069
2025-10-31T22:00:00,Valencia,251.6,27.0,26.0,0.207,1894
2025-10-27T09:00:00,Barcelona,365.3,46.6,,0.137,1659
2025-10-28T17:00:00,Sevilla,382.8,49.1,15.0,0.07,1244
2025-10-28T00:00:00,Madrid,472.6,61.7,21.9,0.07,1277
2025-10-31T09:00:00,VALENCIA,298.3,37.7,28.0,0.112,1622
2025-10-25T12:00:00,Bilbao,448.6,54.1,17.0,0.097,1288
2025-10-31T10:00:00,Valencia,332.1,38.5,29.1,0.137,1660
2025-10-27T10:00:00,Valencia,336.6,46.3,26.4,0.019,1532
2025-10-28T18:00:00,Madrid,485.3,60.0,21.1,0.08,1142
2025-10-26T11:00:00,Sevilla,297.2,34.8,22.9,0.022,1633
2025-10-29T23:00:00,Madrid,298.3,39.5,28.7,0.203,1758
2025-10-25T22:00:00,Madrid,331.6,37.2,30.1,0.061,1814
2025-10-28T04:00:00,Bilbao,456.7,56.9,16.0,0.025,1268
2025-10-26T08:00:00,Barcelona,452.0,56.1,18.1,0.139,1203
2025-10-30T11:00:00,Valencia,340.4,40.3,29.3,4.24,1632
2025-10-25T17:00:00,Sevilla,437.8,50.7,20.7,0.015,1215
2025-10-27T23:00:00,Zaragoza,268.7,32.2,26.8,3.04,1740
2025-10-30T20:00:00,Sevilla,270.1,28.9,27.8,0.063,1860
2025-10-31T20:00:00,Valencia,294.9,38.3,25.8,0.072,1905
2025-10-30T05:00:00,Zaragoza,424.8,48.1,17.7,0.084,1211
2025-10-28T07:00:00,Sevilla,386.5,44.1,17.9,0.012,1277
2025-10-29T04:00:00,Madrid,495.8,63.7,15.9,0.124,1312
2025-10-31T19:00:00,Madrid,344.5,46.4,24.6,0.049,1905
2025-10-25T16:00:00,Madrid ,493.2,60.3,15.7,0.117,1333
2025-10-27T13:00:00,Barcelona,459.2,56.2,23.6,0.073,1318
2025-10-26T08:00:00,Valencia,429.7,51.8,15.4,0.023,1317
2025-10-25T21:00:00,zaragoza,257.7,30.4,30.0,0.166,1672
2025-10-30T15:00:00,Madrid ,470.7,60.5,15.7,0.096,1341
2025-10-31T08:00:00,Madrid,-502.1,57.8,23.4,0.045,1273
2025-10-25T17:00:00,Bilbao,457.9,61.7,21.2,0.104,1202
2025-10-26T04:00:00,Bilbao,411.9,53.4,23.3,0.125,1342
2025-10-30T03:00:00,Bilbao,-462.4,56.6,21.3,0.093,1093
2025-10-31T20:00:00,Barcelona,304.2,34.8,31.9,0.017,1665
2025-10-28T14:00:00, Sevilla ,-409.6,51.9,17.9,0.093,1348
2025-10-30T18:00:00,Sevilla,412.7,53.3,17.8,0.049,1099
2025-10-30T01:00:00,Barcelona,440.1,52.2,21.3,0.109,1301
2025-10-30T07:00:00,Bilbao,423.5,48.7,16.2,0.032,1287
2025-10-29T18:00:00, Zaragoza ,379.5,49.9,15.1,0.144,1189
2025-10-28T23:00:00,Sevilla,287.2,33.7,27.6,0.045,1797
2025-10-31T22:00:00,Bilbao,294.2,41.1,30.9,0.087,1758
2025-10-31T07:00:00,Barcelona,484.1,56.9,15.8,0.14,1228
2025-10-30T11:00:00,Sevilla,287.0,40.1,24.0,0.165,1481
2025-10-27T00:00:00,Bilbao,419.2,52.6,19.3,0.025,1315
2025-10-26T21:00:00,Madrid,311.7,39.1,31.9,0.182,1778
2025-10-30T02:00:00,Valencia,449.1,59.1,21.0,0.03,1057
2025-10-29T13:00:00,sevilla,395.5,47.6,18.5,0.077,1153
2025-10-29T12:00:00, Barcelona ,443.0,54.2,23.9,0.019,1251
2025-10-27T03:00:00,Bilbao,435.8,58.6,22.0,0.12,1346
2025-10-26T16:00:00,Valencia,426.1,49.4,19.0,0.036,1109
2025-10-29T15:00:00,Valencia,406.4,51.0,17.4,0.027,1180
2025-10-27T20:00:00,Bilbao,290.6,37.9,27.4,0.17,1934
2025-10-31T14:00:00,Valencia,417.0,49.6,23.2,0.099,1262
2025-10-31T21:00:00,Zaragoza,238.3,25.7,25.7,0.216,1808
2025-10-31T10:00:00,Bilbao,355.1,47.1,29.3,0.183,1710
2025-10-29T20:00:00,Madrid,292.3,36.7,28.4,0.18,1746
2025-10-29T02:00:00,Bilbao,465.8,61.0,15.6,0.066,1299
2025-10-31T11:00:00,madrid,394.8,49.9,24.5,0.121,1533
2025-10-26T13:00:00,Sevilla,399.3,47.4,17.7,0.041,1226
2025-10-27T00:00:00,zaragoza,418.6,56.5,20.5,0.127,1050
2025-10-27T18:00:00,MADRID,489.4,57.4,22.8,0.079,1159
2025-10-31T17:00:00,Bilbao,426.6,57.6,20.7,0.103,1184
2025-10-31T14:00:00,Sevilla,380.8,47.7,18.4,0.033,1142
2025-10-26T06:00:00,Barcelona,475.0,56.7,18.1,0.071,1271
2025-10-25T07:00:00,Sevilla,99999.0,45.2,16.5,0.129,1130
2025-10-25T23:00:00,Zaragoza,253.3,32.1,26.5,0.04,1779
2025-10-25T16:00:00,Bilbao,-413.0,49.6,22.7,0.044,1310
2025-10-28T05:00:00,Valencia,406.0,47.4,17.5,0.092,1165
2025-10-27T19:00:00,Valencia,260.1,34.0,32.7,0.212,1853
2025-10-27T13:00:00,Sevilla,438.6,58.1,,0.113,1340
2025-10-25T22:00:00,Sevilla,297.9,41.7,25.6,0.048,1692
2025-10-31T14:00:00,Barcelona,482.5,64.1,22.1,0.047,1343
2025-10-28T16:00:00,Zaragoza,391.3,50.2,15.8,0.086,1255
2025-10-25T06:00:00,VALENCIA,423.0,51.1,16.1,0.091,1139
2025-10-27T22:00:00,Barcelona,301.2,35.3,25.5,0.08,1679
2025-10-31T22:00:00,Sevilla,289.2,37.6,24.5,0.081,1779
2025-10-25T04:00:00,Madrid,479.2,56.5,19.4,0.128,1237
2025-10-31T01:00:00,Barcelona,466.1,58.9,21.3,0.092,1259
2025-10-28T21:00:00,Madrid,315.3,41.5,24.8,0.032,1774
2025-10-31T07:00:00,Bilbao,429.7,49.5,23.9,0.076,1082
2025-10-31T05:00:00,Madrid,477.9,60.8,15.9,0.083,1227
2025-10-30T06:00:00,Bilbao,416.8,54.9,21.0,0.109,1294
2025-10-25T21:00:00,Valencia,285.7,38.4,24.1,1.16,1743
2025-10-27T03:00:00,Bilbao,435.8,58.6,22.0,0.12,1346
2025-10-26T21:00:00,Zaragoza,255.4,29.1,29.6,0.134,1691
2025-10-26T06:00:00,Sevilla,419.3,56.3,24.0,0.027,1349
2025-10-31T08:00:00,Valencia,447.1,51.1,22.4,0.016,1206
2025-10-29T09:00:00,Zaragoza,294.1,36.7,23.1,0.143,1595
2025-10-29T14:00:00,MADRID,480.9,62.7,21.4,0.036,1333
2025-10-27T21:00:00,Barcelona,297.9,38.1,26.8,0.145,1680
2025-10-26T11:00:00,Valencia,307.4,41.1,26.2,0.194,1544
2025-10-30T03:00:00, Zaragoza ,374.0,45.5,,0.096,1074
2025-10-28T18:00:00,Zaragoza,375.1,44.7,19.7,0.124,1321
2025-10-25T07:00:00,Valencia,446.8,52.6,15.4,0.021,1117
2025-10-26T10:00:00,Barcelona,375.0,47.4,29.1,0.122,1542
2025-10-28T01:00:00,Madrid,476.7,61.1,23.3,0.055,1292
2025-10-26T09:00:00,Madrid,386.9,52.3,28.8,0.146,1664
2025-10-30T14:00:00,Barcelona,441.0,51.2,23.6,0.037,1070
2025-10-31T01:00:00,Zaragoza,388.9,49.5,23.5,0.148,1270
2025-10-28T02:00:00,Valencia,395.4,47.1,15.8,0.02,1308
2025-10-27T05:00:00,Bilbao,460.8,62.2,23.1,0.134,1125
2025-10-25T20:00:00,Bilbao,278.8,31.9,28.2,0.119,1949
2025-10-30T12:00:00,Barcelona ,474.7,62.6,17.3,0.142,1102
2025-10-27T19:00:00,Zaragoza,265.1,29.0,31.3,0.081,1847
2025-10-29T17:00:00,Sevilla,436.3,54.0,23.7,0.104,1264
2025-10-27T22:00:00,Valencia,294.9,38.9,32.2,0.035,1716
2025-10-30T05:00:00,Valencia,428.0,56.7,20.0,0.072,1111
2025-10-31T19:00:00, Zaragoza ,281.3,34.3,27.8,0.103,1653
2025-10-27T05:00:00,Sevilla,99999.0,52.8,22.4,0.147,1059
2025-10-29T21:00:00,Valencia,288.2,40.1,28.1,0.177,1662
2025-10-28T18:00:00,Bilbao,448.2,55.9,20.4,0.061,1157
2025-10-29T00:00:00,Bilbao,464.5,58.8,18.3,0.048,1113
2025-10-25T02:00:00,Barcelona,489.4,60.4,17.5,4.56,1167
2025-10-28T05:00:00,Zaragoza,-408.1,52.4,18.5,0.069,1300
2025-10-31T07:00:00, Zaragoza ,385.8,52.7,23.0,0.112,1195
2025-10-29T16:00:00,bilbao,416.3,51.9,19.9,0.069,1054
2025-10-27T05:00:00,Madrid,496.5,66.3,19.7,0.115,1248
2025-10-26T20:00:00,Valencia,-265.7,29.9,31.8,0.203,1846
2025-10-27T12:00:00,Sevilla,406.2,49.2,22.6,0.062,1099
2025-10-26T19:00:00,Sevilla,260.6,30.7,24.1,0.141,1844
2025-10-27T19:00:00,Sevilla,295.5,37.5,31.9,0.089,1872
2025-10-29T02:00:00,Zaragoza,391.3,48.6,20.3,0.032,1136
2025-10-30T06:00:00,Valencia,432.5,58.5,16.6,0.138,1139
2025-10-28T05:00:00,Sevilla,411.6,56.4,19.9,0.112,1203
2025-10-28T08:00:00, Sevilla ,417.7,51.5,23.5,0.127,1196
2025-10-29T12:00:00,Sevilla,438.9,52.3,15.6,0.101,1163
2025-10-27T02:00:00,Valencia,422.6,54.1,15.9,0.084,1097
2025-10-26T06:00:00,Zaragoza,385.0,44.1,23.1,0.058,1099
2025-10-25T06:00:00,Barcelona,476.4,61.8,19.7,0.072,1319
2025-10-25T06:00:00,Zaragoza,395.4,46.2,18.6,0.019,1213
2025-10-29T11:00:00,Sevilla,306.7,37.8,28.5,0.096,1629
2025-10-28T17:00:00,Barcelona,-445.1,56.9,21.3,0.108,1276
2025-10-26T20:00:00,Barcelona,326.2,43.8,28.1,0.1,1721
2025-10-30T21:00:00,Barcelona,319.3,36.3,29.4,0.1,1783
2025-10-27T13:00:00,Valencia,438.8,50.8,23.2,0.066,1239
2025-10-29T02:00:00,Sevilla,431.6,56.2,23.4,0.031,1242
2025-10-28T08:00:00,Valencia,427.0,53.6,16.3,0.136,1129
2025-10-29T03:00:00,Valencia,390.1,50.6,21.0,0.057,1185
2025-10-29T04:00:00,Bilbao,412.9,53.8,16.4,0.096,1223
2025-10-26T07:00:00,Madrid,479.3,57.9,20.3,0.017,1304
2025-10-31T07:00:00,Sevilla ,389.2,52.2,16.5,0.043,1151
2025-10-28T23:00:00, Barcelona ,319.2,43.1,28.1,0.109,1843
2025-10-31T06:00:00,Bilbao,433.2,55.3,21.6,4.44,1118
2025-10-31T11:00:00,Sevilla,292.7,33.2,22.6,0.085,1690
2025-10-25T15:00:00,Madrid,503.5,67.1,,0.119,1266
2025-10-27T21:00:00,Zaragoza,296.6,41.8,27.0,0.109,1945
2025-10-30T01:00:00,Bilbao,433.9,50.6,17.6,0.135,1120
2025-10-31T07:00:00,Valencia,447.2,54.8,22.9,0.075,1297
2025-10-25T05:00:00,Zaragoza,395.3,48.9,22.7,0.148,1206
2025-10-28T06:00:00,Bilbao,451.8,60.5,16.5,0.071,1186
2025-10-30T06:00:00,Madrid,499.4,64.2,22.2,0.018,1271
2025-10-29T21:00:00,Zaragoza,293.1,37.9,29.0,0.023,1747
2025-10-27T18:00:00,Valencia,418.9,56.9,16.9,0.107,1191
2025-10-28T12:00:00, Barcelona ,443.5,56.6,17.1,0.073,1161
2025-10-30T05:00:00,Madrid,469.0,60.4,22.5,0.117,1316
2025-10-30T04:00:00,Barcelona,450.8,56.3,23.5,0.102,1279
2025-10-26T08:00:00,Zaragoza ,389.9,46.5,18.7,0.144,1289
2025-10-25T12:00:00,Barcelona,431.5,56.0,22.8,0.09,1308
2025-10-30T00:00:00,Bilbao,458.9,55.5,22.3,0.107,1221
2025-10-27T16:00:00,Zaragoza,398.4,52.7,,0.092,1164
2025-10-29T13:00:00,Valencia,431.1,53.8,15.2,0.027,1349
2025-10-25T08:00:00,Barcelona,444.9,59.7,19.4,0.035,1183
2025-10-26T16:00:00,Barcelona,473.7,58.9,19.8,3.6,1150
2025-10-26T13:00:00,MADRID,465.7,56.0,21.2,0.03,1128
2025-10-28T20:00:00,BARCELONA,285.4,35.3,,0.136,1658
2025-10-31T16:00:00,Barcelona,476.7,59.6,16.4,0.049,1296
2025-10-30T22:00:00,Sevilla ,262.5,32.7,31.6,0.212,1735
2025-10-28T00:00:00,Valencia,449.2,60.0,21.2,0.1,1094
2025-10-25T04:00:00,Valencia ,404.3,54.3,17.0,0.134,1220
2025-10-28T01:00:00,Zaragoza,389.2,44.6,22.5,0.133,1330
2025-10-29T14:00:00,Sevilla,434.8,53.8,17.9,0.018,1081
2025-10-30T06:00:00,Zaragoza,406.4,46.4,18.9,0.089,1265
2025-10-31T14:00:00,Zaragoza,379.2,49.8,21.3,0.117,1346
2025-10-31T04:00:00, Bilbao ,459.1,60.4,21.5,0.038,1123
2025-10-26T09:00:00,Barcelona,378.8,42.9,22.9,0.135,1596
2025-10-30T21:00:00,Madrid,300.7,36.9,30.4,0.189,1889
2025-10-29T13:00:00,Zaragoza,420.6,51.7,18.7,0.121,1202
2025-10-25T05:00:00,Barcelona,477.6,55.6,18.5,0.113,1066
2025-10-30T19:00:00,Madrid,300.8,33.6,31.0,0.146,1743
2025-10-28T06:00:00,Zaragoza,402.6,49.0,22.0,0.078,1305
2025-10-29T08:00:00,Sevilla,438.8,57.4,16.3,0.101,1093
2025-10-29T09:00:00,Madrid,339.9,41.9,27.7,0.192,1546
2025-10-26T01:00:00,Valencia,446.2,59.0,19.9,0.108,1113
2025-10-29T19:00:00,Zaragoza,262.5,34.3,28.3,0.063,1675
2025-10-26T14:00:00,Bilbao,425.7,55.9,21.9,0.125,1302
2025-10-25T02:00:00,Valencia,403.1,47.2,15.8,0.018,1087
2025-10-25T02:00:00,Sevilla,-431.3,51.3,17.7,0.084,1164
2025-10-30T05:00:00,Sevilla,402.1,49.9,22.7,0.123,1289
2025-10-30T17:00:00, Sevilla ,436.8,54.4,17.5,0.038,1338
2025-10-27T21:00:00,bilbao,283.5,38.3,24.2,0.21,1762
2025-10-28T11:00:00,Madrid,99999.0,47.7,27.5,0.193,1511
2025-10-25T11:00:00,Valencia,294.3,39.4,26.6,0.155,1631
2025-10-29T16:00:00,Sevilla,426.6,51.6,22.3,0.139,1170
2025-10-30T13:00:00,Sevilla,99999.0,55.9,21.9,0.079,1192
2025-10-28T01:00:00,Valencia,395.6,46.3,16.2,0.024,1156
2025-10-27T12:00:00,Barcelona,473.6,63.9,19.9,0.124,1162
2025-10-29T21:00:00,Bilbao,293.3,40.4,28.8,0.11,1873
2025-10-31T12:00:00, Zaragoza ,423.8,50.4,23.8,0.101,1075
2025-10-30T00:00:00,Sevilla,421.5,49.3,18.1,0.145,1332
2025-10-25T10:00:00,Sevilla,341.9,40.7,24.6,0.108,1694
2025-10-31T00:00:00,Bilbao,452.2,54.4,18.2,0.12,1119
2025-10-26T01:00:00,Barcelona,453.6,59.0,16.4,0.106,1121
2025-10-31T01:00:00,Madrid,501.8,66.2,22.8,0.07,1202
2025-10-26T15:00:00,Valencia,418.3,55.6,17.3,0.094,1167
2025-10-25T07:00:00,Madrid,494.3,63.7,15.9,0.063,1112
2025-10-27T02:00:00,Barcelona,465.2,61.9,20.9,0.058,1188
2025-10-27T07:00:00,Bilbao,467.3,55.2,22.3,0.093,1248
2025-10-27T12:00:00,Valencia,390.6,51.9,22.0,0.063,1141
2025-10-26T06:00:00,Valencia,428.1,50.4,15.9,0.096,1328
2025-10-26T13:00:00,Barcelona,466.6,62.9,19.8,0.029,1055
2025-10-30T19:00:00,Zaragoza,242.6,29.0,24.8,0.076,1896
2025-10-28T20:00:00,Bilbao,285.6,37.7,25.2,0.093,1877
2025-10-28T22:00:00,Valencia,262.8,35.4,27.4,0.041,1719
2025-10-26T22:00:00,Valencia,298.4,37.1,27.1,0.079,1924
2025-10-30T09:00:00,Zaragoza,291.4,33.6,20.7,0.18,1537
2025-10-25T18:00:00,Madrid,460.6,56.3,18.7,0.114,1131
2025-10-29T17:00:00,Zaragoza,408.6,48.3,20.2,0.106,1314
2025-10-28T05:00:00,MADRID,488.7,61.8,15.3,0.047,1176
2025-10-25T16:00:00,Sevilla,439.1,50.6,22.3,0.141,1254
2025-10-26T03:00:00,Sevilla,388.8,51.3,22.8,0.086,1166
2025-10-25T11:00:00,MADRID,347.8,39.1,20.5,0.017,1411
2025-10-30T00:00:00,Valencia,398.8,46.8,22.0,0.071,1144
2025-10-26T09:00:00,sevilla,309.1,37.5,,0.083,1616
2025-10-27T06:00:00,Bilbao,411.2,53.3,18.6,0.111,1106
2025-10-26T14:00:00,VALENCIA,409.3,55.4,15.8,0.042,1281
2025-10-29T06:00:00,Valencia,395.1,46.6,22.8,0.114,1233
2025-10-31T18:00:00,Bilbao,456.4,53.1,23.2,0.011,1311
2025-10-26T06:00:00,Madrid,450.1,52.4,19.8,0.074,1305
2025-10-26T11:00:00,Barcelona,359.1,43.7,26.1,0.03,1537
2025-10-28T06:00:00,Barcelona,437.7,59.3,19.9,0.07,1211
2025-10-25T20:00:00,Barcelona,306.2,36.8,33.0,0.198,1663
2025-10-30T12:00:00,Madrid,461.1,54.5,17.7,0.066,1328
2025-10-30T04:00:00,Zaragoza,399.7,54.5,,0.037,1106
2025-10-25T17:00:00,Zaragoza,423.0,55.5,21.9,0.146,1226
2025-10-26T23:00:00,Sevilla,269.3,38.4,27.4,0.064,1789
2025-10-29T03:00:00,Bilbao,429.9,55.5,20.2,0.11,1096
2025-10-27T11:00:00,Valencia,351.8,40.2,23.0,0.047,1503
2025-10-30T10:00:00,Valencia,333.7,41.3,26.0,0.16,1435
2025-10-31T11:00:00,Zaragoza,337.0,39.5,22.2,0.025,1461
2025-10-27T06:00:00,Valencia,434.4,56.4,15.6,0.119,1138
2025-10-28T10:00:00,Barcelona,359.7,42.1,22.7,0.051,1627
2025-10-29T08:00:00,Barcelona,99999.0,63.4,22.1,0.086,1083
2025-10-31T19:00:00,Barcelona,298.8,33.7,24.3,1.76,1940
2025-10-31T03:00:00,Valencia,416.8,53.7,20.1,0.023,1284
2025-10-29T06:00:00,Zaragoza,408.2,48.8,21.6,0.015,1176
2025-10-31T23:00:00,Madrid,332.3,39.4,29.0,0.161,1811
2025-10-31T13:00:00,Zaragoza,421.3,56.8,16.7,0.134,1325
2025-10-29T09:00:00,Barcelona,367.8,49.6,22.5,0.108,1682
2025-10-29T13:00:00,Bilbao,449.9,58.4,23.5,0.107,1285
2025-10-29T01:00:00,Barcelona,449.8,58.4,23.2,0.091,1165
2025-10-26T12:00:00,Sevilla,390.0,47.9,24.0,0.064,1124
2025-10-26T01:00:00,Madrid,474.1,64.0,19.7,0.066,1246
2025-10-30T19:00:00, Valencia ,279.2,33.4,30.0,7.6,1764
2025-10-30T18:00:00,Bilbao,468.5,61.8,20.2,4.08,1307
2025-10-29T10:00:00,Bilbao,350.3,47.5,25.6,0.053,1695
2025-10-27T16:00:00,Bilbao,443.2,59.4,20.7,0.07,1153
2025-10-26T00:00:00,Zaragoza,405.7,47.9,,0.145,1295
2025-10-26T01:00:00,Sevilla ,411.5,51.6,16.8,0.118,1112
2025-10-30T13:00:00,Barcelona,449.5,60.7,15.7,0.026,1174
2025-10-25T03:00:00,Barcelona,457.0,60.2,18.8,0.021,1316
2025-10-28T12:00:00,Valencia,408.0,53.9,17.8,0.136,1190
2025-10-30T08:00:00, Bilbao ,445.1,56.6,19.0,0.046,1306
2025-10-27T03:00:00,Madrid,452.1,59.0,23.1,0.072,1241
2025-10-29T20:00:00,Bilbao,281.2,32.1,31.3,0.082,1858
2025-10-31T22:00:00,Barcelona,278.3,36.7,24.5,0.085,1883
2025-10-26T10:00:00,Sevilla,290.8,34.4,27.2,0.137,1678
2025-10-25T22:00:00,Barcelona,313.6,37.8,30.2,0.045,1884
2025-10-29T21:00:00,Barcelona,324.6,39.5,29.6,0.163,1671
2025-10-29T15:00:00,Zaragoza,417.4,55.0,17.3,0.041,1198
2025-10-30T20:00:00,Bilbao,321.4,41.0,32.4,0.129,1706
2025-10-27T09:00:00,Sevilla,295.8,37.3,21.8,0.114,1456
2025-10-26T21:00:00,Sevilla,246.4,34.6,27.5,0.092,1788
2025-10-29T19:00:00,Barcelona,316.3,42.0,27.8,0.044,1856
2025-10-27T16:00:00,VALENCIA,392.3,46.9,23.6,0.055,1288
2025-10-29T23:00:00,Valencia,254.2,31.1,32.7,0.22,1697
2025-10-30T13:00:00,Bilbao,437.2,52.8,20.6,0.017,1298
2025-10-27T23:00:00,Valencia,304.2,42.1,31.6,0.108,1855
2025-10-27T02:00:00,Sevilla,422.6,49.2,19.4,0.105,1228
2025-10-25T09:00:00,Barcelona,381.0,49.7,22.0,0.04,1570
2025-10-25T19:00:00,Bilbao,304.4,41.0,30.4,0.187,1822
2025-10-31T19:00:00,Sevilla,250.3,29.7,28.7,0.029,1881
2025-10-27T11:00:00,Barcelona,368.7,49.4,20.9,0.148,1488
2025-10-29T11:00:00,BARCELONA,333.5,37.1,26.7,0.018,1586
2025-10-29T15:00:00,Barcelona,478.8,64.3,15.3,0.021,1339
2025-10-26T14:00:00,Zaragoza,426.2,58.2,19.0,0.042,1282
2025-10-25T07:00:00,Barcelona,455.9,58.7,19.5,0.14,1272
2025-10-26T00:00:00,Barcelona,454.8,55.9,18.3,0.037,1328
2025-10-28T20:00:00,Madrid,333.5,45.3,30.1,0.075,1677
2025-10-28T04:00:00,Sevilla,438.0,51.0,19.6,0.013,1247
2025-10-28T07:00:00,Valencia,443.3,51.4,21.9,0.142,1166
2025-10-25T00:00:00,Zaragoza,408.4,55.5,17.0,0.101,1209
2025-10-25T21:00:00,Sevilla,300.8,35.5,27.1,0.214,1721
2025-10-29T19:00:00,Sevilla,257.9,32.5,25.3,0.108,1767
2025-10-30T07:00:00,Madrid,509.1,67.7,17.9,0.117,1157
2025-10-28T15:00:00, Valencia ,422.1,48.6,,0.129,1110
2025-10-26T08:00:00,Madrid,485.6,60.7,17.7,0.08,1141
2025-10-31T08:00:00,Barcelona,472.0,54.9,18.6,0.149,1279
2025-10-25T20:00:00,Valencia,307.7,37.3,31.9,0.214,1807
2025-10-27T04:00:00,Madrid,502.8,58.3,17.6,0.026,1066
2025-10-28T20:00:00,Sevilla,253.6,28.7,31.9,0.041,1937
2025-10-25T11:00:00,Sevilla,318.0,43.9,27.4,0.057,1606
2025-10-25T14:00:00,Bilbao,411.0,48.3,15.6,0.127,1173
2025-10-26T23:00:00,Valencia,301.9,40.9,27.1,0.187,1783
2025-10-30T14:00:00,Zaragoza,387.2,52.2,24.0,0.06,1051
2025-10-25T03:00:00,Zaragoza,399.4,49.5,21.2,0.086,1111
2025-10-27T14:00:00,Madrid,461.7,56.4,21.5,0.039,1331
2025-10-30T12:00:00,Bilbao,417.2,53.1,15.8,0.117,1179
2025-10-28T18:00:00,Sevilla,432.9,49.3,15.9,0.037,1130
2025-10-30T08:00:00,sevilla,397.3,53.1,23.3,0.112,1195
2025-10-28T22:00:00,Sevilla,284.0,38.0,28.0,0.068,1735
2025-10-29T11:00:00,Zaragoza,317.9,42.0,21.2,0.075,1556
2025-10-30T01:00:00,Madrid,482.5,61.2,21.5,0.042,1285
2025-10-30T02:00:00,Bilbao,99999.0,58.3,17.1,0.128,1160
2025-10-30T05:00:00,Barcelona,486.9,63.8,23.4,0.027,1199
2025-10-27T19:00:00,Bilbao,304.7,34.0,25.7,0.145,1663
2025-10-26T05:00:00,Barcelona,465.5,59.5,16.5,0.107,1056
2025-10-26T10:00:00,Valencia,294.0,36.8,28.2,0.038,1682
2025-10-31T23:00:00,Sevilla,282.9,40.3,24.7,0.122,1944
2025-10-26T10:00:00,Zaragoza,329.9,41.7,24.6,0.065,1580
2025-10-31T17:00:00,Valencia,401.4,54.1,19.7,0.049,1272
2025-10-28T07:00:00,Madrid,477.1,57.8,19.4,0.086,1070
2025-10-27T20:00:00,Zaragoza,286.4,32.7,31.2,0.154,1683
2025-10-29T12:00:00,Madrid,487.5,61.6,20.9,0.013,1282
2025-10-25T13:00:00,Madrid,490.1,59.3,18.2,0.122,1235
2025-10-25T23:00:00,Sevilla,281.7,39.7,29.0,0.197,1679
2025-10-27T04:00:00,Sevilla,414.8,51.6,17.0,0.105,1276
2025-10-26T05:00:00,Bilbao,455.6,59.3,23.2,0.066,1137
2025-10-31T06:00:00,MADRID,466.8,60.7,18.6,0.118,1128
2025-10-29T02:00:00, Valencia ,432.1,55.0,18.7,0.017,1279
2025-10-30T16:00:00,Zaragoza,376.7,43.6,20.9,0.04,1092
2025-10-30T09:00:00,Valencia,328.8,40.0,27.0,0.107,1437
2025-10-28T17:00:00,Valencia,421.7,49.2,16.3,0.125,1167
2025-10-25T13:00:00,Zaragoza,409.3,49.1,23.5,0.032,1223
2025-10-27T00:00:00,Valencia,433.2,56.1,,0.138,1078
2025-10-26T18:00:00,Barcelona,438.9,57.8,18.5,0.119,1051
2025-10-31T01:00:00,Valencia,409.4,51.6,20.5,0.058,1289
2025-10-31T10:00:00,Sevilla,341.5,39.3,23.9,0.194,1669
2025-10-28T00:00:00,Zaragoza,413.8,50.2,17.7,0.123,1209
2025-10-30T13:00:00,Zaragoza,420.6,53.7,20.7,0.44,1324
2025-10-31T06:00:00,Sevilla,398.7,45.8,18.6,0.081,1229
2025-10-28T19:00:00,Bilbao,297.4,33.8,28.5,0.176,1696
2025-10-26T01:00:00,Bilbao,439.7,58.5,23.5,0.135,1165
2025-10-29T23:00:00,Bilbao,289.9,39.8,25.4,0.066,1761
2025-10-25T21:00:00,Bilbao,293.8,35.5,32.4,0.043,1815
2025-10-30T04:00:00,Bilbao,441.1,51.9,15.6,0.026,1213
2025-10-30T22:00:00,Valencia,262.7,34.9,28.2,0.102,1947
2025-10-28T04:00:00,Valencia ,391.2,53.7,22.9,0.07,1161
2025-10-28T20:00:00,Zaragoza,267.8,31.6,27.4,0.119,1938
2025-10-31T18:00:00,Madrid,471.1,55.7,20.8,0.135,1330
2025-10-30T02:00:00,MADRID,509.7,59.0,17.2,0.024,1293
2025-10-25T18:00:00,Zaragoza,389.2,44.3,15.9,0.055,1233
2025-10-29T10:00:00,Valencia,344.5,41.7,22.5,0.191,1437
2025-10-30T12:00:00,Valencia,410.1,53.3,17.0,0.036,1210
2025-10-25T21:00:00,Barcelona,323.1,36.8,27.9,0.129,1727
2025-10-25T22:00:00,Valencia ,270.4,34.7,28.4,0.179,1921
2025-10-27T11:00:00, Bilbao ,325.6,39.9,23.0,0.048,1524
2025-10-31T13:00:00,Bilbao,460.2,61.7,21.6,0.108,1211
2025-10-27T20:00:00,Valencia,281.1,31.7,28.1,0.089,1848
2025-10-26T05:00:00,VALENCIA,409.1,53.8,21.3,0.061,1184
2025-10-26T23:00:00,Zaragoza,252.6,32.7,25.0,0.169,1714
2025-10-27T00:00:00,Sevilla,419.5,47.8,23.9,0.068,1163
2025-10-31T22:00:00,Madrid,331.2,46.0,31.4,0.084,1854
2025-10-28T19:00:00,Barcelona,315.4,40.8,26.8,0.148,1816
2025-10-25T03:00:00,Madrid ,463.4,61.8,21.6,0.056,1323
2025-10-31T03:00:00,Bilbao,-467.4,61.0,22.9,0.047,1120
2025-10-27T03:00:00,Sevilla,-405.5,54.0,19.2,0.081,1330
2025-10-30T21:00:00,Valencia,278.9,31.3,26.9,0.172,1702
2025-10-29T15:00:00,Bilbao,453.2,55.4,20.1,0.111,1301
2025-10-26T17:00:00,Sevilla,417.9,54.5,20.0,0.06,1311
2025-10-28T21:00:00,sevilla,272.1,32.9,27.6,0.11,1744
2025-10-28T15:00:00,Madrid,492.0,57.6,20.5,0.052,1110
2025-10-28T02:00:00,BARCELONA,479.8,60.9,21.5,0.08,1116
2025-10-25T05:00:00,Valencia,409.2,48.0,16.4,0.074,1076
2025-10-27T21:00:00,Sevilla,290.9,39.3,27.6,0.176,1695
2025-10-25T17:00:00,barcelona,473.2,59.8,23.6,0.077,1132
2025-10-26T03:00:00,Valencia,443.4,56.2,,0.125,1086
2025-10-26T13:00:00,Zaragoza,413.2,54.8,15.8,0.026,1253
2025-10-31T20:00:00,Sevilla,300.4,38.9,25.6,0.201,1770
2025-10-31T05:00:00,Sevilla,410.5,47.9,19.8,0.104,1324
2025-10-29T22:00:00,barcelona,-328.0,43.6,31.2,0.045,1666
2025-10-30T04:00:00,Madrid,500.3,62.5,22.7,0.092,1103
2025-10-28T16:00:00,Bilbao,426.3,55.3,21.0,0.104,1172
2025-10-28T03:00:00,Valencia,443.8,55.7,15.7,0.021,1136
2025-10-27T18:00:00,Zaragoza ,390.1,51.0,15.6,0.114,1264
2025-10-30T22:00:00,Madrid,328.0,37.5,26.7,0.137,1775
2025-10-28T11:00:00,BILBAO,358.7,48.7,27.9,0.078,1486
2025-10-28T14:00:00,Zaragoza,410.6,47.5,23.3,0.092,1097
2025-10-30T08:00:00,Barcelona,442.4,57.1,16.6,0.14,1253
2025-10-26T04:00:00,Barcelona,479.2,56.8,22.0,0.022,1229
2025-10-28T16:00:00, Sevilla ,430.5,50.6,20.6,0.085,1158
2025-10-25T13:00:00,Valencia,445.1,58.7,19.7,0.112,1060
2025-10-31T10:00:00,Barcelona,-358.4,41.0,26.9,0.064,1541
2025-10-26T01:00:00,Zaragoza,381.3,50.8,23.3,0.03,1344
2025-10-28T23:00:00,madrid,326.3,42.9,30.9,6.92,1868
2025-10-29T05:00:00,Valencia,406.9,53.6,16.7,0.087,1316
2025-10-31T20:00:00, Bilbao ,270.5,28.9,29.5,0.159,1867
2025-10-27T01:00:00,Zaragoza,397.7,46.4,17.8,0.124,1120
2025-10-26T19:00:00,Valencia,280.1,33.9,27.2,0.07,1793
2025-10-29T13:00:00,Barcelona,447.8,53.3,23.4,0.046,1151
2025-10-26T22:00:00,Madrid,318.6,38.2,26.8,0.085,1910
2025-10-30T04:00:00,Sevilla,393.6,52.1,19.6,0.149,1200
2025-10-25T02:00:00,Madrid,476.9,54.7,16.5,0.107,1249
2025-10-29T22:00:00,Bilbao,284.1,34.0,31.2,0.101,1735
2025-10-25T20:00:00,Madrid,301.0,38.6,31.7,0.032,1767
2025-10-31T20:00:00,Madrid,332.4,45.3,26.6,0.159,1733
2025-10-27T01:00:00,Barcelona,431.3,56.0,20.6,0.011,1277
2025-10-28T16:00:00,Barcelona,456.4,58.6,15.8,0.05,1327
2025-10-29T23:00:00,Zaragoza,277.7,29.7,27.5,0.083,1858
2025-10-29T18:00:00,Sevilla,435.5,57.9,16.1,0.03,1076
2025-10-30T05:00:00,Bilbao,464.1,54.0,22.9,0.068,1069
2025-10-26T19:00:00,Zaragoza,272.9,34.4,27.4,0.154,1921
2025-10-29T09:00:00,Valencia,315.7,37.4,25.4,0.133,1574
2025-10-26T18:00:00,Bilbao,417.8,56.2,23.3,0.031,1312
2025-10-29T00:00:00,Valencia,390.0,48.3,23.2,0.15,1242
2025-10-28T21:00:00,Zaragoza,290.3,40.2,32.7,0.058,1883
2025-10-28T10:00:00,Valencia,304.1,37.4,28.0,0.054,1465
2025-10-31T08:00:00,Sevilla,430.1,49.5,19.8,0.049,1221
2025-10-31T18:00:00,Zaragoza,387.8,45.5,15.3,0.094,1084
2025-10-30T23:00:00,Zaragoza,99999.0,37.8,30.3,0.222,1660
2025-10-26T16:00:00,Madrid,503.1,65.7,16.6,0.105,1275
2025-10-25T17:00:00,valencia,449.0,51.4,18.6,0.043,1079
2025-10-27T16:00:00,Barcelona,476.7,56.6,16.5,0.029,1259
2025-10-29T01:00:00,madrid,473.3,56.3,22.0,0.079,1093
2025-10-27T15:00:00,Madrid,454.0,54.1,15.2,0.043,1151
2025-10-30T16:00:00,Madrid,474.2,56.1,16.8,0.098,1285
2025-10-30T11:00:00,Zaragoza,306.0,37.4,23.0,0.185,1695
2025-10-28T15:00:00,Barcelona,462.1,52.8,17.9,0.134,1294
2025-10-31T01:00:00,Sevilla,409.3,55.4,,0.088,1236
2025-10-31T12:00:00,Barcelona,456.2,60.3,23.0,0.07,1231
2025-10-29T05:00:00,Bilbao,456.4,53.2,21.7,0.083,1253
2025-10-28T11:00:00,Sevilla,298.0,40.0,23.3,0.183,1429
2025-10-25T03:00:00,Valencia,435.1,56.4,23.4,0.144,1229
2025-10-27T06:00:00,Barcelona,465.1,60.7,17.7,0.033,1211
2025-10-27T10:00:00,Madrid,343.3,44.0,27.0,0.105,1663
2025-10-27T22:00:00,Sevilla,245.7,27.9,32.5,0.145,1779
2025-10-27T01:00:00,Valencia,392.6,52.1,21.8,0.119,1245
2025-10-25T20:00:00,Sevilla,248.7,27.6,31.2,0.08,1934
2025-10-30T14:00:00,Bilbao,441.2,53.0,20.9,0.044,1295
2025-10-26T12:00:00,Valencia,448.5,59.6,23.0,0.142,1257
2025-10-29T04:00:00,Barcelona,476.8,59.9,15.6,0.015,1331
2025-10-27T12:00:00,Bilbao,469.0,57.8,16.3,0.055,1107
2025-10-26T09:00:00,Valencia,293.9,39.7,24.2,0.064,1538
2025-10-31T23:00:00,Zaragoza,274.9,37.6,31.2,0.075,1840
2025-10-30T01:00:00,Zaragoza,379.3,49.9,15.6,0.072,1120
2025-10-31T13:00:00,Madrid,454.5,57.0,15.3,0.127,1058
2025-10-26T05:00:00,Zaragoza,392.2,45.6,19.4,0.085,1128
2025-10-27T18:00:00,Sevilla,403.1,46.5,19.6,0.131,1202
2025-10-26T10:00:00,Madrid,387.3,49.0,24.8,0.155,1629
2025-10-31T00:00:00,Valencia,405.4,47.1,19.1,0.047,1069
2025-10-27T07:00:00,Valencia,403.9,48.5,18.1,0.131,1092
2025-10-25T02:00:00,Zaragoza,371.7,44.7,19.3,0.012,1275
2025-10-31T21:00:00,Bilbao,281.9,36.9,24.3,0.082,1761
2025-10-27T04:00:00,Bilbao,412.2,49.6,18.9,0.016,1100
2025-10-28T14:00:00,Bilbao,426.8,53.7,18.0,0.065,1080
2025-10-31T20:00:00,Zaragoza,283.7,31.9,29.0,0.044,1929
2025-10-29T08:00:00,Madrid,454.9,54.0,17.8,0.034,1181
2025-10-28T21:00:00,Valencia,308.7,41.7,27.2,0.224,1671
2025-10-26T19:00:00,BARCELONA,329.8,40.3,27.8,0.124,1716
2025-10-28T17:00:00,Zaragoza ,395.2,53.6,23.4,0.08,1323
2025-10-31T02:00:00,Barcelona,477.5,59.8,22.9,0.023,1281
2025-10-26T21:00:00,Barcelona,309.5,43.2,27.0,0.029,1726
2025-10-31T00:00:00,Barcelona,465.4,56.8,19.7,0.128,1196
2025-10-31T10:00:00,Madrid,371.1,48.3,20.4,0.11,1664
2025-10-30T20:00:00,Valencia,258.0,35.3,32.5,0.151,1887
2025-10-31T16:00:00,Zaragoza,-370.7,45.7,17.5,0.087,1113
2025-10-28T13:00:00,Zaragoza,425.2,49.3,17.1,0.099,1185
2025-10-28T11:00:00,Barcelona,382.6,49.5,21.0,0.171,1615
2025-10-28T13:00:00,Barcelona,451.9,58.5,16.8,0.051,1068
2025-10-28T20:00:00,Valencia,279.3,38.2,26.7,0.064,1885
2025-10-28T22:00:00,Zaragoza,284.7,39.0,25.5,0.17,1659
2025-10-25T15:00:00,Zaragoza,410.9,49.6,16.8,0.101,1341
2025-10-28T08:00:00,Barcelona ,456.5,52.6,17.7,0.103,1227
2025-10-27T22:00:00,Valencia,294.9,38.9,32.2,0.035,1716
2025-10-26T08:00:00,Bilbao,445.4,59.0,18.4,0.071,1265
2025-10-28T19:00:00,Valencia,277.8,34.3,24.7,0.046,1826
2025-10-28T01:00:00,Sevilla,385.1,52.9,15.3,0.026,1261
2025-10-31T16:00:00,Valencia,436.7,56.6,16.5,0.146,1180
2025-10-29T03:00:00,Madrid,485.2,60.5,17.5,0.078,1141
2025-10-28T00:00:00,Sevilla,394.3,53.5,15.0,0.02,1188
2025-10-31T12:00:00,Bilbao,464.5,56.2,18.2,0.071,1320
2025-10-27T05:00:00,Barcelona,452.1,59.9,23.3,0.063,1074
2025-10-29T08:00:00,Zaragoza,409.6,48.4,17.1,0.079,1099
2025-10-31T06:00:00,Zaragoza,411.4,46.9,17.8,0.047,1120
2025-10-29T07:00:00,Sevilla,391.1,48.9,15.3,0.074,1276
2025-10-28T08:00:00,Madrid,463.3,60.7,23.7,0.045,1163
2025-10-26T22:00:00,Barcelona,309.6,41.8,28.6,0.219,1685
2025-10-25T06:00:00,Bilbao,469.6,54.3,20.9,0.017,1308
2025-10-28T06:00:00,Valencia,405.8,53.8,17.2,0.129,1056
2025-10-25T01:00:00,Sevilla,436.8,57.5,18.3,0.112,1286
2025-10-26T16:00:00,Sevilla,408.8,50.7,16.5,0.016,1262
2025-10-28T08:00:00,Valencia,427.0,53.6,16.3,0.136,1129
2025-10-25T12:00:00,Valencia,401.9,47.1,18.5,0.032,1145
2025-10-26T00:00:00,Valencia,402.7,49.3,17.8,0.069,1345
2025-10-28T13:00:00,Bilbao,464.4,62.3,18.3,0.034,1244
2025-10-26T03:00:00,Zaragoza,381.7,46.5,23.6,0.074,1196
2025-10-30T06:00:00,Barcelona,441.9,54.3,24.0,0.045,1179
2025-10-31T21:00:00,Madrid,310.8,41.7,24.3,0.142,1740
2025-10-25T15:00:00,Bilbao,444.2,52.3,15.5,0.07,1220
2025-10-28T11:00:00,Zaragoza,279.1,38.2,27.3,0.07,1586
2025-10-30T00:00:00,barcelona,446.3,57.1,23.0,0.061,1116
2025-10-28T04:00:00,Zaragoza,422.9,49.6,18.7,0.062,1322
2025-10-31T14:00:00,Madrid,481.4,64.2,17.5,0.036,1254
2025-10-26T02:00:00,Valencia,429.5,51.0,15.7,0.069,1308
2025-10-25T17:00:00,Madrid,488.6,64.1,19.2,0.11,1080
2025-10-27T09:00:00,Madrid,375.7,50.4,23.4,0.114,1609
2025-10-29T19:00:00,Valencia,266.1,36.0,24.0,0.13,1720
2025-10-31T12:00:00,Madrid,482.8,62.9,19.6,0.132,1235
2025-10-28T03:00:00,Zaragoza,409.2,55.0,,0.04,1159
2025-10-26T15:00:00,Zaragoza,426.2,52.8,15.9,0.011,1290
2025-10-27T20:00:00,Sevilla,255.9,30.7,24.8,0.18,1941
2025-10-25T18:00:00,bilbao,442.2,57.6,16.7,0.106,1168
2025-10-29T03:00:00,Zaragoza,384.7,47.0,23.0,0.041,1246
2025-10-29T10:00:00,Zaragoza,298.1,37.4,25.7,0.195,1436
2025-10-27T07:00:00,Zaragoza,403.4,54.7,,0.122,1053
2025-10-26T21:00:00,Valencia,263.3,31.0,26.8,0.098,1894
2025-10-30T13:00:00,Madrid,99999.0,53.2,20.1,0.139,1068
2025-10-29T17:00:00,Barcelona,468.8,63.0,19.8,0.122,1169
2025-10-26T22:00:00,Sevilla ,275.2,30.5,24.2,0.152,1651
2025-10-29T10:00:00,Sevilla,320.9,38.7,28.9,0.162,1508
2025-10-29T10:00:00,Madrid,99999.0,41.3,21.7,0.193,1457
2025-10-28T09:00:00,Bilbao,350.0,44.1,28.8,0.027,1554
2025-10-31T04:00:00,Sevilla,393.6,51.2,17.2,0.12,1081
2025-10-29T00:00:00,Zaragoza,375.4,44.7,20.0,0.02,1338
2025-10-26T07:00:00,Sevilla,426.6,52.9,19.8,0.045,1205
2025-10-31T17:00:00,Barcelona,476.6,63.4,21.2,0.028,1236
2025-10-28T04:00:00,madrid,457.4,53.0,19.3,0.133,1259
2025-10-31T21:00:00,Sevilla,253.2,28.4,24.8,0.207,1821
2025-10-31T09:00:00,Sevilla,317.1,39.3,27.9,0.173,1662
2025-10-26T03:00:00,madrid,503.5,58.5,18.7,0.141,1264
2025-10-25T14:00:00,Valencia ,408.0,46.5,19.4,0.016,1203
2025-10-27T09:00:00,Valencia,341.9,44.8,27.9,0.186,1613
2025-10-31T02:00:00,sevilla,401.4,46.7,17.7,0.117,1096
2025-10-31T06:00:00,Barcelona,489.9,64.3,,0.143,1184
2025-10-28T10:00:00,Madrid,341.6,47.4,23.0,0.077,1568
2025-10-25T06:00:00,Sevilla,400.1,46.2,17.4,0.142,1185
2025-10-26T19:00:00,Madrid,347.8,41.5,24.8,0.07,1862
2025-10-31T15:00:00,Barcelona,469.5,53.7,20.8,0.043,1331
2025-10-29T15:00:00,Madrid,458.5,62.0,17.3,0.107,1251
2025-10-27T01:00:00,Bilbao,442.1,51.3,17.2,0.139,1139
2025-10-27T11:00:00,Sevilla,329.6,43.3,,0.097,1558
2025-10-29T01:00:00,Sevilla,431.2,54.0,21.9,0.12,1198
2025-10-25T13:00:00,Barcelona,444.1,55.2,22.6,0.073,1182
2025-10-31T13:00:00,Barcelona,472.3,54.3,16.4,0.146,1159
2025-10-27T16:00:00,Madrid,486.7,65.1,15.7,0.101,1077
2025-10-27T18:00:00, Barcelona ,461.3,62.6,15.3,0.062,1130
2025-10-25T19:00:00,zaragoza,278.5,34.0,31.1,0.108,1874
2025-10-27T12:00:00,Madrid,458.0,53.3,22.6,0.124,1065
2025-10-29T16:00:00,valencia,444.9,60.6,23.8,0.08,1334
2025-10-27T15:00:00,Zaragoza,370.5,48.5,23.6,0.033,1273
2025-10-27T19:00:00,Sevilla,295.5,37.5,31.9,0.089,1872
2025-10-28T08:00:00,Zaragoza,379.7,45.1,23.4,0.117,1261
2025-10-28T21:00:00,Bilbao,265.2,33.3,24.5,0.202,1891
2025-10-27T13:00:00,Madrid,467.8,57.6,22.0,0.032,1292
2025-10-28T13:00:00,Sevilla,424.6,49.8,23.0,0.016,1143
2025-10-31T02:00:00,Zaragoza,405.6,51.9,15.6,0.077,1176
2025-10-26T17:00:00,Barcelona,446.5,54.6,18.9,0.09,1145
2025-10-29T20:00:00,Zaragoza,259.5,28.3,24.9,0.158,1881
2025-10-31T15:00:00,Bilbao,422.3,56.5,17.6,0.124,1106
2025-10-26T17:00:00,Madrid,484.3,57.1,15.0,0.145,1087
2025-10-31T15:00:00,Valencia,404.9,54.8,22.2,0.119,1194
2025-10-29T09:00:00,Madrid,339.9,41.9,27.7,0.192,1546
2025-10-25T14:00:00,Barcelona,445.3,56.8,22.5,0.145,1053
2025-10-27T19:00:00,Barcelona,277.4,37.6,30.1,0.183,1817
2025-10-27T09:00:00,Zaragoza,302.5,40.8,23.2,0.121,1566
2025-10-30T17:00:00,Zaragoza,419.3,54.9,22.0,0.076,1061
2025-10-27T20:00:00,Barcelona,329.6,38.8,24.8,0.13,1768
2025-10-25T01:00:00,Barcelona,436.7,54.5,19.7,0.054,1277
2025-10-27T13:00:00,Zaragoza,371.5,50.4,16.1,0.06,1312
2025-10-29T11:00:00,Bilbao,318.7,37.3,26.5,0.013,1421
2025-10-28T02:00:00,Zaragoza,370.7,44.9,15.7,0.052,1111
2025-10-27T14:00:00,Zaragoza,403.5,45.6,21.8,0.03,1131
2025-10-25T19:00:00,Sevilla,283.2,35.6,27.1,0.103,1742
2025-10-30T12:00:00,Sevilla,409.7,49.8,17.5,0.064,1087
2025-10-28T09:00:00,Madrid,362.8,46.1,23.2,0.015,1704
2025-10-31T15:00:00,Madrid,477.2,60.7,16.2,0.029,1349
2025-10-28T22:00:00,Bilbao,271.4,33.8,25.1,0.042,1729
2025-10-29T18:00:00,Barcelona,480.7,58.5,20.2,0.108,1104
2025-10-28T05:00:00,Barcelona,450.5,59.4,19.2,0.037,1105
2025-10-30T03:00:00,Madrid,457.8,52.5,23.0,0.142,1279
2025-10-31T08:00:00,Bilbao,422.2,48.2,23.6,0.078,1191
2025-10-30T18:00:00,Zaragoza,377.6,48.3,18.2,0.139,1138
2025-10-31T02:00:00,Madrid,507.9,66.1,22.1,0.149,1063
2025-10-25T14:00:00,Zaragoza,391.9,51.9,21.2,0.054,1254
2025-10-31T09:00:00,Zaragoza,308.2,42.9,23.4,0.081,1484
2025-10-28T04:00:00,barcelona,474.6,60.3,17.0,0.118,1163
2025-10-30T07:00:00,Valencia,420.5,48.3,18.3,0.14,1168
2025-10-29T12:00:00,Bilbao,458.1,57.5,15.1,0.051,1350
2025-10-30T11:00:00,Barcelona,325.2,42.9,25.3,0.128,1532
2025-10-25T09:00:00,valencia,318.5,42.9,28.7,0.126,1451
2025-10-29T12:00:00,Valencia,435.1,52.8,15.7,0.146,1094
2025-10-25T08:00:00,Zaragoza,372.3,45.8,16.8,0.116,1200
2025-10-31T09:00:00,barcelona,338.1,47.2,29.4,0.092,1411
2025-10-28T09:00:00,Zaragoza,292.5,37.6,26.8,0.06,1539
2025-10-29T12:00:00, Zaragoza ,387.4,43.9,20.3,0.061,1249
2025-10-30T17:00:00,Bilbao,450.0,56.9,19.8,0.052,1245
2025-10-30T15:00:00,Bilbao,455.2,55.7,15.4,0.132,1124
2025-10-26T19:00:00,Bilbao,315.5,40.3,28.7,0.036,1842
2025-10-30T23:00:00,Madrid,295.6,37.5,26.8,0.016,1762
2025-10-25T08:00:00,Valencia,411.3,50.6,22.3,0.034,1217
2025-10-27T05:00:00,Zaragoza,371.3,45.7,23.6,0.128,1174
2025-10-29T20:00:00,Barcelona,305.6,36.6,30.3,0.155,1651
2025-10-30T11:00:00,Madrid ,364.3,49.2,20.5,0.115,1479
2025-10-25T04:00:00,Bilbao,429.6,55.4,19.3,0.018,1152
2025-10-27T08:00:00,Bilbao,435.3,58.8,21.3,0.099,1088
2025-10-25T04:00:00,Zaragoza,388.8,53.3,18.4,0.065,1110
2025-10-25T11:00:00,BARCELONA,334.3,42.9,20.8,0.079,1438
2025-10-27T17:00:00,Madrid,480.3,64.7,20.5,0.058,1141
2025-10-25T23:00:00,Valencia,285.3,38.4,26.1,0.024,1676
2025-10-29T06:00:00,Bilbao,429.0,56.4,20.8,0.104,1144
2025-10-29T11:00:00,Sevilla,306.7,37.8,28.5,0.096,1629
2025-10-26T06:00:00,Bilbao,465.1,60.1,19.0,0.036,1147
2025-10-25T15:00:00,Sevilla,400.1,48.2,16.5,0.068,1346
2025-10-28T18:00:00,Valencia,394.2,50.2,22.2,0.059,1088
2025-10-25T11:00:00,Bilbao ,336.9,46.9,26.8,0.137,1440
2025-10-30T16:00:00,Barcelona,462.6,58.5,15.8,0.103,1195
2025-10-28T14:00:00,Barcelona,99999.0,55.5,16.2,0.044,1173
2025-10-31T00:00:00,Sevilla,418.1,54.5,18.8,0.073,1118
2025-10-27T21:00:00,Valencia,292.1,33.7,28.3,0.224,1743
2025-10-27T07:00:00,Sevilla,429.9,55.1,22.5,0.011,1142
2025-10-25T00:00:00,Bilbao,447.9,53.6,20.1,0.117,1226
2025-10-28T12:00:00,Zaragoza,424.1,48.8,23.8,0.034,1073
2025-10-25T09:00:00,Bilbao,345.7,45.3,20.7,0.069,1542
2025-10-29T16:00:00,Barcelona,99999.0,57.5,16.4,0.064,1089
2025-10-25T03:00:00,Bilbao,447.7,52.1,16.8,0.147,1162
2025-10-28T14:00:00,Madrid,475.6,54.5,21.2,0.035,1345
2025-10-28T13:00:00,Valencia,443.9,56.0,19.4,0.059,1328
2025-10-26T20:00:00,Zaragoza,255.1,35.9,29.5,0.168,1819
2025-10-27T02:00:00,Madrid,489.2,62.7,15.0,0.071,1209
2025-10-29T04:00:00,Valencia,431.3,55.4,16.2,0.107,1174
2025-10-27T06:00:00,Bilbao,411.2,53.3,18.6,0.111,1106
2025-10-30T01:00:00,Sevilla,417.3,50.7,16.6,0.11,1074
2025-10-31T11:00:00,Bilbao,342.8,47.5,29.3,0.063,1549
2025-10-26T06:00:00,Bilbao,465.1,60.1,19.0,0.036,1147
2025-10-25T01:00:00,Madrid,476.3,64.1,17.7,0.104,1239
2025-10-31T05:00:00,Zaragoza,384.7,45.8,17.3,0.124,1313
2025-10-26T16:00:00,Bilbao,466.0,57.6,16.6,0.035,1207
2025-10-31T05:00:00,Barcelona,434.4,59.0,18.8,0.012,1330
2025-10-31T08:00:00,Zaragoza,400.9,50.2,22.0,0.026,1171
2025-10-30T08:00:00,Valencia,409.4,52.3,19.3,0.141,1201
2025-10-25T18:00:00,Sevilla,397.5,46.8,19.4,1.24,1216
2025-10-29T07:00:00,Valencia,443.6,59.8,15.5,0.04,1194
2025-10-31T16:00:00,Bilbao,413.0,49.8,19.7,0.139,1109
2025-10-30T15:00:00,Zaragoza,377.9,43.2,16.8,5.68,1068
2025-10-31T03:00:00,Madrid,490.4,57.2,20.3,0.076,1116
2025-10-31T09:00:00,Bilbao,337.5,46.2,28.9,0.146,1630
2025-10-30T22:00:00,Barcelona,293.7,37.4,26.9,0.099,1833
2025-10-26T07:00:00,Barcelona,456.9,55.2,23.4,0.042,1298
2025-10-26T21:00:00,Bilbao,273.8,36.2,28.3,0.213,1937
2025-10-26T04:00:00,Zaragoza,383.9,52.9,,0.064,1148
2025-10-25T05:00:00,Bilbao,424.0,57.2,16.4,0.061,1222
2025-10-30T10:00:00,Sevilla,290.5,37.4,20.8,0.155,1523
2025-10-26T15:00:00,Madrid,467.0,63.1,17.7,0.015,1193
2025-10-25T23:00:00,Madrid,99999.0,41.6,24.7,0.183,1828
2025-10-26T03:00:00,Barcelona,437.1,58.3,21.6,0.085,1231
2025-10-29T06:00:00,Sevilla,387.6,48.2,23.3,0.03,1129
2025-10-29T07:00:00,Madrid,507.4,66.8,21.6,0.075,1283
2025-10-28T03:00:00,Bilbao,437.6,59.2,23.3,0.097,1202
2025-10-30T20:00:00,Zaragoza,239.9,27.9,32.1,0.099,1856
2025-10-29T21:00:00,MADRID,348.8,40.7,28.9,0.104,1678
2025-10-26T02:00:00,Sevilla,426.7,52.3,19.9,0.118,1156
2025-10-27T02:00:00,BILBAO,424.0,49.3,22.3,0.053,1225
2025-10-31T18:00:00,Valencia,405.6,54.2,20.4,0.073,1228
2025-10-27T06:00:00,Madrid,467.3,58.3,20.1,0.067,1335
2025-10-28T03:00:00,Sevilla,425.5,56.0,21.0,0.042,1076
2025-10-31T17:00:00,Zaragoza,408.6,51.6,23.6,0.117,1067
2025-10-30T10:00:00,Zaragoza,293.0,33.7,26.3,0.113,1492
2025-10-27T15:00:00,Barcelona,478.8,56.1,23.1,0.104,1350
2025-10-29T18:00:00,Madrid,509.1,64.7,15.7,0.083,1200
2025-10-27T17:00:00,Barcelona,442.9,59.6,20.7,0.011,1270
2025-10-27T14:00:00,Bilbao,433.0,57.7,18.9,0.068,1340
2025-10-30T21:00:00,Zaragoza ,241.9,31.8,32.6,0.141,1705
2025-10-30T18:00:00,Valencia,445.4,51.3,22.7,4.76,1050
2025-10-31T17:00:00,Madrid,477.1,57.4,17.5,0.027,1286
2025-10-29T19:00:00,Madrid,330.4,43.8,25.9,5.36,1919
2025-10-27T11:00:00,Madrid,360.2,46.1,22.5,0.088,1593
2025-10-31T15:00:00,Sevilla,413.5,47.1,23.1,0.099,1154
2025-10-26T18:00:00,Madrid,469.8,55.7,21.2,0.018,1058
2025-10-28T12:00:00,Sevilla,435.9,56.6,23.3,2.28,1092
2025-10-30T19:00:00,Bilbao,276.2,36.0,24.8,0.11,1753
2025-10-26T23:00:00,Madrid,311.5,36.6,29.9,0.08,1904
2025-10-29T04:00:00,Sevilla,384.8,49.5,,0.145,1315
2025-10-26T13:00:00,Valencia,400.2,50.5,16.3,0.113,1346
2025-10-30T13:00:00,Valencia,412.1,53.0,22.4,0.039,1098
2025-10-28T15:00:00,Sevilla,417.5,47.2,19.9,0.126,1144
2025-10-28T17:00:00,Madrid,483.3,58.6,19.6,0.127,1092
2025-10-31T22:00:00,Zaragoza,256.8,30.8,29.8,0.109,1653
2025-10-26T04:00:00,Valencia,403.3,53.7,21.1,0.023,1205
2025-10-30T01:00:00,Valencia,433.8,58.6,20.0,0.07,1149
2025-10-29T11:00:00,Valencia,345.7,40.1,23.8,0.048,1591
2025-10-29T00:00:00,Sevilla,433.9,57.8,24.0,0.029,1269
2025-10-29T07:00:00,barcelona,432.1,56.9,22.7,0.029,1147
2025-10-26T14:00:00,Barcelona,435.4,59.4,17.8,0.146,1228
2025-10-30T00:00:00,Zaragoza,371.7,44.8,19.2,0.136,1344
2025-10-31T12:00:00,Sevilla,435.2,52.3,22.2,0.055,1082
2025-10-26T02:00:00,madrid,490.3,57.7,15.1,0.019,1137
2025-10-27T03:00:00,Barcelona,469.8,60.8,18.7,0.07,1101
2025-10-28T16:00:00,Madrid,454.5,58.5,16.2,0.127,1092
2025-10-31T18:00:00,Valencia,405.6,54.2,20.4,0.073,1228
2025-10-29T00:00:00,Barcelona,438.4,53.8,18.9,0.033,1124
2025-10-28T14:00:00,Valencia,428.2,54.1,19.3,0.146,1312
2025-10-28T22:00:00,Bilbao,271.4,33.8,25.1,0.042,1729
2025-10-26T11:00:00,Zaragoza,301.2,38.1,24.4,4.2,1468
2025-10-27T08:00:00,barcelona,460.1,61.7,15.7,0.018,1084
2025-10-26T23:00:00,Bilbao,291.2,37.3,27.4,0.21,1759
2025-10-26T09:00:00,Zaragoza,325.2,45.3,,0.091,1664
2025-10-28T02:00:00,Sevilla,433.3,58.4,21.7,0.145,1199
2025-10-26T00:00:00,Sevilla,399.9,53.5,17.6,0.121,1267
2025-10-27T17:00:00,Valencia ,99999.0,48.4,19.3,0.141,1158
2025-10-29T17:00:00,Sevilla,436.3,54.0,23.7,0.104,1264
2025-10-29T22:00:00,Valencia,283.7,34.6,29.1,0.205,1820
2025-10-31T13:00:00,Valencia,408.6,46.1,18.4,0.019,1299
2025-10-26T23:00:00,Barcelona,315.3,37.1,32.1,0.167,1738
2025-10-27T17:00:00,Zaragoza,406.4,48.7,21.5,0.109,1294
2025-10-25T08:00:00,Sevilla,428.5,54.7,23.4,0.07,1166
2025-10-26T02:00:00,Bilbao,421.4,53.6,20.6,0.024,1313
2025-10-30T02:00:00,Barcelona,462.4,53.6,23.2,0.122,1093
2025-10-31T11:00:00,Barcelona ,358.5,39.9,22.8,0.129,1552
2025-10-30T15:00:00,Sevilla,384.2,48.0,19.9,0.014,1278
2025-10-26T05:00:00,Sevilla,407.7,50.6,22.0,0.044,1226
2025-10-31T17:00:00,Sevilla,438.8,59.3,22.2,0.118,1159
2025-10-25T23:00:00,Barcelona,310.0,36.2,32.3,0.021,1851
2025-10-28T02:00:00,MADRID,454.4,61.6,20.3,0.111,1101
2025-10-27T02:00:00,ZARAGOZA,403.4,51.8,16.1,0.057,1186
2025-10-25T18:00:00,Valencia,99999.0,57.1,19.4,0.024,1091
2025-10-25T10:00:00,Barcelona,352.9,44.6,20.6,0.033,1512
2025-10-26T05:00:00,Madrid,-494.4,57.4,24.0,0.048,1050
2025-10-25T23:00:00,Bilbao,269.2,37.2,29.0,0.08,1872
2025-10-27T23:00:00,Madrid,321.2,36.4,26.8,0.031,1742
2025-10-30T18:00:00,Barcelona,433.4,50.6,21.5,0.061,1052
2025-10-30T03:00:00,Barcelona,467.3,57.4,18.7,0.074,1308
2025-10-29T16:00:00,madrid,99999.0,65.9,22.9,0.033,1270
2025-10-27T10:00:00,Sevilla,343.1,39.9,22.3,0.125,1689
2025-10-31T19:00:00,Valencia,253.0,27.4,24.1,0.086,1781
2025-10-29T19:00:00,Bilbao,263.8,32.3,28.7,0.12,1950
2025-10-29T11:00:00,Madrid,389.0,49.9,22.7,0.154,1652
2025-10-29T23:00:00,Barcelona,324.6,41.6,26.7,0.071,1768
2025-10-29T14:00:00,Barcelona,481.3,56.6,21.4,0.035,1068
2025-10-30T10:00:00,BARCELONA,355.3,47.5,23.6,0.133,1550
2025-10-28T15:00:00,Zaragoza ,383.5,44.1,19.2,0.074,1289
2025-10-27T01:00:00,Madrid,-455.3,58.2,18.0,0.137,1176
2025-10-31T05:00:00,Bilbao,452.0,58.4,18.8,0.101,1323
2025-10-27T07:00:00,Barcelona,481.4,61.1,,0.133,1210
2025-10-30T23:00:00,Sevilla,-271.8,30.7,28.5,0.121,1659
2025-10-29T01:00:00,Bilbao,460.8,54.0,22.0,0.102,1083
2025-10-26T04:00:00,SEVILLA,421.1,48.3,19.7,0.14,1164
2025-10-31T01:00:00, Bilbao ,429.7,51.5,18.8,0.033,1323
2025-10-28T01:00:00,Bilbao,458.9,56.4,21.9,0.092,1104
2025-10-27T00:00:00,Barcelona,451.8,58.5,15.7,0.068,1219
2025-10-25T20:00:00,Zaragoza,272.9,38.5,29.4,0.059,1943
2025-10-29T15:00:00,Sevilla,426.1,53.0,17.0,0.086,1120
2025-10-31T16:00:00,Madrid,488.3,65.8,16.2,0.119,1177
2025-10-26T15:00:00,Sevilla,392.0,47.2,17.9,0.027,1129
2025-10-29T21:00:00,Sevilla,261.4,28.1,27.6,0.049,1717
2025-10-27T22:00:00,Zaragoza,269.4,31.7,32.1,0.037,1825
2025-10-30T22:00:00,Zaragoza,264.0,32.7,28.7,0.035,1922
2025-10-30T23:00:00,Bilbao,99999.0,40.2,25.8,0.212,1942
2025-10-26T18:00:00,Sevilla,386.6,45.1,19.3,0.049,1116
2025-10-25T08:00:00,Bilbao,418.8,51.1,18.3,0.133,1179
2025-10-25T00:00:00,Valencia,438.2,59.6,23.5,0.108,1288
2025-10-29T10:00:00,Barcelona,383.3,51.8,26.6,0.076,1573
2025-10-30T02:00:00,Sevilla,384.1,50.9,16.8,0.089,1098
2025-10-31T02:00:00, Valencia ,401.6,46.0,16.7,0.096,1215
2025-10-25T09:00:00,Sevilla,313.4,35.8,28.8,0.172,1660
2025-10-28T23:00:00,Zaragoza,253.5,31.1,30.6,0.216,1826
2025-10-31T03:00:00,Zaragoza,392.9,46.6,23.7,0.099,1208
2025-10-26T14:00:00,Madrid,457.1,56.4,16.2,0.052,1076
2025-10-28T12:00:00,Bilbao,455.1,58.6,19.8,0.15,1336
2025-10-29T03:00:00,Barcelona,467.0,61.1,15.5,0.055,1174
2025-10-27T16:00:00,Sevilla,393.8,48.8,22.1,0.08,1052
2025-10-25T10:00:00,Madrid,351.8,43.8,26.3,0.027,1465
2025-10-25T01:00:00,ZARAGOZA,424.3,50.1,22.8,0.059,1063
2025-10-30T03:00:00,Valencia,407.0,50.5,19.1,0.069,1300
2025-10-29T04:00:00,Zaragoza,410.9,48.5,18.4,0.105,1332
2025-10-28T00:00:00,Barcelona,462.4,58.3,20.0,0.143,1263
2025-10-26T20:00:00,Sevilla,272.2,36.7,27.1,0.041,1671
2025-10-26T22:00:00,Zaragoza,273.0,30.9,27.6,0.066,1712
2025-10-29T14:00:00,valencia,413.8,50.1,22.6,0.091,1119
2025-10-28T21:00:00,Madrid,315.3,41.5,24.8,0.032,1774
2025-10-28T10:00:00,Bilbao,343.0,44.7,25.0,0.081,1432
2025-10-26T10:00:00,Bilbao,326.6,40.8,,0.091,1481
2025-10-28T13:00:00,Madrid,479.3,64.4,16.7,0.057,1075
2025-10-29T07:00:00,Zaragoza,374.1,47.7,23.9,0.02,1191
2025-10-29T08:00:00,Bilbao,447.1,56.5,19.1,0.05,1165
2025-10-31T10:00:00,Zaragoza,298.8,40.5,21.0,0.088,1591
2025-10-29T23:00:00,Sevilla,243.6,26.4,28.6,0.203,1853
2025-10-30T08:00:00,Zaragoza,421.3,51.7,20.4,0.082,1250
2025-10-31T22:00:00,Valencia,251.6,27.0,26.0,0.207,1894
2025-10-31T04:00:00,Valencia,431.3,52.4,19.8,0.088,1318
2025-10-27T10:00:00,Bilbao,320.2,38.9,20.9,0.186,1698
2025-10-26T09:00:00,sevilla,309.1,37.5,,0.083,1616
2025-10-30T17:00:00,Madrid,455.6,54.2,17.7,0.065,1210
2025-10-28T09:00:00,Valencia,347.6,47.8,29.1,0.059,1422
2025-10-25T14:00:00,SEVILLA,407.0,47.3,22.3,0.032,1326
2025-10-27T22:00:00,Madrid,332.6,43.1,30.1,0.192,1731
2025-10-27T13:00:00,Bilbao,450.0,59.2,16.0,0.068,1202
2025-10-25T07:00:00,Bilbao,458.9,60.5,21.7,0.131,1304
2025-10-30T19:00:00,Barcelona,306.3,34.0,30.6,0.187,1683
2025-10-25T04:00:00,Sevilla,395.8,46.8,15.9,0.052,1212
2025-10-25T16:00:00,Barcelona,470.1,62.1,20.1,0.043,1249
2025-10-29T08:00:00,Valencia,421.1,55.5,,0.028,1069
2025-10-31T18:00:00,Barcelona,448.4,59.5,23.8,0.089,1160
2025-10-26T09:00:00,Bilbao,342.3,38.0,27.9,0.164,1657
2025-10-30T04:00:00,Valencia,432.1,53.5,23.5,0.063,1093
2025-10-26T17:00:00,Zaragoza,424.9,52.3,19.6,0.088,1155
2025-10-27T08:00:00,Madrid,459.8,54.1,19.4,0.028,1298
2025-10-25T01:00:00,Bilbao,419.7,55.2,17.8,0.013,1317
2025-10-30T07:00:00,sevilla,426.1,56.3,15.8,0.055,1321
2025-10-26T07:00:00,Zaragoza,401.0,51.2,18.0,0.111,1321
2025-10-30T20:00:00,Madrid,291.1,36.6,30.6,0.124,1679
2025-10-31T07:00:00,Madrid ,479.3,63.3,18.7,0.099,1276
2025-10-31T19:00:00, Zaragoza ,281.3,34.3,27.8,0.103,1653
2025-10-26T03:00:00,Bilbao,410.7,50.4,20.2,0.059,1251
2025-10-25T22:00:00,Zaragoza,296.4,34.3,28.2,0.046,1935
2025-10-28T16:00:00,Valencia,396.6,48.2,15.3,0.137,1332
2025-10-28T06:00:00,Madrid,501.9,60.4,21.2,4.12,1089
2025-10-27T14:00:00,Valencia,394.2,53.3,22.5,0.015,1326
2025-10-30T20:00:00,Barcelona,284.3,38.0,25.1,0.018,1771
2025-10-30T16:00:00,Sevilla,381.1,47.9,23.1,0.062,1187
2025-10-29T07:00:00,Bilbao,453.4,54.0,15.9,2.08,1246
2025-10-28T06:00:00,SEVILLA,438.3,50.6,16.6,0.059,1289
2025-10-30T12:00:00,Zaragoza,401.8,48.7,23.4,0.06,1258
2025-10-30T11:00:00,Bilbao,364.1,45.0,22.8,0.149,1498
2025-10-29T22:00:00,Madrid,296.1,40.8,31.3,0.219,1871
2025-10-29T00:00:00,Madrid,485.9,57.6,23.1,0.063,1336
2025-10-31T23:00:00,Bilbao,323.3,45.1,30.4,0.199,1848
2025-10-31T21:00:00,Barcelona,330.8,38.2,30.1,0.059,1656
2025-10-27T05:00:00,Zaragoza,371.3,45.7,23.6,0.128,1174
2025-10-31T23:00:00,Barcelona,288.5,35.1,31.4,0.05,1702
2025-10-25T12:00:00,Madrid,493.5,58.2,16.0,0.011,1345
2025-10-25T10:00:00,Valencia,332.8,39.1,26.0,0.102,1452
2025-10-25T08:00:00,MADRID,456.1,54.1,23.1,0.086,1095
2025-10-30T07:00:00,Zaragoza,409.0,49.2,15.0,0.021,1216
2025-10-28T07:00:00,Bilbao,416.7,49.4,15.8,0.107,1130
2025-10-29T05:00:00, Madrid ,499.3,58.2,21.4,0.129,1227
2025-10-26T00:00:00,Madrid ,-504.1,61.7,21.6,0.056,1203
2025-10-29T01:00:00,Valencia,424.5,56.4,23.7,0.077,1294
2025-10-26T08:00:00,Sevilla,389.5,47.8,19.0,0.093,1332
2025-10-31T09:00:00,Madrid,386.1,44.2,21.7,0.052,1640
2025-10-30T15:00:00,Barcelona,448.8,55.8,21.5,0.062,1325
2025-10-26T00:00:00,Bilbao,411.9,51.2,23.7,0.071,1181
2025-10-31T11:00:00,Valencia,318.7,39.0,20.7,0.042,1687
2025-10-31T03:00:00,Barcelona ,457.2,61.4,17.8,0.096,1072
2025-10-31T13:00:00,SEVILLA,383.4,45.4,16.3,0.085,1146
2025-10-29T14:00:00,Bilbao,419.4,48.5,17.1,0.13,1062
2025-10-31T21:00:00, Valencia ,290.5,34.5,31.2,0.104,1728
2025-10-28T00:00:00, Bilbao ,454.3,58.2,18.5,0.146,1262
2025-10-31T12:00:00,Valencia,397.1,46.2,18.0,0.044,1308
2025-10-26T18:00:00,Zaragoza,378.9,47.2,18.2,0.02,1350
2025-10-29T17:00:00,Bilbao ,426.8,56.2,15.2,0.016,1336
2025-10-25T15:00:00,Barcelona,99999.0,61.9,22.1,0.073,1063
2025-10-27T06:00:00,Zaragoza,410.6,46.6,17.8,0.017,1311
2025-10-25T15:00:00,Valencia,432.2,58.2,20.7,0.116,1124
2025-10-29T02:00:00,Barcelona,450.2,58.3,21.1,0.121,1226
2025-10-25T13:00:00,Sevilla,405.6,52.1,16.7,0.042,1313
2025-10-29T17:00:00,Valencia,418.8,49.2,18.9,0.05,1080
2025-10-28T11:00:00,Valencia,348.7,47.9,,0.158,1459
2025-10-30T09:00:00,Madrid,390.7,45.2,23.5,0.125,1562
2025-10-28T19:00:00,Sevilla,302.0,33.6,26.4,0.177,1934
2025-10-30T06:00:00,Sevilla,426.6,48.5,22.3,0.123,1309
2025-10-30T14:00:00,Sevilla,416.6,53.0,22.9,1.48,1292
2025-10-26T14:00:00,Sevilla,389.9,51.5,23.6,0.03,1328
2025-10-25T13:00:00,Bilbao,419.7,50.5,21.2,0.029,1241
2025-10-28T05:00:00,Bilbao,448.4,57.8,18.2,0.029,1174
2025-10-27T00:00:00,Madrid,490.3,58.9,15.8,0.026,1099
2025-10-28T09:00:00, Sevilla ,-340.5,37.8,23.0,0.157,1694
2025-10-27T23:00:00,Bilbao ,266.8,32.9,31.3,0.053,1885
2025-10-29T21:00:00,Barcelona,324.6,39.5,29.6,0.163,1671
2025-10-25T01:00:00,Valencia,392.4,48.9,16.0,0.045,1096
2025-10-25T09:00:00,Zaragoza,311.2,40.6,26.1,0.149,1593
2025-10-28T22:00:00,Barcelona,306.1,38.1,30.0,0.073,1746
2025-10-26T12:00:00,Bilbao,410.1,55.6,15.3,0.1,1087
2025-10-25T05:00:00,Madrid,502.5,62.3,20.7,0.078,1266
2025-10-30T17:00:00,Barcelona,449.3,55.1,19.4,0.05,1275
2025-10-30T03:00:00,Sevilla,391.3,51.7,16.2,0.129,1082
2025-10-27T18:00:00,Bilbao,467.8,59.6,18.8,0.016,1248
2025-10-29T06:00:00,Madrid,494.8,57.6,19.8,0.124,1126
2025-10-28T23:00:00,Bilbao,274.3,34.0,28.6,0.075,1655
2025-10-27T23:00:00,Barcelona,279.3,35.4,27.3,0.048,1751
2025-10-26T12:00:00,Barcelona,437.8,58.2,18.3,0.022,1270
2025-10-25T10:00:00,Bilbao,354.9,43.3,27.2,0.076,1669
2025-10-25T09:00:00,Madrid,369.5,45.5,20.6,0.165,1466
2025-10-30T23:00:00,Valencia,281.1,39.0,25.7,0.031,1653
2025-10-25T19:00:00,Madrid,318.7,35.1,26.2,0.066,1753
2025-10-27T09:00:00,Bilbao,333.2,45.8,28.7,0.162,1545
2025-10-28T19:00:00,Zaragoza,272.1,34.1,29.9,0.185,1823
2025-10-29T14:00:00,Zaragoza,376.9,51.6,17.5,0.144,1200
2025-10-31T03:00:00,Zaragoza,392.9,46.6,23.7,0.099,1208
2025-10-31T03:00:00,Sevilla,420.5,52.9,18.9,4.32,1128
2025-10-25T01:00:00,ZARAGOZA,424.3,50.1,22.8,0.059,1063
2025-10-28T10:00:00,Zaragoza,313.7,44.0,26.5,0.168,1532
2025-10-29T09:00:00,Bilbao,340.7,41.6,23.0,0.08,1576
2025-10-26T22:00:00,Bilbao,272.9,32.4,29.8,0.163,1885
2025-10-31T06:00:00,Valencia,435.8,50.7,16.4,0.11,1286
2025-10-27T22:00:00,Bilbao,311.0,43.3,29.7,0.188,1732
2025-10-30T19:00:00,Sevilla,257.5,35.8,24.7,0.221,1935
2025-10-27T15:00:00,Bilbao,451.7,52.7,17.4,0.021,1336
2025-10-28T08:00:00,Bilbao,462.0,58.6,18.5,0.145,1228
2025-10-31T23:00:00,Valencia,300.9,35.9,25.4,0.149,1860
2025-10-26T04:00:00,Madrid,466.2,62.8,19.4,0.132,1081
2025-10-30T16:00:00,Valencia,-443.6,50.8,16.9,0.025,1246
2025-10-31T04:00:00,Zaragoza,407.2,46.9,21.3,0.047,1297
2025-10-26T12:00:00,Zaragoza,383.4,51.0,21.0,0.08,1054
2025-10-30T09:00:00,BARCELONA,326.4,37.1,24.6,0.127,1433
2025-10-28T23:00:00,Valencia,255.0,28.2,31.8,0.178,1744
2025-10-29T16:00:00,Zaragoza ,411.7,48.9,15.1,0.01,1125
2025-10-31T15:00:00,Zaragoza,379.6,47.2,19.3,0.103,1135
2025-10-25T12:00:00,Sevilla,412.8,55.5,20.6,0.1,1268
2025-10-31T02:00:00,Bilbao,446.7,58.9,15.5,0.125,1228
2025-10-29T06:00:00,Barcelona,99999.0,62.5,18.9,0.149,1145
2025-10-28T01:00:00,barcelona,481.1,63.3,23.3,0.126,1180
2025-10-26T16:00:00,Zaragoza,412.0,53.4,16.6,0.099,1075
2025-10-26T13:00:00,Bilbao,466.1,59.7,19.7,0.057,1072
2025-10-31T00:00:00,Madrid,503.6,59.2,19.2,0.053,1283
2025-10-25T10:00:00,Zaragoza ,288.8,37.2,22.6,0.027,1467
2025-10-28T02:00:00,Bilbao,423.6,53.9,17.0,0.084,1285
2025-10-27T04:00:00,Zaragoza,388.3,48.5,21.3,0.06,1273
2025-10-31T18:00:00,Sevilla,436.1,56.2,15.1,0.129,1060
2025-10-27T07:00:00,Madrid,503.3,67.2,16.1,0.025,1307
2025-10-30T14:00:00,Madrid,481.7,56.3,19.3,1.44,1281
2025-10-30T14:00:00,Valencia,396.0,45.1,20.9,0.144,1348
2025-10-30T23:00:00,Barcelona,297.5,36.1,28.6,0.082,1760
2025-10-28T03:00:00,Madrid,472.5,57.6,17.4,0.045,1094
2025-10-29T20:00:00,Sevilla,252.6,29.5,25.6,0.192,1753
2025-10-26T15:00:00,Bilbao,433.8,57.1,18.3,0.134,1151
2025-10-27T17:00:00,Sevilla,414.4,46.9,17.7,0.115,1093
2025-10-29T20:00:00,Valencia,295.6,34.2,31.2,0.156,1767
2025-10-25T19:00:00,Barcelona,290.2,38.3,32.8,0.11,1784
2025-10-25T05:00:00,Zaragoza,395.3,48.9,22.7,0.148,1206
2025-10-31T16:00:00,Sevilla,403.3,54.0,23.9,0.145,1137
2025-10-25T14:00:00,Madrid,489.5,65.8,17.3,0.09,1050
2025-10-28T07:00:00,Zaragoza,403.8,51.9,18.2,0.028,1144
2025-10-31T14:00:00,bilbao,432.9,54.3,18.0,0.027,1212
2025-10-25T18:00:00,Barcelona,457.5,58.1,19.8,0.054,1314
2025-10-28T21:00:00,Barcelona,292.8,37.3,27.3,0.085,1763
2025-10-25T16:00:00,Zaragoza,423.4,55.9,15.9,0.145,1345
2025-10-30T07:00:00,Barcelona,488.9,57.1,16.2,0.064,1063
2025-10-25T06:00:00,Madrid,483.6,63.3,18.4,0.082,1303
2025-10-27T17:00:00, Bilbao ,429.6,51.0,16.3,0.058,1060
2025-10-30T10:00:00, Bilbao ,331.5,46.3,22.5,0.125,1650
2025-10-31T04:00:00, Barcelona ,440.6,59.4,21.9,0.114,1290
2025-10-26T07:00:00, Valencia ,405.1,48.1,21.1,0.08,1325
2025-10-25T16:00:00,Valencia,436.0,55.9,17.4,0.011,1118
2025-10-26T04:00:00,Barcelona,479.2,56.8,22.0,0.022,1229
2025-10-30T22:00:00,Bilbao,316.6,43.1,31.2,0.12,1948
2025-10-28T22:00:00,Madrid,348.7,40.5,24.3,0.14,1702
2025-10-26T20:00:00,madrid,346.8,42.0,26.4,0.141,1854
2025-10-30T16:00:00, Bilbao ,99999.0,47.5,17.5,0.047,1210
2025-10-25T03:00:00,Sevilla,417.6,56.0,16.8,0.101,1322
2025-10-30T15:00:00,Valencia,435.1,50.2,17.7,0.045,1061
2025-10-29T05:00:00,Zaragoza,413.4,52.0,23.3,0.105,1281
2025-10-28T03:00:00,Barcelona,463.5,54.3,23.9,0.053,1264
2025-10-26T17:00:00,Madrid,484.3,57.1,15.0,0.145,1087
2025-10-25T02:00:00,Bilbao,445.9,51.7,22.2,0.137,1267
2025-10-26T12:00:00,Madrid,467.5,54.3,16.8,0.04,1186
2025-10-29T18:00:00,Bilbao,418.2,48.0,17.5,0.014,1303
2025-10-26T18:00:00,Valencia,420.5,48.7,16.1,0.041,1247
2025-10-26T17:00:00,Bilbao,436.0,51.0,16.6,0.051,1337
2025-10-27T23:00:00,Sevilla,267.9,37.2,25.1,0.081,1740
2025-10-26T15:00:00,Barcelona,477.1,56.7,16.6,0.073,1212
2025-10-27T15:00:00,Valencia,399.3,54.6,17.5,0.03,1240
2025-10-27T14:00:00,Barcelona,444.6,60.2,20.4,0.101,1108
2025-10-27T04:00:00,Valencia,417.6,52.4,15.2,0.09,1173
2025-10-27T11:00:00,Zaragoza,331.5,45.3,27.2,0.18,1509
2025-10-31T19:00:00,Bilbao,267.9,33.5,27.9,0.048,1758
2025-10-26T02:00:00,Zaragoza,388.5,49.4,16.8,0.015,1313
2025-10-27T03:00:00,Valencia,396.9,51.3,18.0,0.056,1161
2025-10-27T19:00:00,Valencia,260.1,34.0,32.7,0.212,1853
2025-10-27T21:00:00,Madrid,307.5,35.6,24.3,0.173,1807
2025-10-30T02:00:00,Zaragoza,384.1,50.3,21.9,0.032,1095
2025-10-25T04:00:00,barcelona,436.5,59.3,,0.023,1332
2025-10-31T04:00:00,Madrid,486.0,60.9,23.3,0.063,1137
2025-10-29T22:00:00,Sevilla,267.7,37.8,32.4,0.205,1748
2025-10-30T00:00:00,Madrid,489.2,62.4,17.5,0.025,1263
2025-10-27T10:00:00,Barcelona,369.5,50.3,21.8,0.184,1671
2025-10-29T13:00:00,Madrid,496.4,65.5,16.1,0.124,1061
2025-10-30T21:00:00,Bilbao,263.6,31.3,28.6,0.072,1916
2025-10-28T18:00:00,Barcelona,477.8,59.2,19.4,0.134,1257
2025-10-29T02:00:00,Madrid,492.4,63.9,24.0,0.104,1159
2025-10-29T05:00:00,Sevilla,428.4,52.5,18.1,0.076,1140
2025-10-27T08:00:00,Zaragoza,392.3,52.2,15.9,0.111,1245
2025-10-28T19:00:00,Madrid,308.5,40.3,29.1,0.039,1761
2025-10-30T17:00:00,Valencia,393.7,51.6,22.8,0.01,1327
2025-10-27T06:00:00,SEVILLA,435.7,58.9,16.4,0.059,1325
2025-10-30T18:00:00, Madrid ,-464.4,59.2,23.5,0.033,1237
2025-10-30T21:00:00,Sevilla,273.1,31.0,31.6,0.133,1838
2025-10-27T05:00:00,VALENCIA,431.2,53.5,,0.03,1304
2025-10-29T17:00:00,Madrid,472.4,62.2,18.9,0.109,1196
2025-10-25T00:00:00,Barcelona,461.5,54.4,,0.066,1261
2025-10-27T19:00:00,Sevilla,295.5,37.5,31.9,0.089,1872
2025-10-30T05:00:00,Madrid,469.0,60.4,22.5,0.117,1316
2025-10-27T04:00:00,Barcelona,455.0,57.5,20.0,0.055,1237
2025-10-28T07:00:00,barcelona,441.7,53.0,16.0,0.063,1238
2025-10-29T01:00:00,Zaragoza,398.5,50.3,23.9,0.026,1077
2025-10-31T18:00:00,Sevilla,436.1,56.2,15.1,0.129,1060
2025-10-27T10:00:00,Zaragoza,295.9,40.5,22.2,0.166,1691
2025-10-27T14:00:00,Sevilla,400.0,48.2,15.6,0.1,1301
2025-10-28T12:00:00,Madrid,500.7,63.0,17.5,0.053,1139
2025-10-27T19:00:00,Madrid,322.0,40.6,32.6,0.211,1920
2025-10-27T01:00:00,Sevilla,406.9,46.7,18.5,0.049,1081
2025-10-29T03:00:00,Sevilla,404.6,47.2,,0.103,1271
2025-10-25T12:00:00,Zaragoza,389.9,47.6,18.9,0.075,1177
2025-10-29T05:00:00,Barcelona,467.3,54.6,15.8,0.059,1271
2025-10-26T11:00:00,Bilbao,357.2,41.6,28.2,4.32,1508
2025-10-26T11:00:00,Madrid ,363.4,48.4,25.0,0.077,1437
2025-10-27T12:00:00,Zaragoza,372.5,41.8,20.7,0.051,1110
2025-10-28T17:00:00,Bilbao,444.7,56.9,21.3,0.053,1151
2025-10-30T08:00:00,Madrid,488.2,64.6,22.3,0.117,1349
2025-10-25T00:00:00,Sevilla,415.8,48.5,18.2,0.065,1111
2025-10-26T07:00:00,Bilbao,464.8,56.7,18.1,0.073,1307
2025-10-31T00:00:00,ZARAGOZA,393.3,48.3,23.2,0.114,1186
2025-10-26T20:00:00,Bilbao,277.8,33.4,31.4,0.171,1745
2025-10-25T13:00:00,Sevilla,405.6,52.1,16.7,0.042,1313
2025-10-25T12:00:00,Sevilla,412.8,55.5,20.6,0.1,1268
2025-10-28T10:00:00,Sevilla,288.0,33.6,20.7,0.109,1463
2025-10-25T22:00:00,Bilbao,285.5,31.4,25.2,0.113,1835
2025-10-29T22:00:00,Zaragoza,252.0,35.5,33.0,0.118,1865
2025-10-26T02:00:00,Barcelona,473.5,63.4,23.5,0.085,1278
2025-10-30T10:00:00,Madrid,388.5,46.0,25.0,0.089,1602
2025-10-29T09:00:00,Sevilla,302.8,36.0,23.1,0.073,1705
2025-10-25T00:00:00,Madrid,478.4,61.0,18.2,0.113,1082
2025-10-25T21:00:00,Madrid,303.1,41.2,,0.178,1939
2025-10-30T09:00:00,Bilbao,349.5,41.0,24.2,0.119,1493
2025-10-31T05:00:00, Valencia ,422.3,54.8,18.3,0.125,1244
2025-10-27T08:00:00,Valencia,399.7,50.1,17.4,0.068,1134
2025-10-30T09:00:00,Sevilla,317.2,42.1,22.3,0.156,1691
2025-10-27T08:00:00,SEVILLA,400.6,45.6,15.4,0.138,1121
2025-10-25T07:00:00,Zaragoza,413.2,51.4,17.0,0.133,1336
2025-10-27T15:00:00,Sevilla,99999.0,55.1,18.3,0.086,1230
2025-10-27T03:00:00,Zaragoza,370.1,46.3,23.6,0.11,1127
2025-10-29T18:00:00,Valencia,425.2,50.5,19.8,0.036,1327
2025-10-25T08:00:00,Sevilla,428.5,54.7,23.4,0.07,1166
2025-10-28T15:00:00,Bilbao,422.4,57.6,16.2,0.015,1250
2025-10-27T20:00:00,madrid,337.6,38.7,31.3,0.185,1687
