contact_id,timestamp,customer_id,channel,reason,duration_minutes,resolved,agent_id
CC000001,2025-10-04T04:27:42,C00097,chat,soporte_tecnico,15.2,1,A024
CC000002,2025-10-14T23:58:42,C00491,app,reclamacion,2.9,1,A012
CC000003,2025-10-25T02:15:53,C00078,tienda,averia,5.0,0,A010
CC000004,2025-10-27T06:49:02,C00478,app,alta_servicio,26.7,0,A027
CC000005,2025-10-15T03:38:30,C00097,telefono,consulta,12.1,1,A002
CC000006,2025-10-17T07:19:31,C00211,telefono,soporte_tecnico,22.6,1,A034
CC000007,2025-10-27T15:00:44,C00228,chat,baja_servicio,18.3,1,A034
CC000008,2025-10-13T14:55:50,C00117,chat,alta_servicio,4.1,1,A011
CC000009,2025-10-14T19:19:44,C00234,chat,consulta,21.7,0,A023
CC000010,2025-10-09T20:22:19,C00499,tienda,alta_servicio,25.9,1,A019
CC000011,2025-10-08T19:52:31,C00122,telefono,baja_servicio,19.6,1,A010
CC000012,2025-10-09T22:57:14,C00106,telefono,consulta,16.3,1,A024
CC000013,2025-10-19T02:28:38,C00230,chat,averia,18.8,1,A010
CC000014,2025-10-20T15:20:57,C00477,chat,facturacion,15.2,0,A002
CC000015,2025-10-01T05:00:11,C00497,chat,facturacion,26.6,1,A010
CC000016,2025-10-15T01:40:23,C00497,email,alta_servicio,9.6,1,A031
CC000017,2025-10-17T10:35:45,C00353,app,alta_servicio,18.8,1,A029
CC000018,2025-10-15T22:56:30,C00013,telefono,reclamacion,25.3,0,A008
CC000019,2025-10-03T16:07:07,C00312,chat,soporte_tecnico,6.6,1,A021
CC000020,2025-10-10T12:01:31,C00012,chat,alta_servicio,15.0,1,A018
CC000021,2025-10-25T20:16:32,C00202,telefono,soporte_tecnico,12.8,1,A006
CC000022,2025-10-18T12:40:15,C00204,telefono,consulta,17.1,1,A004
CC000023,2025-10-14T19:38:30,C00177,telefono,soporte_tecnico,12.3,1,A001
CC000024,2025-10-21T04:13:13,C00412,telefono,reclamacion,24.5,0,A029
CC000025,2025-10-21T02:34:14,C00072,chat,facturacion,22.7,1,A028
CC000026,2025-10-26T12:01:12,C00172,app,alta_servicio,2.9,0,A031
CC000027,2025-10-14T06:27:04,C00213,telefono,alta_servicio,21.3,0,A027
CC000028,2025-10-10T16:09:06,C00096,telefono,reclamacion,20.0,1,A009
CC000029,2025-10-29T09:49:01,C00156,app,consulta,15.7,0,A020
CC000030,2025-10-08T11:27:03,C00135,chat,baja_servicio,13.2,0,A001
CC000031,2025-10-21T06:01:22,C00092,telefono,baja_servicio,23.4,1,A019
CC000032,2025-10-24T22:26:42,C00497,chat,baja_servicio,18.2,0,A018
CC000033,2025-10-13T12:29:19,C00322,telefono,baja_servicio,10.4,1,A028
CC000034,2025-10-13T14:22:57,C00084,email,baja_servicio,23.0,1,A002
CC000035,2025-10-18T08:23:03,C00084,chat,facturacion,9.3,1,A009
CC000036,2025-10-03T08:45:25,C00149,telefono,consulta,12.0,1,A023
CC000037,2025-10-05T14:06:38,C00307,telefono,baja_servicio,26.2,1,A012
CC000038,2025-10-14T04:16:21,C00351,email,alta_servicio,9.4,1,A020
CC000039,2025-10-01T15:01:36,C00071,email,consulta,3.1,1,A010
CC000040,2025-10-05T23:19:31,C00112,chat,consulta,21.9,1,A011
CC000041,2025-10-26T19:56:10,C00365,telefono,facturacion,23.4,1,A034
CC000042,2025-10-06T15:48:31,C00420,chat,soporte_tecnico,22.6,1,A005
CC000043,2025-10-07T17:57:46,C00419,telefono,averia,13.7,1,A024
CC000044,2025-10-15T18:58:58,C00015,chat,alta_servicio,14.9,1,A012
CC000045,2025-10-11T23:58:42,C00158,email,averia,6.6,1,A010
CC000046,2025-10-04T18:34:05,C00010,telefono,facturacion,27.5,1,A008
CC000047,2025-10-25T22:14:47,C00304,email,soporte_tecnico,12.4,0,A003
CC000048,2025-10-01T11:58:05,C00387,telefono,averia,25.5,0,A020
CC000049,2025-10-09T23:17:11,C00344,telefono,averia,25.8,0,A013
CC000050,2025-10-29T03:27:33,C00179,telefono,averia,4.5,1,A018
CC000051,2025-10-25T12:15:42,C00292,telefono,soporte_tecnico,14.3,1,A016
CC000052,2025-10-10T07:10:08,C00494,telefono,soporte_tecnico,16.4,0,A014
CC000053,2025-10-11T09:20:45,C00472,telefono,soporte_tecnico,15.3,1,A007
CC000054,2025-10-22T08:14:52,C00345,chat,baja_servicio,13.6,1,A012
CC000055,2025-10-11T09:38:50,C00264,tienda,facturacion,23.5,1,A028
CC000056,2025-10-06T08:31:39,C00267,telefono,averia,21.4,1,A030
CC000057,2025-10-04T23:49:32,C00168,telefono,soporte_tecnico,10.4,1,A003
CC000058,2025-10-22T13:14:45,C00116,chat,reclamacion,8.3,1,A020
CC000059,2025-10-24T02:12:13,C00481,chat,consulta,27.6,1,A005
CC000060,2025-10-20T05:48:15,C00225,email,facturacion,0.9,1,A007
CC000061,2025-10-29T16:02:56,C00053,chat,baja_servicio,2.8,0,A026
CC000062,2025-10-10T17:19:25,C00305,email,facturacion,2.3,1,A022
CC000063,2025-10-14T12:29:50,C00392,app,reclamacion,3.9,1,A032
CC000064,2025-10-18T06:53:00,C00244,email,alta_servicio,16.8,1,A026
CC000065,2025-10-23T01:41:16,C00056,email,reclamacion,27.7,1,A010
CC000066,2025-10-02T10:37:49,C00051,telefono,reclamacion,14.2,1,A009
CC000067,2025-10-19T13:47:59,C00310,email,soporte_tecnico,2.4,1,A012
CC000068,2025-10-26T05:47:03,C00393,email,facturacion,8.8,1,A005
CC000069,2025-10-25T12:07:42,C00134,chat,reclamacion,6.1,1,A032
CC000070,2025-10-21T21:27:35,C00451,chat,soporte_tecnico,24.1,1,A003
CC000071,2025-10-23T07:32:18,C00019,app,reclamacion,12.9,1,A029
CC000072,2025-10-24T20:36:54,C00221,telefono,alta_servicio,18.6,1,A011
CC000073,2025-10-27T21:12:18,C00351,telefono,baja_servicio,11.2,1,A032
CC000074,2025-10-03T16:56:18,C00201,chat,reclamacion,13.6,1,A033
CC000075,2025-10-14T19:23:37,C00165,telefono,alta_servicio,27.2,1,A023
CC000076,2025-10-29T08:22:15,C00014,telefono,alta_servicio,1.7,1,A023
CC000077,2025-10-18T08:21:41,C00211,email,baja_servicio,9.9,0,A023
CC000078,2025-10-29T18:20:57,C00044,telefono,baja_servicio,7.2,1,A020
CC000079,2025-10-01T22:57:58,C00276,app,averia,24.4,0,A011
CC000080,2025-10-21T10:42:06,C00137,telefono,reclamacion,18.6,1,A033
CC000081,2025-10-28T16:30:36,C00200,telefono,reclamacion,16.7,1,A025
CC000082,2025-10-17T07:25:49,C00255,telefono,averia,22.7,0,A014
CC000083,2025-10-18T15:18:54,C00497,chat,soporte_tecnico,18.9,0,A020
CC000084,2025-10-27T00:17:30,C00110,chat,reclamacion,18.0,1,A005
CC000085,2025-10-31T07:40:46,C00381,telefono,averia,8.7,1,A015
CC000086,2025-10-14T06:29:35,C00035,tienda,baja_servicio,23.7,0,A022
CC000087,2025-10-15T15:40:38,C00259,chat,alta_servicio,13.6,0,A005
CC000088,2025-10-20T12:42:52,C00129,app,reclamacion,18.7,1,A027
CC000089,2025-10-31T11:29:28,C00361,chat,reclamacion,19.0,1,A002
CC000090,2025-10-14T00:10:04,C00480,chat,facturacion,16.4,0,A030
CC000091,2025-10-28T11:34:24,C00373,chat,soporte_tecnico,17.4,1,A028
CC000092,2025-10-08T07:18:48,C00383,chat,alta_servicio,6.0,1,A016
CC000093,2025-10-31T18:34:44,C00105,email,consulta,23.7,1,A005
CC000094,2025-10-30T04:29:10,C00121,app,consulta,23.2,1,A017
CC000095,2025-10-23T12:47:06,C00249,chat,averia,4.6,0,A020
CC000096,2025-10-08T17:39:57,C00140,chat,reclamacion,12.1,1,A013
CC000097,2025-10-03T01:12:15,C00494,telefono,consulta,22.2,1,A012
CC000098,2025-10-16T05:43:32,C00309,email,soporte_tecnico,1.0,1,A006
CC000099,2025-10-05T09:12:52,C00204,telefono,averia,25.3,1,A024
CC000100,2025-10-06T20:33:31,C00268,app,baja_servicio,23.7,1,A033
CC000101,2025-10-25T02:24:26,C00453,email,alta_servicio,26.6,1,A017
CC000102,2025-10-29T08:47:21,C00378,telefono,alta_servicio,3.9,1,A022
CC000103,2025-10-08T00:05:45,C00055,telefono,baja_servicio,21.0,1,A014
CC000104,2025-10-24T19:18:32,C00274,telefono,consulta,12.6,1,A004
CC000105,2025-10-14T11:34:59,C00451,telefono,averia,9.2,1,A016
CC000106,2025-10-02T00:33:11,C00331,email,facturacion,10.5,1,A020
CC000107,2025-10-12T15:14:33,C00130,tienda,alta_servicio,1.5,1,A004
CC000108,2025-10-26T23:12:58,C00444,chat,consulta,18.1,1,A008
CC000109,2025-10-13T09:43:05,C00155,telefono,reclamacion,11.2,1,A026
CC000110,2025-10-22T07:17:32,C00324,telefono,soporte_tecnico,21.3,1,A011
CC000111,2025-10-14T07:16:32,C00444,telefono,soporte_tecnico,21.6,1,A003
CC000112,2025-10-17T03:38:58,C00368,telefono,soporte_tecnico,26.4,1,A027
CC000113,2025-10-25T13:55:20,C00034,chat,soporte_tecnico,3.3,0,A017
CC000114,2025-10-23T00:05:17,C00356,telefono,alta_servicio,20.6,1,A021
CC000115,2025-10-07T14:33:32,C00002,telefono,averia,18.1,0,A029
CC000116,2025-10-08T15:52:35,C00128,chat,baja_servicio,8.9,1,A008
CC000117,2025-10-16T12:07:37,C00232,chat,soporte_tecnico,23.3,1,A027
CC000118,2025-10-14T16:19:03,C00102,chat,baja_servicio,4.2,0,A021
CC000119,2025-10-02T00:09:27,C00486,telefono,consulta,5.5,1,A015
CC000120,2025-10-23T10:45:50,C00102,telefono,alta_servicio,18.3,1,A006
CC000121,2025-10-30T03:30:29,C00134,telefono,soporte_tecnico,5.1,1,A028
CC000122,2025-10-26T12:38:43,C00223,telefono,consulta,5.2,1,A001
CC000123,2025-10-10T20:40:53,C00098,email,reclamacion,23.2,1,A015
CC000124,2025-10-19T13:08:52,C00067,app,soporte_tecnico,22.0,1,A032
CC000125,2025-10-10T04:37:26,C00215,chat,facturacion,17.0,1,A019
CC000126,2025-10-12T10:21:38,C00317,telefono,soporte_tecnico,4.5,1,A017
CC000127,2025-10-05T03:53:34,C00006,chat,facturacion,10.7,1,A030
CC000128,2025-10-19T14:48:16,C00363,chat,soporte_tecnico,9.4,1,A014
CC000129,2025-10-03T12:42:56,C00171,chat,alta_servicio,7.5,0,A004
CC000130,2025-10-01T06:14:45,C00130,app,reclamacion,25.5,1,A003
CC000131,2025-10-07T10:04:07,C00496,chat,reclamacion,8.8,1,A024
CC000132,2025-10-24T22:12:00,C00477,app,averia,16.5,1,A033
CC000133,2025-10-22T00:23:58,C00073,telefono,reclamacion,4.1,1,A034
CC000134,2025-10-18T12:07:13,C00475,telefono,consulta,1.7,0,A018
CC000135,2025-10-26T02:19:00,C00161,chat,consulta,17.4,1,A017
CC000136,2025-10-27T23:24:28,C00437,chat,facturacion,9.2,1,A010
CC000137,2025-10-03T15:34:31,C00118,app,baja_servicio,22.5,0,A010
CC000138,2025-10-06T15:10:40,C00459,telefono,reclamacion,7.7,1,A028
CC000139,2025-10-23T05:19:43,C00253,app,averia,12.6,1,A032
CC000140,2025-10-10T21:22:01,C00445,telefono,baja_servicio,24.3,0,A006
CC000141,2025-10-28T08:13:50,C00457,telefono,soporte_tecnico,5.1,1,A018
CC000142,2025-10-28T17:00:57,C00093,email,facturacion,16.5,1,A034
CC000143,2025-10-16T22:54:50,C00014,chat,averia,7.3,1,A007
CC000144,2025-10-16T16:56:58,C00079,telefono,baja_servicio,3.9,1,A007
CC000145,2025-10-31T12:05:19,C00490,telefono,reclamacion,23.3,1,A030
CC000146,2025-10-16T18:33:14,C00486,telefono,baja_servicio,0.7,1,A029
CC000147,2025-10-11T06:15:36,C00442,email,baja_servicio,25.4,1,A009
CC000148,2025-10-27T13:28:59,C00488,telefono,baja_servicio,8.3,1,A005
CC000149,2025-10-05T07:54:42,C00011,chat,averia,11.5,0,A026
CC000150,2025-10-06T20:30:41,C00153,app,facturacion,11.2,1,A010
CC000151,2025-10-18T10:19:00,C00341,chat,reclamacion,20.7,1,A009
CC000152,2025-10-24T03:05:32,C00138,telefono,consulta,14.6,1,A025
CC000153,2025-10-30T19:12:28,C00096,chat,reclamacion,3.0,1,A024
CC000154,2025-10-11T21:14:49,C00332,chat,reclamacion,3.1,1,A030
CC000155,2025-10-05T01:49:56,C00149,email,facturacion,26.1,1,A034
CC000156,2025-10-07T04:53:09,C00351,chat,averia,25.4,1,A010
CC000157,2025-10-27T17:57:17,C00040,app,soporte_tecnico,7.3,1,A004
CC000158,2025-10-23T13:21:50,C00339,app,alta_servicio,3.5,1,A007
CC000159,2025-10-25T10:33:19,C00009,email,soporte_tecnico,7.5,1,A006
CC000160,2025-10-03T04:43:48,C00043,telefono,baja_servicio,13.2,1,A026
CC000161,2025-10-22T20:13:38,C00320,chat,baja_servicio,8.7,1,A030
CC000162,2025-10-11T05:54:44,C00095,app,consulta,27.1,1,A012
CC000163,2025-10-26T22:35:35,C00010,telefono,alta_servicio,7.6,1,A028
CC000164,2025-10-20T15:57:57,C00445,telefono,averia,0.9,1,A030
CC000165,2025-10-20T04:12:18,C00412,email,baja_servicio,17.1,1,A024
CC000166,2025-10-10T03:17:36,C00440,telefono,facturacion,4.2,0,A002
CC000167,2025-10-31T09:24:42,C00440,telefono,reclamacion,18.3,1,A028
CC000168,2025-10-24T00:14:14,C00217,email,facturacion,2.9,1,A010
CC000169,2025-10-24T13:07:13,C00242,telefono,facturacion,25.3,1,A029
CC000170,2025-10-03T11:19:43,C00171,telefono,reclamacion,16.6,0,A026
CC000171,2025-10-25T01:32:09,C00378,telefono,baja_servicio,23.8,1,A027
CC000172,2025-10-20T09:39:40,C00249,chat,baja_servicio,15.7,1,A032
CC000173,2025-10-12T06:11:23,C00366,chat,baja_servicio,17.3,1,A032
CC000174,2025-10-14T00:03:59,C00458,telefono,averia,12.1,1,A005
CC000175,2025-10-22T18:20:12,C00358,chat,reclamacion,3.7,1,A023
CC000176,2025-10-22T06:26:09,C00119,chat,facturacion,8.4,0,A023
CC000177,2025-10-07T08:48:38,C00453,chat,alta_servicio,25.5,1,A030
CC000178,2025-10-23T22:17:53,C00410,telefono,baja_servicio,11.2,1,A024
CC000179,2025-10-24T10:36:26,C00067,tienda,facturacion,17.6,1,A006
CC000180,2025-10-24T23:13:53,C00156,telefono,facturacion,17.2,0,A027
CC000181,2025-10-18T07:59:10,C00347,telefono,alta_servicio,1.8,0,A017
CC000182,2025-10-17T09:29:22,C00221,telefono,soporte_tecnico,24.1,1,A005
CC000183,2025-10-17T12:30:23,C00402,telefono,facturacion,3.8,1,A017
CC000184,2025-10-26T00:28:11,C00310,telefono,averia,21.7,1,A010
CC000185,2025-10-06T09:14:37,C00500,email,baja_servicio,1.9,1,A030
CC000186,2025-10-28T07:19:42,C00022,telefono,alta_servicio,17.3,1,A007
CC000187,2025-10-08T14:57:22,C00373,chat,facturacion,17.8,1,A024
CC000188,2025-10-08T11:46:03,C00332,telefono,reclamacion,21.5,1,A007
CC000189,2025-10-21T04:23:01,C00394,telefono,soporte_tecnico,4.3,1,A029
CC000190,2025-10-25T12:23:38,C00088,email,facturacion,23.5,1,A019
CC000191,2025-10-08T08:38:23,C00386,telefono,consulta,20.2,1,A016
CC000192,2025-10-21T01:39:24,C00471,email,reclamacion,22.1,0,A028
CC000193,2025-10-02T10:40:34,C00227,chat,reclamacion,26.7,1,A024
CC000194,2025-10-05T02:46:25,C00174,telefono,averia,20.2,1,A005
CC000195,2025-10-08T07:52:18,C00463,telefono,soporte_tecnico,5.0,0,A003
CC000196,2025-10-15T08:32:38,C00215,chat,baja_servicio,27.5,1,A034
CC000197,2025-10-17T16:58:20,C00005,chat,baja_servicio,19.8,1,A021
CC000198,2025-10-22T15:50:52,C00330,app,alta_servicio,17.3,0,A026
CC000199,2025-10-17T18:14:46,C00455,telefono,alta_servicio,17.7,1,A029
CC000200,2025-10-05T02:11:39,C00019,app,baja_servicio,11.6,0,A020
CC000201,2025-10-26T06:23:28,C00277,chat,reclamacion,20.4,1,A009
CC000202,2025-10-31T20:37:38,C00082,telefono,averia,14.6,1,A022
CC000203,2025-10-21T12:32:04,C00259,telefono,soporte_tecnico,15.3,1,A020
CC000204,2025-10-18T04:59:28,C00064,telefono,averia,23.6,1,A033
CC000205,2025-10-22T23:57:16,C00174,telefono,baja_servicio,26.4,1,A001
CC000206,2025-10-29T21:51:53,C00120,tienda,soporte_tecnico,21.0,1,A035
CC000207,2025-10-19T08:00:44,C00267,telefono,consulta,18.8,1,A009
CC000208,2025-10-23T01:18:32,C00051,email,averia,9.5,1,A024
CC000209,2025-10-21T15:01:44,C00455,telefono,reclamacion,23.3,0,A004
CC000210,2025-10-20T13:14:31,C00302,telefono,facturacion,12.8,1,A034
CC000211,2025-10-31T21:31:51,C00217,chat,soporte_tecnico,11.4,1,A032
CC000212,2025-10-08T21:43:32,C00074,tienda,baja_servicio,26.1,1,A027
CC000213,2025-10-26T16:29:38,C00061,chat,reclamacion,20.1,0,A033
CC000214,2025-10-06T18:22:20,C00309,email,reclamacion,13.5,1,A024
CC000215,2025-10-26T09:04:47,C00079,app,averia,3.8,1,A003
CC000216,2025-10-02T08:35:47,C00406,telefono,consulta,27.8,1,A032
CC000217,2025-10-14T18:16:50,C00111,telefono,soporte_tecnico,16.7,0,A020
CC000218,2025-10-04T06:43:06,C00446,telefono,baja_servicio,13.9,0,A023
CC000219,2025-10-19T07:35:34,C00244,telefono,reclamacion,16.3,1,A022
CC000220,2025-10-31T21:31:47,C00236,app,soporte_tecnico,17.2,1,A033
CC000221,2025-10-05T08:03:34,C00410,email,baja_servicio,12.8,1,A021
CC000222,2025-10-17T10:57:40,C00277,chat,alta_servicio,11.8,1,A026
CC000223,2025-10-09T00:57:18,C00363,telefono,baja_servicio,25.0,1,A006
CC000224,2025-10-28T03:41:35,C00044,telefono,baja_servicio,22.4,1,A008
CC000225,2025-10-10T04:39:43,C00385,telefono,alta_servicio,15.4,1,A034
CC000226,2025-10-01T22:06:20,C00141,chat,averia,3.8,1,A012
CC000227,2025-10-05T02:37:19,C00414,email,facturacion,23.3,1,A029
CC000228,2025-10-17T12:04:41,C00224,chat,consulta,11.5,0,A002
CC000229,2025-10-05T10:03:06,C00059,telefono,averia,24.1,1,A017
CC000230,2025-10-05T08:25:29,C00079,tienda,alta_servicio,5.1,0,A017
CC000231,2025-10-09T19:24:49,C00014,telefono,reclamacion,19.2,0,A021
CC000232,2025-10-16T17:44:27,C00133,email,consulta,11.2,1,A027
CC000233,2025-10-29T23:33:38,C00301,telefono,soporte_tecnico,25.2,0,A016
CC000234,2025-10-14T01:44:33,C00032,telefono,alta_servicio,21.2,1,A008
CC000235,2025-10-31T18:07:44,C00120,telefono,alta_servicio,11.7,1,A027
CC000236,2025-10-12T22:58:44,C00391,app,averia,7.9,1,A007
CC000237,2025-10-05T01:45:37,C00434,chat,soporte_tecnico,4.0,1,A029
CC000238,2025-10-09T03:57:12,C00401,chat,facturacion,22.0,0,A035
CC000239,2025-10-01T01:09:58,C00417,telefono,reclamacion,26.9,1,A003
CC000240,2025-10-01T00:37:57,C00031,chat,soporte_tecnico,17.6,1,A011
CC000241,2025-10-18T01:25:53,C00432,app,reclamacion,8.0,1,A025
CC000242,2025-10-26T22:15:32,C00289,chat,alta_servicio,23.6,1,A011
CC000243,2025-10-28T00:20:42,C00144,telefono,averia,11.4,0,A009
CC000244,2025-10-17T15:11:56,C00326,app,facturacion,17.3,1,A021
CC000245,2025-10-17T14:01:39,C00108,telefono,soporte_tecnico,20.0,1,A021
CC000246,2025-10-01T02:23:07,C00312,chat,alta_servicio,9.5,1,A009
CC000247,2025-10-20T01:38:05,C00276,chat,averia,19.0,1,A032
CC000248,2025-10-06T23:47:22,C00181,telefono,baja_servicio,18.4,1,A029
CC000249,2025-10-01T09:49:23,C00064,tienda,reclamacion,23.3,1,A012
CC000250,2025-10-14T15:32:43,C00349,chat,facturacion,12.7,1,A002
CC000251,2025-10-11T17:39:20,C00120,app,consulta,5.8,1,A020
CC000252,2025-10-01T08:18:48,C00101,tienda,consulta,1.5,1,A014
CC000253,2025-10-24T23:33:53,C00088,tienda,baja_servicio,11.4,1,A033
CC000254,2025-10-04T04:09:02,C00302,chat,baja_servicio,20.8,1,A012
CC000255,2025-10-26T09:25:56,C00374,telefono,averia,4.0,1,A015
CC000256,2025-10-30T19:53:37,C00130,email,facturacion,23.8,0,A035
CC000257,2025-10-16T16:19:17,C00222,email,reclamacion,0.6,1,A004
CC000258,2025-10-25T01:23:11,C00186,app,reclamacion,8.0,1,A030
CC000259,2025-10-21T09:24:28,C00273,chat,averia,24.8,1,A018
CC000260,2025-10-11T22:52:32,C00354,chat,averia,11.3,1,A002
CC000261,2025-10-16T02:06:54,C00033,chat,averia,25.7,0,A022
CC000262,2025-10-29T18:20:54,C00409,chat,averia,1.3,1,A002
CC000263,2025-10-12T13:42:30,C00491,chat,consulta,23.6,1,A031
CC000264,2025-10-04T12:56:50,C00398,telefono,averia,23.1,1,A016
CC000265,2025-10-05T03:39:18,C00499,chat,reclamacion,21.5,1,A008
CC000266,2025-10-07T04:35:23,C00032,telefono,averia,10.9,1,A005
CC000267,2025-10-04T04:39:04,C00053,app,reclamacion,2.0,1,A028
CC000268,2025-10-05T15:39:01,C00317,email,alta_servicio,1.9,1,A026
CC000269,2025-10-23T00:15:44,C00197,email,facturacion,24.3,1,A001
CC000270,2025-10-02T06:15:34,C00233,chat,reclamacion,24.7,1,A022
CC000271,2025-10-29T18:45:46,C00405,chat,alta_servicio,5.8,0,A005
CC000272,2025-10-21T10:30:31,C00247,app,alta_servicio,4.0,1,A023
CC000273,2025-10-03T22:28:38,C00066,email,reclamacion,5.6,0,A003
CC000274,2025-10-16T02:33:38,C00299,telefono,reclamacion,14.6,1,A023
CC000275,2025-10-15T03:06:50,C00189,app,soporte_tecnico,4.5,1,A022
CC000276,2025-10-12T12:34:34,C00260,tienda,alta_servicio,16.6,1,A004
CC000277,2025-10-10T17:27:00,C00328,app,alta_servicio,24.1,1,A013
CC000278,2025-10-23T16:33:47,C00308,app,soporte_tecnico,2.4,0,A031
CC000279,2025-10-21T07:48:55,C00169,email,soporte_tecnico,16.4,1,A020
CC000280,2025-10-11T15:37:34,C00472,telefono,reclamacion,24.6,1,A032
CC000281,2025-10-12T14:28:38,C00247,telefono,facturacion,19.6,1,A014
CC000282,2025-10-20T10:23:52,C00095,email,soporte_tecnico,9.6,1,A014
CC000283,2025-10-27T22:15:45,C00059,app,averia,10.5,0,A002
CC000284,2025-10-03T03:09:10,C00500,telefono,reclamacion,5.8,1,A024
CC000285,2025-10-09T11:03:22,C00174,telefono,facturacion,8.3,0,A017
CC000286,2025-10-05T21:53:42,C00011,app,facturacion,5.4,0,A017
CC000287,2025-10-17T10:14:42,C00480,app,facturacion,10.9,1,A008
CC000288,2025-10-26T13:54:50,C00410,telefono,reclamacion,7.1,1,A011
CC000289,2025-10-07T08:23:12,C00407,tienda,reclamacion,24.7,0,A010
CC000290,2025-10-31T21:09:36,C00126,telefono,alta_servicio,10.9,1,A028
CC000291,2025-10-15T06:44:51,C00405,app,soporte_tecnico,17.4,0,A035
CC000292,2025-10-25T16:10:36,C00496,telefono,facturacion,2.0,1,A009
CC000293,2025-10-30T20:23:40,C00034,chat,reclamacion,6.3,0,A031
CC000294,2025-10-19T04:03:05,C00256,telefono,reclamacion,21.2,1,A033
CC000295,2025-10-25T00:28:28,C00243,chat,facturacion,9.4,1,A031
CC000296,2025-10-11T01:24:18,C00113,telefono,reclamacion,18.0,1,A003
CC000297,2025-10-21T15:11:15,C00456,app,reclamacion,24.2,1,A020
CC000298,2025-10-07T12:30:22,C00385,telefono,facturacion,26.2,1,A006
CC000299,2025-10-23T14:03:32,C00263,telefono,reclamacion,14.8,1,A003
CC000300,2025-10-25T03:40:46,C00163,chat,reclamacion,12.9,1,A024
CC000301,2025-10-18T10:22:24,C00462,telefono,averia,5.4,1,A005
CC000302,2025-10-14T10:03:30,C00475,telefono,soporte_tecnico,14.3,1,A006
CC000303,2025-10-17T04:51:21,C00101,telefono,averia,2.5,0,A013
CC000304,2025-10-10T06:06:52,C00362,email,consulta,8.8,1,A018
CC000305,2025-10-13T16:14:41,C00005,chat,facturacion,28.0,1,A035
CC000306,2025-10-20T16:44:34,C00421,email,consulta,23.1,1,A026
CC000307,2025-10-20T07:07:38,C00117,chat,baja_servicio,0.8,1,A010
CC000308,2025-10-23T09:34:16,C00175,telefono,baja_servicio,6.3,1,A030
CC000309,2025-10-11T04:11:02,C00225,email,consulta,23.8,1,A027
CC000310,2025-10-15T20:01:01,C00483,chat,alta_servicio,1.3,0,A009
CC000311,2025-10-11T22:42:56,C00215,email,reclamacion,22.8,1,A022
CC000312,2025-10-15T13:06:09,C00167,chat,soporte_tecnico,11.6,1,A035
CC000313,2025-10-17T00:46:11,C00291,chat,alta_servicio,22.1,1,A010
CC000314,2025-10-19T12:16:05,C00105,chat,alta_servicio,25.6,1,A026
CC000315,2025-10-16T23:07:40,C00292,app,averia,15.2,0,A007
CC000316,2025-10-27T20:10:59,C00091,tienda,baja_servicio,25.1,0,A007
CC000317,2025-10-04T08:57:46,C00467,telefono,baja_servicio,17.1,0,A013
CC000318,2025-10-04T09:31:55,C00233,tienda,consulta,6.2,1,A034
CC000319,2025-10-19T23:40:14,C00081,telefono,alta_servicio,0.8,1,A027
CC000320,2025-10-19T21:12:34,C00490,tienda,facturacion,15.3,1,A005
CC000321,2025-10-24T01:09:31,C00082,app,facturacion,4.1,0,A028
CC000322,2025-10-14T08:54:43,C00104,chat,consulta,16.7,1,A030
CC000323,2025-10-26T12:40:02,C00169,telefono,facturacion,12.8,1,A016
CC000324,2025-10-14T23:26:29,C00331,app,reclamacion,13.2,1,A006
CC000325,2025-10-19T23:39:11,C00314,app,reclamacion,10.0,1,A020
CC000326,2025-10-23T05:24:30,C00197,app,soporte_tecnico,5.3,1,A028
CC000327,2025-10-12T15:15:54,C00454,app,facturacion,19.7,0,A003
CC000328,2025-10-11T13:07:12,C00466,app,consulta,24.8,1,A005
CC000329,2025-10-06T02:35:43,C00259,chat,soporte_tecnico,15.7,1,A005
CC000330,2025-10-25T13:36:28,C00023,email,consulta,11.8,0,A014
CC000331,2025-10-19T12:04:42,C00176,chat,averia,18.1,1,A030
CC000332,2025-10-06T13:36:54,C00364,email,soporte_tecnico,5.8,0,A017
CC000333,2025-10-04T07:30:07,C00043,app,consulta,18.9,1,A030
CC000334,2025-10-14T13:13:25,C00431,chat,facturacion,20.1,1,A031
CC000335,2025-10-07T00:38:48,C00274,telefono,soporte_tecnico,1.0,0,A019
CC000336,2025-10-08T10:50:10,C00226,email,facturacion,2.6,1,A018
CC000337,2025-10-11T11:51:08,C00227,telefono,facturacion,20.1,1,A035
CC000338,2025-10-19T23:06:12,C00354,email,soporte_tecnico,18.0,1,A007
CC000339,2025-10-10T19:02:30,C00476,telefono,averia,17.0,0,A025
CC000340,2025-10-01T16:57:48,C00173,telefono,facturacion,6.0,0,A002
CC000341,2025-10-09T03:35:51,C00371,app,baja_servicio,18.9,1,A007
CC000342,2025-10-28T06:50:25,C00321,telefono,reclamacion,14.6,1,A021
CC000343,2025-10-06T20:44:48,C00119,telefono,facturacion,26.2,1,A028
CC000344,2025-10-01T13:57:33,C00200,telefono,consulta,9.4,0,A021
CC000345,2025-10-03T03:11:33,C00035,telefono,facturacion,2.3,1,A024
CC000346,2025-10-27T00:41:48,C00406,app,reclamacion,8.8,1,A007
CC000347,2025-10-30T02:53:45,C00167,tienda,soporte_tecnico,16.2,1,A007
CC000348,2025-10-17T02:51:44,C00090,tienda,baja_servicio,11.2,1,A009
CC000349,2025-10-04T06:39:32,C00172,chat,baja_servicio,9.2,1,A031
CC000350,2025-10-25T10:31:36,C00301,telefono,alta_servicio,12.8,1,A015
CC000351,2025-10-15T23:50:05,C00122,email,averia,6.9,1,A008
CC000352,2025-10-19T04:21:05,C00256,email,soporte_tecnico,7.2,0,A009
CC000353,2025-10-30T00:48:29,C00485,telefono,facturacion,10.8,1,A016
CC000354,2025-10-26T06:51:39,C00406,chat,consulta,4.2,1,A003
CC000355,2025-10-17T01:57:28,C00176,tienda,baja_servicio,22.8,1,A015
CC000356,2025-10-11T19:09:57,C00312,telefono,alta_servicio,2.0,1,A016
CC000357,2025-10-04T03:17:02,C00446,app,alta_servicio,9.3,1,A001
CC000358,2025-10-07T02:17:21,C00047,chat,facturacion,1.9,1,A014
CC000359,2025-10-25T15:11:32,C00041,telefono,alta_servicio,23.4,1,A016
CC000360,2025-10-21T14:00:55,C00091,chat,reclamacion,9.1,1,A016
CC000361,2025-10-14T04:44:26,C00442,chat,consulta,8.3,1,A013
CC000362,2025-10-09T03:27:41,C00242,email,averia,26.7,1,A025
CC000363,2025-10-24T09:34:17,C00011,chat,alta_servicio,17.3,1,A010
CC000364,2025-10-29T21:26:19,C00276,email,reclamacion,24.0,1,A020
CC000365,2025-10-23T00:29:09,C00146,telefono,baja_servicio,5.3,1,A020
CC000366,2025-10-10T12:01:31,C00080,telefono,alta_servicio,13.7,1,A031
CC000367,2025-10-24T20:35:06,C00208,app,averia,0.9,1,A024
CC000368,2025-10-15T22:37:32,C00329,app,reclamacion,27.2,1,A032
CC000369,2025-10-19T16:21:17,C00478,tienda,averia,11.7,0,A008
CC000370,2025-10-25T17:44:12,C00364,chat,facturacion,21.5,1,A023
CC000371,2025-10-21T14:02:34,C00377,chat,baja_servicio,10.6,0,A025
CC000372,2025-10-08T04:17:51,C00134,telefono,reclamacion,1.4,1,A002
CC000373,2025-10-01T14:22:26,C00060,chat,baja_servicio,4.6,1,A011
CC000374,2025-10-26T04:08:21,C00466,email,baja_servicio,20.1,1,A006
CC000375,2025-10-25T07:17:44,C00496,telefono,reclamacion,5.1,1,A020
CC000376,2025-10-06T07:18:48,C00326,chat,reclamacion,16.6,1,A006
CC000377,2025-10-20T07:40:08,C00358,chat,soporte_tecnico,10.0,0,A014
CC000378,2025-10-21T06:49:06,C00269,telefono,facturacion,23.0,0,A005
CC000379,2025-10-10T01:10:18,C00361,chat,consulta,20.7,0,A024
CC000380,2025-10-28T12:42:36,C00417,telefono,reclamacion,5.5,1,A029
CC000381,2025-10-13T14:10:00,C00462,telefono,facturacion,2.1,0,A013
CC000382,2025-10-04T20:59:06,C00151,app,reclamacion,17.7,1,A011
CC000383,2025-10-24T04:47:25,C00249,telefono,averia,8.1,1,A016
CC000384,2025-10-29T06:35:53,C00405,email,averia,0.8,1,A001
CC000385,2025-10-30T06:31:41,C00267,tienda,averia,6.3,1,A025
CC000386,2025-10-30T08:08:38,C00220,tienda,soporte_tecnico,7.8,1,A022
CC000387,2025-10-18T12:50:27,C00341,telefono,baja_servicio,25.0,1,A016
CC000388,2025-10-05T20:42:54,C00002,telefono,alta_servicio,2.1,1,A022
CC000389,2025-10-02T05:55:11,C00309,chat,baja_servicio,11.5,1,A009
CC000390,2025-10-18T21:15:06,C00232,telefono,alta_servicio,8.2,1,A016
CC000391,2025-10-01T03:38:44,C00327,chat,baja_servicio,24.4,1,A013
CC000392,2025-10-16T19:15:51,C00348,tienda,soporte_tecnico,9.4,1,A003
CC000393,2025-10-17T21:50:18,C00220,chat,alta_servicio,13.8,1,A006
CC000394,2025-10-19T16:23:33,C00151,app,reclamacion,27.6,1,A007
CC000395,2025-10-02T12:59:11,C00066,chat,baja_servicio,4.4,1,A033
CC000396,2025-10-09T03:47:44,C00459,chat,averia,8.8,1,A030
CC000397,2025-10-11T06:34:45,C00088,chat,averia,13.8,1,A016
CC000398,2025-10-08T18:41:15,C00476,email,baja_servicio,19.7,0,A002
CC000399,2025-10-24T02:55:56,C00488,app,reclamacion,21.6,1,A017
CC000400,2025-10-05T09:22:20,C00408,app,averia,18.8,1,A032
CC000401,2025-10-17T15:53:13,C00194,email,soporte_tecnico,6.7,1,A005
CC000402,2025-10-12T07:53:34,C00115,app,baja_servicio,20.7,1,A028
CC000403,2025-10-06T15:16:24,C00294,telefono,consulta,2.9,0,A013
CC000404,2025-10-16T02:06:25,C00032,telefono,soporte_tecnico,9.1,1,A001
CC000405,2025-10-18T17:17:00,C00409,chat,facturacion,23.8,1,A021
CC000406,2025-10-06T04:10:53,C00203,email,soporte_tecnico,4.0,1,A015
CC000407,2025-10-11T15:02:30,C00256,telefono,soporte_tecnico,13.2,0,A019
CC000408,2025-10-30T01:44:46,C00164,email,facturacion,17.0,0,A003
CC000409,2025-10-31T15:15:29,C00425,telefono,baja_servicio,3.9,1,A031
CC000410,2025-10-08T09:54:39,C00424,telefono,consulta,19.9,1,A022
CC000411,2025-10-09T16:34:25,C00439,email,soporte_tecnico,20.6,1,A004
CC000412,2025-10-02T01:07:33,C00281,chat,reclamacion,8.7,1,A011
CC000413,2025-10-19T23:37:17,C00037,telefono,reclamacion,19.1,1,A026
CC000414,2025-10-05T17:23:07,C00068,chat,consulta,8.3,1,A026
CC000415,2025-10-23T05:03:50,C00336,telefono,soporte_tecnico,16.5,1,A020
CC000416,2025-10-11T04:23:43,C00112,telefono,facturacion,12.7,1,A010
CC000417,2025-10-08T03:58:22,C00193,app,facturacion,20.7,0,A007
CC000418,2025-10-05T15:54:13,C00183,tienda,reclamacion,19.2,0,A004
CC000419,2025-10-17T10:21:52,C00304,tienda,facturacion,26.5,0,A033
CC000420,2025-10-06T18:24:53,C00124,chat,facturacion,17.7,1,A003
CC000421,2025-10-05T08:24:16,C00399,telefono,consulta,19.4,1,A025
CC000422,2025-10-18T19:57:44,C00006,chat,soporte_tecnico,18.4,1,A029
CC000423,2025-10-11T22:04:05,C00012,telefono,averia,3.9,1,A033
CC000424,2025-10-29T18:45:14,C00093,chat,alta_servicio,13.7,1,A007
CC000425,2025-10-05T19:51:26,C00167,telefono,baja_servicio,19.8,1,A009
CC000426,2025-10-20T02:48:22,C00285,telefono,soporte_tecnico,22.4,0,A002
CC000427,2025-10-29T09:14:59,C00276,app,soporte_tecnico,22.8,1,A034
CC000428,2025-10-06T16:41:41,C00093,email,soporte_tecnico,18.4,1,A014
CC000429,2025-10-06T23:21:29,C00021,app,baja_servicio,5.4,1,A021
CC000430,2025-10-02T16:47:02,C00044,telefono,facturacion,18.4,0,A017
CC000431,2025-10-21T12:53:25,C00484,tienda,alta_servicio,8.7,1,A011
CC000432,2025-10-15T05:49:55,C00338,email,facturacion,8.8,1,A034
CC000433,2025-10-18T02:14:46,C00311,chat,facturacion,16.4,1,A034
CC000434,2025-10-12T12:14:30,C00019,chat,facturacion,19.4,1,A003
CC000435,2025-10-30T05:32:56,C00283,telefono,consulta,24.0,0,A009
CC000436,2025-10-04T14:38:07,C00282,telefono,consulta,8.1,1,A028
CC000437,2025-10-05T00:59:52,C00484,telefono,reclamacion,18.4,0,A030
CC000438,2025-10-04T10:12:21,C00323,telefono,reclamacion,26.4,0,A014
CC000439,2025-10-28T08:41:26,C00337,email,baja_servicio,19.7,0,A024
CC000440,2025-10-16T08:35:11,C00404,chat,alta_servicio,17.1,1,A010
CC000441,2025-10-07T01:11:39,C00273,chat,averia,27.0,1,A018
CC000442,2025-10-18T14:42:55,C00466,telefono,alta_servicio,11.7,1,A006
CC000443,2025-10-01T11:29:29,C00051,telefono,consulta,4.5,1,A018
CC000444,2025-10-09T12:44:30,C00270,telefono,facturacion,10.9,0,A008
CC000445,2025-10-26T16:16:59,C00179,email,consulta,16.7,1,A007
CC000446,2025-10-03T07:52:52,C00088,email,soporte_tecnico,8.3,1,A007
CC000447,2025-10-27T18:44:38,C00305,telefono,soporte_tecnico,11.2,1,A035
CC000448,2025-10-25T22:20:49,C00366,app,reclamacion,13.6,0,A001
CC000449,2025-10-03T13:35:30,C00471,telefono,facturacion,4.4,1,A018
CC000450,2025-10-23T05:21:36,C00094,email,consulta,20.0,1,A027
CC000451,2025-10-21T18:22:56,C00267,chat,consulta,22.5,1,A018
CC000452,2025-10-15T20:07:17,C00209,app,soporte_tecnico,6.8,1,A006
CC000453,2025-10-05T13:05:27,C00085,email,soporte_tecnico,3.0,0,A016
CC000454,2025-10-01T12:27:36,C00493,chat,averia,20.9,1,A032
CC000455,2025-10-25T03:59:06,C00264,app,baja_servicio,14.5,1,A031
CC000456,2025-10-01T16:11:41,C00316,email,baja_servicio,24.9,1,A026
CC000457,2025-10-17T18:01:29,C00126,telefono,soporte_tecnico,21.0,1,A035
CC000458,2025-10-30T13:45:43,C00022,tienda,baja_servicio,26.6,1,A034
CC000459,2025-10-11T22:13:26,C00090,chat,facturacion,19.0,1,A034
CC000460,2025-10-21T12:30:25,C00254,telefono,soporte_tecnico,4.2,1,A004
CC000461,2025-10-27T04:07:11,C00436,telefono,consulta,27.2,1,A016
CC000462,2025-10-11T08:14:23,C00002,email,averia,8.5,1,A017
CC000463,2025-10-02T17:16:40,C00479,email,alta_servicio,11.3,1,A033
CC000464,2025-10-30T21:08:40,C00236,chat,alta_servicio,23.8,0,A001
CC000465,2025-10-20T12:26:35,C00182,telefono,consulta,3.4,1,A012
CC000466,2025-10-08T11:05:09,C00211,telefono,reclamacion,14.0,0,A033
CC000467,2025-10-11T23:25:12,C00241,telefono,reclamacion,0.7,1,A017
CC000468,2025-10-14T01:58:08,C00056,telefono,consulta,10.5,1,A035
CC000469,2025-10-22T01:36:00,C00003,tienda,baja_servicio,23.6,0,A023
CC000470,2025-10-02T22:54:07,C00069,telefono,soporte_tecnico,20.0,0,A019
CC000471,2025-10-24T06:25:08,C00492,telefono,baja_servicio,9.6,0,A013
CC000472,2025-10-07T04:28:16,C00167,email,consulta,3.8,1,A032
CC000473,2025-10-07T09:06:45,C00057,email,soporte_tecnico,24.7,1,A025
CC000474,2025-10-01T15:54:07,C00393,tienda,soporte_tecnico,1.1,0,A033
CC000475,2025-10-22T02:01:45,C00246,email,averia,19.2,1,A001
CC000476,2025-10-25T19:38:15,C00096,telefono,reclamacion,2.8,1,A010
CC000477,2025-10-21T20:00:23,C00102,telefono,soporte_tecnico,3.7,1,A016
CC000478,2025-10-30T15:59:01,C00093,chat,soporte_tecnico,22.8,1,A033
CC000479,2025-10-06T20:20:50,C00068,telefono,soporte_tecnico,16.8,1,A015
CC000480,2025-10-01T20:34:37,C00316,chat,consulta,27.7,1,A028
CC000481,2025-10-31T17:51:34,C00119,telefono,soporte_tecnico,1.9,1,A020
CC000482,2025-10-15T18:31:24,C00057,telefono,reclamacion,13.7,1,A004
CC000483,2025-10-16T12:38:29,C00459,telefono,consulta,26.4,1,A016
CC000484,2025-10-11T06:58:18,C00147,telefono,averia,0.5,1,A021
CC000485,2025-10-18T15:36:10,C00172,chat,alta_servicio,3.3,0,A032
CC000486,2025-10-17T01:53:22,C00185,telefono,averia,18.9,1,A009
CC000487,2025-10-12T13:35:02,C00333,email,consulta,20.9,1,A024
CC000488,2025-10-31T13:29:20,C00381,telefono,alta_servicio,11.1,1,A009
CC000489,2025-10-10T08:46:36,C00361,chat,averia,16.6,1,A013
CC000490,2025-10-15T15:14:43,C00372,chat,averia,2.6,1,A022
CC000491,2025-10-07T04:56:06,C00099,chat,soporte_tecnico,6.1,1,A003
CC000492,2025-10-18T18:26:05,C00230,chat,baja_servicio,7.4,1,A023
CC000493,2025-10-26T10:13:40,C00477,chat,averia,25.5,0,A027
CC000494,2025-10-15T01:28:26,C00024,tienda,soporte_tecnico,1.1,1,A009
CC000495,2025-10-25T00:44:49,C00351,tienda,averia,22.3,1,A026
CC000496,2025-10-19T15:34:03,C00288,chat,alta_servicio,27.2,0,A033
CC000497,2025-10-08T18:25:01,C00293,email,reclamacion,17.2,0,A001
CC000498,2025-10-23T02:37:37,C00258,telefono,baja_servicio,0.7,1,A033
CC000499,2025-10-14T00:50:32,C00283,email,alta_servicio,7.6,1,A019
CC000500,2025-10-08T04:35:41,C00483,telefono,facturacion,1.8,1,A003
CC000501,2025-10-11T04:38:08,C00274,app,facturacion,7.9,1,A016
CC000502,2025-10-16T18:08:31,C00043,telefono,baja_servicio,10.1,1,A024
CC000503,2025-10-16T18:13:38,C00030,app,alta_servicio,7.8,0,A019
CC000504,2025-10-09T13:54:41,C00132,chat,averia,23.2,0,A018
CC000505,2025-10-19T13:02:24,C00485,tienda,alta_servicio,18.6,1,A007
CC000506,2025-10-22T11:10:57,C00113,email,soporte_tecnico,17.7,1,A014
CC000507,2025-10-08T13:20:07,C00229,telefono,facturacion,16.5,1,A026
CC000508,2025-10-05T13:09:28,C00254,telefono,baja_servicio,12.4,0,A031
CC000509,2025-10-09T18:11:20,C00332,telefono,facturacion,22.9,0,A032
CC000510,2025-10-30T12:09:50,C00097,telefono,consulta,5.0,0,A026
CC000511,2025-10-05T20:46:51,C00371,telefono,averia,12.2,1,A026
CC000512,2025-10-19T08:15:23,C00197,chat,baja_servicio,21.1,0,A007
CC000513,2025-10-07T09:59:59,C00128,telefono,soporte_tecnico,0.9,1,A003
CC000514,2025-10-01T10:56:50,C00491,email,consulta,4.4,1,A001
CC000515,2025-10-10T19:43:18,C00072,email,alta_servicio,20.7,1,A006
CC000516,2025-10-17T02:31:26,C00246,chat,alta_servicio,25.0,1,A020
CC000517,2025-10-06T23:23:36,C00011,telefono,averia,15.4,1,A035
CC000518,2025-10-07T21:14:59,C00001,app,averia,15.5,0,A027
CC000519,2025-10-14T22:12:00,C00116,app,averia,6.7,1,A023
CC000520,2025-10-24T21:00:45,C00087,app,baja_servicio,11.1,1,A008
CC000521,2025-10-04T16:53:03,C00316,tienda,facturacion,3.3,1,A023
CC000522,2025-10-30T08:18:03,C00078,telefono,consulta,25.9,1,A003
CC000523,2025-10-08T07:01:08,C00458,telefono,alta_servicio,9.7,0,A028
CC000524,2025-10-14T03:50:47,C00470,email,consulta,17.7,1,A007
CC000525,2025-10-01T02:32:18,C00442,chat,consulta,26.2,1,A005
CC000526,2025-10-19T23:04:53,C00229,app,facturacion,21.9,0,A010
CC000527,2025-10-29T01:14:08,C00219,email,soporte_tecnico,27.3,1,A008
CC000528,2025-10-09T19:53:47,C00393,tienda,consulta,4.5,1,A009
CC000529,2025-10-30T05:04:53,C00407,telefono,consulta,14.1,1,A027
CC000530,2025-10-19T14:26:35,C00215,chat,facturacion,22.6,1,A016
CC000531,2025-10-19T16:07:23,C00043,chat,alta_servicio,15.2,1,A015
CC000532,2025-10-05T05:39:13,C00121,chat,reclamacion,15.0,1,A015
CC000533,2025-10-07T11:38:48,C00472,telefono,facturacion,27.8,0,A031
CC000534,2025-10-15T07:20:50,C00236,telefono,consulta,10.4,1,A009
CC000535,2025-10-12T18:31:47,C00108,telefono,soporte_tecnico,15.7,1,A027
CC000536,2025-10-19T07:46:25,C00376,app,averia,21.0,0,A010
CC000537,2025-10-24T03:32:35,C00429,telefono,reclamacion,10.7,1,A005
CC000538,2025-10-12T21:29:56,C00040,chat,facturacion,1.3,1,A006
CC000539,2025-10-23T19:18:56,C00381,telefono,soporte_tecnico,22.9,0,A012
CC000540,2025-10-17T09:01:33,C00228,telefono,alta_servicio,19.7,1,A027
CC000541,2025-10-02T13:25:17,C00310,email,baja_servicio,0.9,0,A004
CC000542,2025-10-23T01:17:37,C00284,email,alta_servicio,4.9,1,A028
CC000543,2025-10-21T13:36:41,C00477,email,consulta,25.8,1,A015
CC000544,2025-10-11T06:50:23,C00206,telefono,averia,14.8,1,A009
CC000545,2025-10-23T17:46:03,C00245,chat,facturacion,11.3,1,A005
CC000546,2025-10-19T00:48:12,C00332,telefono,baja_servicio,11.6,1,A004
CC000547,2025-10-02T08:40:45,C00123,chat,consulta,3.5,0,A022
CC000548,2025-10-16T00:09:03,C00097,telefono,alta_servicio,3.4,0,A001
CC000549,2025-10-28T16:14:28,C00290,chat,baja_servicio,26.1,1,A006
CC000550,2025-10-15T23:33:02,C00005,telefono,soporte_tecnico,13.8,0,A006
CC000551,2025-10-16T06:23:13,C00385,tienda,soporte_tecnico,8.3,1,A013
CC000552,2025-10-17T02:00:49,C00209,telefono,consulta,27.3,1,A007
CC000553,2025-10-02T03:35:43,C00301,app,alta_servicio,3.3,1,A010
CC000554,2025-10-08T19:50:18,C00078,email,reclamacion,16.6,1,A019
CC000555,2025-10-11T11:14:49,C00414,email,averia,24.8,0,A015
CC000556,2025-10-26T01:32:02,C00374,email,facturacion,21.6,0,A033
CC000557,2025-10-17T10:59:15,C00149,chat,alta_servicio,26.1,1,A009
CC000558,2025-10-12T14:35:02,C00107,telefono,soporte_tecnico,26.4,0,A025
CC000559,2025-10-05T17:29:10,C00413,tienda,alta_servicio,2.6,0,A032
CC000560,2025-10-25T05:16:29,C00049,telefono,soporte_tecnico,24.4,1,A006
CC000561,2025-10-28T23:41:05,C00187,chat,facturacion,26.2,0,A018
CC000562,2025-10-23T23:23:20,C00132,telefono,averia,5.4,1,A017
CC000563,2025-10-28T14:37:20,C00250,email,reclamacion,18.4,0,A008
CC000564,2025-10-22T09:36:05,C00188,telefono,soporte_tecnico,8.4,1,A009
CC000565,2025-10-25T13:27:56,C00231,chat,alta_servicio,26.7,1,A027
CC000566,2025-10-12T21:13:56,C00359,telefono,baja_servicio,1.7,1,A004
CC000567,2025-10-08T16:19:23,C00292,app,averia,4.8,0,A025
CC000568,2025-10-17T22:32:31,C00239,telefono,averia,6.6,1,A006
CC000569,2025-10-09T18:02:01,C00375,chat,alta_servicio,25.3,1,A006
CC000570,2025-10-04T03:06:53,C00163,telefono,reclamacion,21.6,0,A022
CC000571,2025-10-06T13:11:59,C00143,telefono,alta_servicio,13.9,1,A031
CC000572,2025-10-16T13:02:40,C00291,chat,alta_servicio,4.8,1,A014
CC000573,2025-10-21T21:06:50,C00243,telefono,alta_servicio,21.8,0,A024
CC000574,2025-10-14T02:23:45,C00130,telefono,facturacion,24.4,1,A028
CC000575,2025-10-15T11:35:15,C00448,chat,averia,4.4,1,A006
CC000576,2025-10-09T22:28:00,C00426,email,soporte_tecnico,12.0,0,A017
CC000577,2025-10-10T15:23:31,C00179,telefono,reclamacion,9.9,1,A011
CC000578,2025-10-22T04:53:24,C00182,app,reclamacion,13.6,1,A011
CC000579,2025-10-04T18:39:13,C00371,app,alta_servicio,11.2,0,A013
CC000580,2025-10-01T16:31:43,C00078,email,alta_servicio,4.5,1,A021
CC000581,2025-10-13T18:11:14,C00267,app,facturacion,14.2,1,A027
CC000582,2025-10-29T01:51:29,C00050,email,reclamacion,26.4,1,A029
CC000583,2025-10-09T01:31:18,C00308,telefono,baja_servicio,27.4,1,A035
CC000584,2025-10-18T23:22:47,C00417,telefono,consulta,6.3,0,A001
CC000585,2025-10-25T05:31:45,C00333,telefono,consulta,25.2,1,A008
CC000586,2025-10-21T16:09:00,C00268,tienda,reclamacion,11.8,1,A035
CC000587,2025-10-19T02:43:04,C00091,tienda,consulta,3.6,0,A028
CC000588,2025-10-31T18:47:18,C00146,chat,facturacion,15.4,1,A028
CC000589,2025-10-05T08:26:08,C00333,email,soporte_tecnico,3.2,0,A007
CC000590,2025-10-05T20:09:40,C00325,telefono,reclamacion,3.4,1,A035
CC000591,2025-10-11T06:50:51,C00115,chat,alta_servicio,22.7,1,A027
CC000592,2025-10-07T00:59:01,C00180,email,alta_servicio,11.0,0,A031
CC000593,2025-10-01T08:51:38,C00482,tienda,reclamacion,11.9,1,A026
CC000594,2025-10-15T22:08:35,C00430,telefono,facturacion,14.5,1,A017
CC000595,2025-10-02T14:04:07,C00008,app,reclamacion,19.0,0,A027
CC000596,2025-10-17T06:24:29,C00088,telefono,soporte_tecnico,10.8,1,A021
CC000597,2025-10-30T22:00:14,C00330,tienda,reclamacion,7.2,1,A013
CC000598,2025-10-31T21:18:44,C00200,telefono,averia,22.5,1,A009
CC000599,2025-10-22T05:36:35,C00119,tienda,facturacion,11.6,1,A011
CC000600,2025-10-31T10:52:43,C00470,telefono,soporte_tecnico,4.0,0,A026
