timestamp,region,avg_download_mbps,avg_upload_mbps,avg_latency_ms,packet_loss_pct,active_users
2025-10-25T00:00:00,Madrid,465.6,58.7,23.5,0.039,1097
2025-10-25T00:00:00,Barcelona,431.5,49.1,21.9,0.031,1328
2025-10-25T00:00:00,Valencia,445.2,51.4,18.4,0.114,1116
2025-10-25T00:00:00,Sevilla,439.0,56.2,22.0,0.036,1163
2025-10-25T00:00:00,Bilbao,427.8,53.8,17.2,0.119,1243
2025-10-25T00:00:00,Zaragoza,416.2,53.6,17.5,0.141,1061
2025-10-25T01:00:00,Madrid,488.3,61.8,15.9,0.074,1112
2025-10-25T01:00:00,Barcelona,436.4,52.4,23.1,0.023,1303
2025-10-25T01:00:00,Valencia,440.7,59.2,16.9,0.024,1061
2025-10-25T01:00:00,Sevilla,404.8,50.5,20.6,0.039,1264
2025-10-25T01:00:00,Bilbao,432.5,52.2,23.2,0.123,1142
2025-10-25T01:00:00,Zaragoza,387.9,52.5,20.9,0.098,1066
2025-10-25T02:00:00,Madrid,457.0,55.6,18.1,0.149,1329
2025-10-25T02:00:00,Barcelona,430.3,54.0,17.3,0.027,1065
2025-10-25T02:00:00,Valencia,422.2,52.9,21.8,0.04,1236
2025-10-25T02:00:00,Sevilla,386.9,45.5,17.9,0.041,1114
2025-10-25T02:00:00,Bilbao,426.1,53.1,23.6,0.059,1332
2025-10-25T02:00:00,Zaragoza,409.1,50.8,22.3,0.071,1254
2025-10-25T03:00:00,Madrid,505.3,60.7,16.8,0.128,1193
2025-10-25T03:00:00,Barcelona,487.7,57.0,22.1,0.092,1134
2025-10-25T03:00:00,Valencia,437.6,59.2,19.4,0.134,1266
2025-10-25T03:00:00,Sevilla,415.8,49.7,17.9,0.025,1246
2025-10-25T03:00:00,Bilbao,435.8,55.1,18.4,0.099,1082
2025-10-25T03:00:00,Zaragoza,397.0,53.5,23.6,0.045,1259
2025-10-25T04:00:00,Madrid,467.6,61.7,20.8,0.145,1230
2025-10-25T04:00:00,Barcelona,453.9,52.9,22.3,0.07,1145
2025-10-25T04:00:00,Valencia,411.5,47.2,20.9,0.062,1210
2025-10-25T04:00:00,Sevilla,387.3,46.6,15.1,0.056,1288
2025-10-25T04:00:00,Bilbao,444.0,53.7,17.1,0.019,1195
2025-10-25T04:00:00,Zaragoza,406.1,51.0,15.9,0.049,1088
2025-10-25T05:00:00,Madrid,484.4,62.0,21.1,0.071,1213
2025-10-25T05:00:00,Barcelona,441.9,50.7,19.4,0.017,1190
2025-10-25T05:00:00,Valencia,415.3,48.2,16.5,0.056,1246
2025-10-25T05:00:00,Sevilla,394.2,44.5,15.2,0.12,1344
2025-10-25T05:00:00,Bilbao,469.3,62.8,17.6,0.128,1256
2025-10-25T05:00:00,Zaragoza,372.2,46.9,19.7,0.057,1058
2025-10-25T06:00:00,Madrid,454.2,52.7,22.2,0.111,1190
2025-10-25T06:00:00,Barcelona,449.0,54.6,15.7,0.118,1302
2025-10-25T06:00:00,Valencia,426.7,52.3,21.3,0.074,1112
2025-10-25T06:00:00,Sevilla,430.6,58.2,15.9,0.041,1055
2025-10-25T06:00:00,Bilbao,418.3,57.2,22.8,0.111,1165
2025-10-25T06:00:00,Zaragoza,380.2,44.4,23.1,0.062,1325
2025-10-25T07:00:00,Madrid,509.4,68.0,22.8,0.046,1072
2025-10-25T07:00:00,Barcelona,436.6,59.1,15.7,0.056,1244
2025-10-25T07:00:00,Valencia,406.2,47.5,16.2,0.074,1114
2025-10-25T07:00:00,Sevilla,399.2,46.4,20.3,0.129,1261
2025-10-25T07:00:00,Bilbao,448.2,57.7,19.7,0.044,1294
2025-10-25T07:00:00,Zaragoza,409.7,56.0,17.9,0.112,1165
2025-10-25T08:00:00,Madrid,455.5,59.6,21.4,0.059,1174
2025-10-25T08:00:00,Barcelona,469.6,61.0,16.9,0.021,1303
2025-10-25T08:00:00,Valencia,393.6,44.3,16.9,0.125,1146
2025-10-25T08:00:00,Sevilla,409.3,49.6,22.3,0.117,1313
2025-10-25T08:00:00,Bilbao,461.5,60.3,17.8,0.074,1128
2025-10-25T08:00:00,Zaragoza,420.9,48.7,16.2,0.138,1247
2025-10-25T09:00:00,Madrid,397.7,53.4,25.0,0.155,1506
2025-10-25T09:00:00,Barcelona,328.0,40.2,26.6,0.186,1705
2025-10-25T09:00:00,Valencia,332.0,38.0,28.3,0.149,1533
2025-10-25T09:00:00,Sevilla,286.4,35.4,22.8,0.1,1681
2025-10-25T09:00:00,Bilbao,335.6,39.6,28.7,0.028,1630
2025-10-25T09:00:00,Zaragoza,290.4,35.3,24.3,0.074,1635
2025-10-25T10:00:00,Madrid,355.6,40.4,26.2,0.146,1626
2025-10-25T10:00:00,Barcelona,335.5,38.8,22.0,0.063,1662
2025-10-25T10:00:00,Valencia,324.2,36.6,20.8,0.058,1466
2025-10-25T10:00:00,Sevilla,298.6,32.9,20.7,0.061,1443
2025-10-25T10:00:00,Bilbao,340.4,40.3,28.3,0.14,1617
2025-10-25T10:00:00,Zaragoza,301.2,33.7,27.0,0.173,1547
2025-10-25T11:00:00,Madrid,368.9,42.8,22.2,0.129,1557
2025-10-25T11:00:00,Barcelona,367.9,41.9,24.9,0.14,1654
2025-10-25T11:00:00,Valencia,337.4,45.7,26.6,0.044,1445
2025-10-25T11:00:00,Sevilla,295.4,35.2,24.5,0.188,1652
2025-10-25T11:00:00,Bilbao,334.1,37.0,29.2,0.173,1497
2025-10-25T11:00:00,Zaragoza,318.4,43.3,25.7,0.189,1708
2025-10-25T12:00:00,Madrid,450.1,60.0,19.3,0.016,1058
2025-10-25T12:00:00,Barcelona,464.0,62.9,22.5,0.084,1135
2025-10-25T12:00:00,Valencia,435.3,57.2,15.9,0.123,1221
2025-10-25T12:00:00,Sevilla,407.2,53.2,23.9,0.046,1299
2025-10-25T12:00:00,Bilbao,425.2,52.7,22.4,0.052,1220
2025-10-25T12:00:00,Zaragoza,423.5,55.7,22.7,0.136,1297
2025-10-25T13:00:00,Madrid,456.8,59.0,21.6,0.013,1260
2025-10-25T13:00:00,Barcelona,481.4,61.8,16.3,0.08,1175
2025-10-25T13:00:00,Valencia,424.7,55.0,18.9,0.039,1095
2025-10-25T13:00:00,Sevilla,391.6,53.5,20.7,0.145,1328
2025-10-25T13:00:00,Bilbao,464.0,57.5,23.6,0.084,1185
2025-10-25T13:00:00,Zaragoza,424.6,51.6,18.0,0.092,1191
2025-10-25T14:00:00,Madrid,468.6,54.0,19.7,0.058,1112
2025-10-25T14:00:00,Barcelona,456.0,56.6,23.7,0.121,1197
2025-10-25T14:00:00,Valencia,396.6,44.7,23.3,0.031,1126
2025-10-25T14:00:00,Sevilla,411.4,49.3,20.0,0.033,1299
2025-10-25T14:00:00,Bilbao,427.3,56.4,15.1,0.016,1194
2025-10-25T14:00:00,Zaragoza,419.5,48.7,19.4,0.011,1230
2025-10-25T15:00:00,Madrid,489.6,56.2,17.3,0.059,1195
2025-10-25T15:00:00,Barcelona,477.1,59.7,23.6,0.089,1094
2025-10-25T15:00:00,Valencia,432.8,50.5,21.6,0.07,1091
2025-10-25T15:00:00,Sevilla,397.4,45.0,23.4,0.045,1247
2025-10-25T15:00:00,Bilbao,435.4,59.1,15.9,0.047,1204
2025-10-25T15:00:00,Zaragoza,405.8,47.5,18.9,0.133,1346
2025-10-25T16:00:00,Madrid,458.4,60.0,17.3,0.068,1152
2025-10-25T16:00:00,Barcelona,448.1,51.9,20.1,0.098,1329
2025-10-25T16:00:00,Valencia,401.0,52.9,22.5,0.023,1319
2025-10-25T16:00:00,Sevilla,406.5,48.9,23.4,0.11,1289
2025-10-25T16:00:00,Bilbao,431.3,53.6,23.7,0.075,1336
2025-10-25T16:00:00,Zaragoza,371.6,49.1,15.8,0.03,1204
2025-10-25T17:00:00,Madrid,497.2,63.0,18.4,0.097,1339
2025-10-25T17:00:00,Barcelona,482.7,55.9,22.6,0.028,1053
2025-10-25T17:00:00,Valencia,417.8,54.9,19.7,0.127,1093
2025-10-25T17:00:00,Sevilla,383.3,51.2,20.8,0.057,1099
2025-10-25T17:00:00,Bilbao,459.3,58.1,21.2,0.131,1112
2025-10-25T17:00:00,Zaragoza,414.4,53.5,21.7,0.017,1154
2025-10-25T18:00:00,Madrid,481.0,60.7,23.7,0.029,1129
2025-10-25T18:00:00,Barcelona,448.1,54.1,23.9,0.011,1298
2025-10-25T18:00:00,Valencia,427.4,50.4,15.6,0.031,1111
2025-10-25T18:00:00,Sevilla,411.2,48.9,15.9,0.013,1308
2025-10-25T18:00:00,Bilbao,436.6,50.1,16.1,0.067,1144
2025-10-25T18:00:00,Zaragoza,419.2,55.8,19.9,0.125,1274
2025-10-25T19:00:00,Madrid,341.6,43.9,27.9,0.149,1744
2025-10-25T19:00:00,Barcelona,285.2,38.1,26.2,0.122,1929
2025-10-25T19:00:00,Valencia,262.0,32.6,26.6,0.036,1902
2025-10-25T19:00:00,Sevilla,265.4,30.9,27.5,0.183,1887
2025-10-25T19:00:00,Bilbao,288.3,35.3,24.3,0.111,1938
2025-10-25T19:00:00,Zaragoza,260.0,33.3,24.3,0.152,1877
2025-10-25T20:00:00,Madrid,292.6,40.6,32.7,0.113,1884
2025-10-25T20:00:00,Barcelona,293.3,41.5,27.2,0.195,1907
2025-10-25T20:00:00,Valencia,262.6,36.9,28.7,0.123,1739
2025-10-25T20:00:00,Sevilla,282.7,33.9,30.5,0.086,1721
2025-10-25T20:00:00,Bilbao,280.0,37.6,26.7,0.098,1897
2025-10-25T20:00:00,Zaragoza,259.3,32.1,29.9,0.136,1909
2025-10-25T21:00:00,Madrid,336.5,42.3,25.2,0.083,1947
2025-10-25T21:00:00,Barcelona,297.6,38.4,27.6,0.024,1731
2025-10-25T21:00:00,Valencia,263.9,34.6,28.5,0.158,1815
2025-10-25T21:00:00,Sevilla,288.9,40.9,31.3,0.169,1771
2025-10-25T21:00:00,Bilbao,269.7,37.5,30.6,0.096,1865
2025-10-25T21:00:00,Zaragoza,292.0,32.1,26.3,0.023,1687
2025-10-25T22:00:00,Madrid,316.5,38.3,29.7,0.021,1739
2025-10-25T22:00:00,Barcelona,295.9,39.0,27.4,0.223,1943
2025-10-25T22:00:00,Valencia,283.4,32.4,28.4,0.158,1765
2025-10-25T22:00:00,Sevilla,255.4,28.5,31.3,0.185,1748
2025-10-25T22:00:00,Bilbao,268.5,28.8,32.6,0.035,1667
2025-10-25T22:00:00,Zaragoza,285.3,39.6,27.2,0.101,1929
2025-10-25T23:00:00,Madrid,341.9,41.1,30.1,0.216,1920
2025-10-25T23:00:00,Barcelona,306.4,41.6,29.1,0.114,1830
2025-10-25T23:00:00,Valencia,271.4,37.9,31.7,0.183,1874
2025-10-25T23:00:00,Sevilla,269.0,32.4,24.6,0.031,1914
2025-10-25T23:00:00,Bilbao,281.2,31.3,26.1,0.141,1819
2025-10-25T23:00:00,Zaragoza,238.0,33.0,26.6,0.189,1849
2025-10-26T00:00:00,Madrid,492.2,57.2,22.8,0.146,1088
2025-10-26T00:00:00,Barcelona,462.1,55.2,19.7,0.096,1209
2025-10-26T00:00:00,Valencia,414.0,47.3,21.3,0.026,1291
2025-10-26T00:00:00,Sevilla,436.2,59.4,20.9,0.015,1265
2025-10-26T00:00:00,Bilbao,425.7,51.6,21.9,0.03,1330
2025-10-26T00:00:00,Zaragoza,419.0,50.7,21.8,0.138,1081
2025-10-26T01:00:00,Madrid,464.1,53.7,23.5,0.137,1068
2025-10-26T01:00:00,Barcelona,450.8,52.1,18.7,0.114,1091
2025-10-26T01:00:00,Valencia,443.3,55.2,16.2,0.111,1103
2025-10-26T01:00:00,Sevilla,382.1,47.8,20.9,0.07,1205
2025-10-26T01:00:00,Bilbao,456.9,60.9,17.0,0.14,1063
2025-10-26T01:00:00,Zaragoza,416.4,55.2,19.8,0.13,1059
2025-10-26T02:00:00,Madrid,483.1,55.9,21.9,0.107,1270
2025-10-26T02:00:00,Barcelona,472.1,59.5,16.0,0.027,1238
2025-10-26T02:00:00,Valencia,411.1,49.8,23.3,0.043,1097
2025-10-26T02:00:00,Sevilla,415.3,49.2,21.7,0.134,1324
2025-10-26T02:00:00,Bilbao,444.1,60.4,15.1,0.111,1079
2025-10-26T02:00:00,Zaragoza,374.6,43.1,16.6,0.016,1229
2025-10-26T03:00:00,Madrid,486.1,64.7,24.0,0.028,1253
2025-10-26T03:00:00,Barcelona,458.7,53.6,15.7,0.045,1328
2025-10-26T03:00:00,Valencia,402.4,52.3,22.3,0.136,1162
2025-10-26T03:00:00,Sevilla,406.6,48.9,18.3,0.087,1175
2025-10-26T03:00:00,Bilbao,441.6,52.9,21.3,0.08,1077
2025-10-26T03:00:00,Zaragoza,390.8,48.0,23.6,0.078,1090
2025-10-26T04:00:00,Madrid,462.2,54.1,23.8,0.042,1333
2025-10-26T04:00:00,Barcelona,442.6,54.1,22.3,0.03,1170
2025-10-26T04:00:00,Valencia,431.9,55.5,19.1,0.026,1305
2025-10-26T04:00:00,Sevilla,430.2,51.5,20.3,0.052,1093
2025-10-26T04:00:00,Bilbao,413.6,55.2,18.5,0.013,1245
2025-10-26T04:00:00,Zaragoza,393.1,44.6,16.9,0.036,1270
2025-10-26T05:00:00,Madrid,481.9,61.8,15.3,0.117,1063
2025-10-26T05:00:00,Barcelona,484.6,63.1,18.0,0.126,1184
2025-10-26T05:00:00,Valencia,438.6,55.7,21.8,0.058,1272
2025-10-26T05:00:00,Sevilla,431.9,56.8,23.4,0.115,1105
2025-10-26T05:00:00,Bilbao,443.2,59.9,23.4,0.05,1323
2025-10-26T05:00:00,Zaragoza,397.8,50.5,20.1,0.083,1133
2025-10-26T06:00:00,Madrid,507.6,63.1,23.9,0.043,1057
2025-10-26T06:00:00,Barcelona,446.8,57.7,17.5,0.15,1327
2025-10-26T06:00:00,Valencia,407.7,51.7,15.3,0.048,1187
2025-10-26T06:00:00,Sevilla,419.6,55.3,22.3,0.095,1113
2025-10-26T06:00:00,Bilbao,428.4,55.2,22.5,0.129,1277
2025-10-26T06:00:00,Zaragoza,397.8,49.1,19.2,0.145,1295
2025-10-26T07:00:00,Madrid,488.3,61.6,18.7,0.091,1090
2025-10-26T07:00:00,Barcelona,446.6,56.9,17.8,0.019,1142
2025-10-26T07:00:00,Valencia,405.5,53.6,17.3,0.079,1166
2025-10-26T07:00:00,Sevilla,417.8,48.7,20.6,0.017,1108
2025-10-26T07:00:00,Bilbao,449.3,53.0,19.6,0.072,1212
2025-10-26T07:00:00,Zaragoza,372.5,48.7,15.5,0.11,1182
2025-10-26T08:00:00,Madrid,508.5,58.7,22.6,0.129,1326
2025-10-26T08:00:00,Barcelona,473.1,60.1,18.1,0.021,1277
2025-10-26T08:00:00,Valencia,396.8,45.4,16.8,0.09,1262
2025-10-26T08:00:00,Sevilla,384.3,47.3,17.5,0.013,1234
2025-10-26T08:00:00,Bilbao,430.1,52.8,20.9,0.076,1200
2025-10-26T08:00:00,Zaragoza,407.3,47.5,15.4,0.14,1063
2025-10-26T09:00:00,Madrid,345.6,40.3,23.2,0.143,1670
2025-10-26T09:00:00,Barcelona,370.9,48.5,28.9,0.082,1708
2025-10-26T09:00:00,Valencia,295.0,39.1,23.8,0.195,1450
2025-10-26T09:00:00,Sevilla,342.7,47.4,29.3,0.116,1704
2025-10-26T09:00:00,Bilbao,346.3,45.6,25.3,0.035,1680
2025-10-26T09:00:00,Zaragoza,325.6,41.8,26.3,0.108,1572
2025-10-26T10:00:00,Madrid,355.4,47.8,23.0,0.057,1534
2025-10-26T10:00:00,Barcelona,371.8,51.2,22.5,0.07,1469
2025-10-26T10:00:00,Valencia,334.7,41.3,29.0,0.088,1450
2025-10-26T10:00:00,Sevilla,306.5,38.4,28.6,0.132,1527
2025-10-26T10:00:00,Bilbao,335.4,41.1,25.5,0.163,1474
2025-10-26T10:00:00,Zaragoza,333.2,39.1,28.6,0.136,1480
2025-10-26T11:00:00,Madrid,375.6,49.9,23.5,0.034,1619
2025-10-26T11:00:00,Barcelona,349.1,48.5,25.6,0.128,1511
2025-10-26T11:00:00,Valencia,347.1,47.1,20.5,0.035,1544
2025-10-26T11:00:00,Sevilla,331.3,43.5,24.6,0.031,1427
2025-10-26T11:00:00,Bilbao,358.5,40.1,21.9,0.026,1673
2025-10-26T11:00:00,Zaragoza,329.7,45.4,28.5,0.077,1615
2025-10-26T12:00:00,Madrid,491.8,58.9,17.6,0.057,1222
2025-10-26T12:00:00,Barcelona,465.5,59.4,23.9,0.016,1231
2025-10-26T12:00:00,Valencia,447.0,60.0,20.7,0.114,1273
2025-10-26T12:00:00,Sevilla,397.4,49.4,16.2,0.036,1310
2025-10-26T12:00:00,Bilbao,415.0,55.8,20.3,0.062,1282
2025-10-26T12:00:00,Zaragoza,392.8,48.5,19.6,0.092,1099
2025-10-26T13:00:00,Madrid,463.9,57.9,15.4,0.082,1318
2025-10-26T13:00:00,Barcelona,464.8,61.5,18.8,0.055,1213
2025-10-26T13:00:00,Valencia,435.4,59.0,15.4,0.142,1157
2025-10-26T13:00:00,Sevilla,405.8,48.5,22.9,0.054,1227
2025-10-26T13:00:00,Bilbao,427.1,49.6,17.5,0.071,1136
2025-10-26T13:00:00,Zaragoza,387.3,52.6,23.9,0.115,1168
2025-10-26T14:00:00,Madrid,490.0,57.7,16.9,0.127,1136
2025-10-26T14:00:00,Barcelona,431.6,58.0,23.6,0.086,1149
2025-10-26T14:00:00,Valencia,390.4,52.1,15.2,0.038,1342
2025-10-26T14:00:00,Sevilla,405.6,50.1,16.1,0.074,1106
2025-10-26T14:00:00,Bilbao,453.0,60.8,16.1,0.134,1302
2025-10-26T14:00:00,Zaragoza,385.8,51.9,23.9,0.112,1109
2025-10-26T15:00:00,Madrid,508.1,66.5,21.7,0.041,1088
2025-10-26T15:00:00,Barcelona,449.6,56.3,17.5,0.098,1312
2025-10-26T15:00:00,Valencia,430.3,49.5,21.2,0.135,1069
2025-10-26T15:00:00,Sevilla,406.0,55.1,22.1,0.054,1335
2025-10-26T15:00:00,Bilbao,449.7,60.0,15.3,0.099,1054
2025-10-26T15:00:00,Zaragoza,384.8,49.0,22.8,0.041,1150
2025-10-26T16:00:00,Madrid,465.9,54.8,22.3,0.113,1194
2025-10-26T16:00:00,Barcelona,437.9,56.1,15.8,0.082,1159
2025-10-26T16:00:00,Valencia,390.2,44.4,20.0,0.039,1141
2025-10-26T16:00:00,Sevilla,382.3,49.7,20.5,0.098,1170
2025-10-26T16:00:00,Bilbao,448.3,55.9,20.9,0.035,1203
2025-10-26T16:00:00,Zaragoza,420.4,56.3,21.0,0.079,1250
2025-10-26T17:00:00,Madrid,485.9,61.2,17.7,0.041,1197
2025-10-26T17:00:00,Barcelona,455.2,56.4,17.2,0.069,1140
2025-10-26T17:00:00,Valencia,417.9,50.4,16.0,0.108,1115
2025-10-26T17:00:00,Sevilla,426.4,53.1,22.2,0.078,1260
2025-10-26T17:00:00,Bilbao,451.2,51.7,17.4,0.04,1259
2025-10-26T17:00:00,Zaragoza,373.6,49.4,17.4,0.054,1250
2025-10-26T18:00:00,Madrid,498.5,61.6,17.3,0.018,1298
2025-10-26T18:00:00,Barcelona,473.7,57.6,22.4,0.053,1259
2025-10-26T18:00:00,Valencia,403.3,54.2,19.8,0.119,1106
2025-10-26T18:00:00,Sevilla,436.9,55.7,18.0,0.095,1060
2025-10-26T18:00:00,Bilbao,467.0,53.6,18.4,0.119,1220
2025-10-26T18:00:00,Zaragoza,424.7,55.8,20.0,0.102,1315
2025-10-26T19:00:00,Madrid,302.6,38.2,32.9,0.191,1852
2025-10-26T19:00:00,Barcelona,328.3,38.3,31.2,0.206,1819
2025-10-26T19:00:00,Valencia,274.8,34.9,26.2,0.018,1660
2025-10-26T19:00:00,Sevilla,288.6,36.3,28.5,0.181,1671
2025-10-26T19:00:00,Bilbao,272.8,32.1,26.1,0.177,1776
2025-10-26T19:00:00,Zaragoza,238.7,32.3,31.3,0.094,1855
2025-10-26T20:00:00,Madrid,297.9,39.6,26.4,0.033,1687
2025-10-26T20:00:00,Barcelona,306.9,40.4,30.6,0.019,1927
2025-10-26T20:00:00,Valencia,286.3,32.3,30.6,0.181,1749
2025-10-26T20:00:00,Sevilla,293.2,40.2,31.1,0.104,1661
2025-10-26T20:00:00,Bilbao,281.5,34.8,24.9,0.219,1945
2025-10-26T20:00:00,Zaragoza,265.0,31.0,24.8,0.218,1937
2025-10-26T21:00:00,Madrid,306.7,36.2,30.3,0.121,1845
2025-10-26T21:00:00,Barcelona,277.7,34.7,27.5,0.093,1929
2025-10-26T21:00:00,Valencia,292.9,36.1,29.2,0.02,1768
2025-10-26T21:00:00,Sevilla,270.2,33.5,25.0,0.08,1723
2025-10-26T21:00:00,Bilbao,311.9,43.7,24.9,0.051,1900
2025-10-26T21:00:00,Zaragoza,272.3,29.9,27.6,0.191,1917
2025-10-26T22:00:00,Madrid,333.4,42.3,26.1,0.176,1779
2025-10-26T22:00:00,Barcelona,301.4,40.1,31.5,0.023,1939
2025-10-26T22:00:00,Valencia,285.9,39.5,26.4,0.059,1937
2025-10-26T22:00:00,Sevilla,291.0,36.8,26.8,0.152,1814
2025-10-26T22:00:00,Bilbao,291.0,36.2,29.0,0.17,1691
2025-10-26T22:00:00,Zaragoza,291.9,35.7,24.7,0.042,1656
2025-10-26T23:00:00,Madrid,299.7,39.9,25.5,0.107,1708
2025-10-26T23:00:00,Barcelona,279.0,34.1,25.5,0.184,1899
2025-10-26T23:00:00,Valencia,258.4,36.0,27.8,0.017,1710
2025-10-26T23:00:00,Sevilla,269.5,31.6,32.3,0.157,1917
2025-10-26T23:00:00,Bilbao,282.7,39.2,29.1,0.05,1798
2025-10-26T23:00:00,Zaragoza,268.1,30.6,29.5,0.165,1915
2025-10-27T00:00:00,Madrid,486.3,60.5,16.9,0.056,1119
2025-10-27T00:00:00,Barcelona,439.9,57.1,19.3,0.054,1141
2025-10-27T00:00:00,Valencia,399.0,45.5,23.8,0.054,1146
2025-10-27T00:00:00,Sevilla,392.0,44.9,19.1,0.023,1289
2025-10-27T00:00:00,Bilbao,445.7,51.4,20.7,0.134,1226
2025-10-27T00:00:00,Zaragoza,407.7,55.2,17.5,0.125,1268
2025-10-27T01:00:00,Madrid,485.1,58.7,20.6,0.066,1180
2025-10-27T01:00:00,Barcelona,463.7,59.4,16.8,0.093,1102
2025-10-27T01:00:00,Valencia,433.8,52.0,17.4,0.024,1317
2025-10-27T01:00:00,Sevilla,415.2,54.6,18.0,0.118,1191
2025-10-27T01:00:00,Bilbao,468.0,60.9,20.5,0.137,1157
2025-10-27T01:00:00,Zaragoza,380.1,50.3,23.9,0.023,1125
2025-10-27T02:00:00,Madrid,458.6,57.1,15.0,0.021,1076
2025-10-27T02:00:00,Barcelona,438.2,57.8,18.8,0.076,1204
2025-10-27T02:00:00,Valencia,420.0,48.7,20.0,0.063,1247
2025-10-27T02:00:00,Sevilla,422.4,51.3,22.5,0.054,1090
2025-10-27T02:00:00,Bilbao,463.0,61.3,23.6,0.142,1192
2025-10-27T02:00:00,Zaragoza,412.7,55.0,20.0,0.079,1178
2025-10-27T03:00:00,Madrid,491.1,62.0,18.9,0.059,1062
2025-10-27T03:00:00,Barcelona,482.0,63.8,21.9,0.058,1267
2025-10-27T03:00:00,Valencia,402.8,51.0,24.0,0.142,1245
2025-10-27T03:00:00,Sevilla,402.5,54.6,24.0,0.037,1234
2025-10-27T03:00:00,Bilbao,441.6,50.3,17.8,0.023,1238
2025-10-27T03:00:00,Zaragoza,424.9,53.1,15.1,0.048,1190
2025-10-27T04:00:00,Madrid,488.5,60.0,24.0,0.109,1190
2025-10-27T04:00:00,Barcelona,467.5,63.2,22.4,0.131,1291
2025-10-27T04:00:00,Valencia,449.8,57.6,19.4,0.076,1329
2025-10-27T04:00:00,Sevilla,428.4,48.9,15.3,0.135,1128
2025-10-27T04:00:00,Bilbao,452.3,53.3,22.7,0.022,1111
2025-10-27T04:00:00,Zaragoza,373.4,48.0,15.6,0.024,1328
2025-10-27T05:00:00,Madrid,466.6,61.9,20.9,0.113,1220
2025-10-27T05:00:00,Barcelona,480.2,63.5,17.8,0.109,1350
2025-10-27T05:00:00,Valencia,433.3,52.8,15.1,0.103,1263
2025-10-27T05:00:00,Sevilla,430.3,55.5,15.6,0.126,1306
2025-10-27T05:00:00,Bilbao,418.9,50.0,16.6,0.016,1151
2025-10-27T05:00:00,Zaragoza,411.3,50.5,20.7,0.128,1051
2025-10-27T06:00:00,Madrid,468.7,59.2,16.1,0.075,1094
2025-10-27T06:00:00,Barcelona,464.0,57.6,16.0,0.023,1094
2025-10-27T06:00:00,Valencia,401.1,51.1,23.7,0.117,1055
2025-10-27T06:00:00,Sevilla,393.1,47.9,15.7,0.111,1176
2025-10-27T06:00:00,Bilbao,428.5,55.4,23.5,0.131,1117
2025-10-27T06:00:00,Zaragoza,388.6,47.4,17.6,0.049,1339
2025-10-27T07:00:00,Madrid,468.9,55.9,16.7,0.134,1140
2025-10-27T07:00:00,Barcelona,488.8,58.7,19.0,0.023,1231
2025-10-27T07:00:00,Valencia,424.7,51.6,20.8,0.073,1137
2025-10-27T07:00:00,Sevilla,382.2,51.1,18.5,0.085,1157
2025-10-27T07:00:00,Bilbao,469.6,58.0,20.8,0.105,1197
2025-10-27T07:00:00,Zaragoza,382.4,49.8,19.5,0.126,1187
2025-10-27T08:00:00,Madrid,455.4,59.7,17.3,0.075,1066
2025-10-27T08:00:00,Barcelona,485.3,60.8,20.7,0.077,1289
2025-10-27T08:00:00,Valencia,425.2,51.9,18.4,0.092,1067
2025-10-27T08:00:00,Sevilla,399.3,46.0,18.2,0.136,1131
2025-10-27T08:00:00,Bilbao,435.3,52.8,20.8,0.024,1233
2025-10-27T08:00:00,Zaragoza,388.4,48.2,16.7,0.013,1283
2025-10-27T09:00:00,Madrid,374.8,48.8,27.0,0.099,1534
2025-10-27T09:00:00,Barcelona,339.0,41.1,23.4,0.136,1563
2025-10-27T09:00:00,Valencia,295.5,41.2,22.5,0.183,1669
2025-10-27T09:00:00,Sevilla,291.9,35.7,22.8,0.118,1424
2025-10-27T09:00:00,Bilbao,318.3,36.5,23.1,0.122,1678
2025-10-27T09:00:00,Zaragoza,289.6,40.9,27.2,0.037,1580
2025-10-27T10:00:00,Madrid,386.5,43.9,21.2,0.157,1482
2025-10-27T10:00:00,Barcelona,371.9,46.1,21.9,0.013,1485
2025-10-27T10:00:00,Valencia,305.1,34.9,23.2,0.047,1514
2025-10-27T10:00:00,Sevilla,311.6,41.2,21.8,0.114,1601
2025-10-27T10:00:00,Bilbao,308.8,35.2,21.3,0.113,1611
2025-10-27T10:00:00,Zaragoza,319.6,44.1,26.4,0.164,1534
2025-10-27T11:00:00,Madrid,385.0,44.1,21.6,0.152,1478
2025-10-27T11:00:00,Barcelona,347.8,41.8,22.9,0.136,1627
2025-10-27T11:00:00,Valencia,328.9,41.5,23.5,0.135,1710
2025-10-27T11:00:00,Sevilla,287.0,39.7,22.0,0.056,1595
2025-10-27T11:00:00,Bilbao,328.9,44.3,25.9,0.15,1449
2025-10-27T11:00:00,Zaragoza,316.4,35.9,22.1,0.051,1632
2025-10-27T12:00:00,Madrid,455.6,55.8,16.6,0.031,1209
2025-10-27T12:00:00,Barcelona,453.2,59.9,15.3,0.144,1265
2025-10-27T12:00:00,Valencia,400.8,49.1,19.7,0.025,1092
2025-10-27T12:00:00,Sevilla,400.8,52.4,20.9,0.067,1056
2025-10-27T12:00:00,Bilbao,419.7,48.7,19.6,0.106,1055
2025-10-27T12:00:00,Zaragoza,399.2,54.5,18.6,0.118,1205
2025-10-27T13:00:00,Madrid,475.5,61.9,16.0,0.123,1280
2025-10-27T13:00:00,Barcelona,460.1,60.3,21.4,0.128,1236
2025-10-27T13:00:00,Valencia,396.7,46.4,18.8,0.116,1090
2025-10-27T13:00:00,Sevilla,389.0,47.0,23.4,0.093,1151
2025-10-27T13:00:00,Bilbao,440.9,56.3,22.8,0.071,1287
2025-10-27T13:00:00,Zaragoza,386.9,44.6,19.4,0.061,1239
2025-10-27T14:00:00,Madrid,465.1,56.5,17.7,0.125,1327
2025-10-27T14:00:00,Barcelona,446.0,53.7,18.8,0.073,1202
2025-10-27T14:00:00,Valencia,428.2,54.5,18.2,0.015,1252
2025-10-27T14:00:00,Sevilla,394.9,45.2,15.9,0.112,1302
2025-10-27T14:00:00,Bilbao,435.9,52.2,23.7,0.106,1174
2025-10-27T14:00:00,Zaragoza,425.1,57.2,23.4,0.125,1341
2025-10-27T15:00:00,Madrid,477.5,55.5,18.4,0.031,1101
2025-10-27T15:00:00,Barcelona,452.9,61.4,15.7,0.14,1204
2025-10-27T15:00:00,Valencia,415.4,47.1,23.6,0.046,1090
2025-10-27T15:00:00,Sevilla,430.2,53.1,16.0,0.037,1183
2025-10-27T15:00:00,Bilbao,469.7,59.9,19.9,0.121,1075
2025-10-27T15:00:00,Zaragoza,392.5,48.8,21.8,0.071,1145
2025-10-27T16:00:00,Madrid,466.6,60.0,20.4,0.137,1195
2025-10-27T16:00:00,Barcelona,446.4,54.9,15.2,0.068,1116
2025-10-27T16:00:00,Valencia,406.5,50.4,22.1,0.099,1099
2025-10-27T16:00:00,Sevilla,393.3,44.3,17.9,0.019,1197
2025-10-27T16:00:00,Bilbao,453.7,57.8,19.1,0.069,1218
2025-10-27T16:00:00,Zaragoza,402.5,50.1,20.0,0.058,1213
2025-10-27T17:00:00,Madrid,470.8,58.3,19.2,0.114,1157
2025-10-27T17:00:00,Barcelona,461.9,54.4,18.5,0.066,1342
2025-10-27T17:00:00,Valencia,448.1,57.3,20.1,0.058,1156
2025-10-27T17:00:00,Sevilla,424.9,53.4,17.7,0.115,1281
2025-10-27T17:00:00,Bilbao,450.5,51.6,20.6,0.033,1230
2025-10-27T17:00:00,Zaragoza,403.9,49.6,21.9,0.115,1195
2025-10-27T18:00:00,Madrid,483.4,60.3,17.1,0.139,1117
2025-10-27T18:00:00,Barcelona,452.7,61.1,16.1,0.065,1158
2025-10-27T18:00:00,Valencia,449.5,56.9,16.6,0.032,1255
2025-10-27T18:00:00,Sevilla,413.0,50.1,17.0,0.136,1192
2025-10-27T18:00:00,Bilbao,429.2,52.3,16.0,0.134,1212
2025-10-27T18:00:00,Zaragoza,400.1,50.3,17.0,0.067,1287
2025-10-27T19:00:00,Madrid,307.2,42.6,25.4,0.198,1854
2025-10-27T19:00:00,Barcelona,294.0,37.1,27.0,0.112,1738
2025-10-27T19:00:00,Valencia,291.0,32.4,29.2,0.103,1864
2025-10-27T19:00:00,Sevilla,268.0,34.9,29.6,0.044,1907
2025-10-27T19:00:00,Bilbao,323.3,41.4,30.6,0.214,1816
2025-10-27T19:00:00,Zaragoza,273.3,30.8,29.6,0.159,1839
2025-10-27T20:00:00,Madrid,291.4,37.4,31.1,0.097,1911
2025-10-27T20:00:00,Barcelona,328.5,44.6,25.5,0.093,1772
2025-10-27T20:00:00,Valencia,260.5,36.9,32.3,0.083,1800
2025-10-27T20:00:00,Sevilla,247.2,26.2,29.2,0.111,1877
2025-10-27T20:00:00,Bilbao,322.7,43.3,32.8,0.12,1706
2025-10-27T20:00:00,Zaragoza,284.9,39.0,31.8,0.206,1775
2025-10-27T21:00:00,Madrid,317.7,44.3,24.1,0.022,1858
2025-10-27T21:00:00,Barcelona,328.7,46.0,31.8,0.03,1863
2025-10-27T21:00:00,Valencia,307.5,42.3,28.8,0.165,1923
2025-10-27T21:00:00,Sevilla,286.2,35.2,31.4,0.028,1853
2025-10-27T21:00:00,Bilbao,313.0,41.4,24.4,0.099,1911
2025-10-27T21:00:00,Zaragoza,274.4,33.7,31.1,0.037,1784
2025-10-27T22:00:00,Madrid,335.5,42.7,31.1,0.167,1837
2025-10-27T22:00:00,Barcelona,301.4,36.1,32.2,0.182,1757
2025-10-27T22:00:00,Valencia,265.9,31.5,30.2,0.111,1901
2025-10-27T22:00:00,Sevilla,288.5,38.6,27.1,0.16,1819
2025-10-27T22:00:00,Bilbao,310.6,40.8,29.1,0.14,1721
2025-10-27T22:00:00,Zaragoza,245.5,28.6,26.0,0.093,1835
2025-10-27T23:00:00,Madrid,332.8,39.7,30.4,0.134,1806
2025-10-27T23:00:00,Barcelona,305.2,37.5,26.7,0.171,1715
2025-10-27T23:00:00,Valencia,258.8,30.3,27.5,0.149,1664
2025-10-27T23:00:00,Sevilla,294.4,37.6,25.3,0.018,1836
2025-10-27T23:00:00,Bilbao,306.6,40.8,33.0,0.1,1737
2025-10-27T23:00:00,Zaragoza,295.0,38.3,29.3,0.12,1917
2025-10-28T00:00:00,Madrid,472.5,62.7,19.4,0.034,1318
2025-10-28T00:00:00,Barcelona,458.9,57.2,18.4,0.104,1083
2025-10-28T00:00:00,Valencia,410.5,49.4,17.0,0.049,1111
2025-10-28T00:00:00,Sevilla,419.0,50.9,19.1,0.138,1056
2025-10-28T00:00:00,Bilbao,460.4,61.0,22.0,0.083,1166
2025-10-28T00:00:00,Zaragoza,414.5,50.4,15.3,0.098,1218
2025-10-28T01:00:00,Madrid,480.4,57.8,23.7,0.129,1325
2025-10-28T01:00:00,Barcelona,482.4,65.0,15.5,0.089,1176
2025-10-28T01:00:00,Valencia,404.7,53.6,16.6,0.141,1175
2025-10-28T01:00:00,Sevilla,393.7,51.4,16.6,0.147,1186
2025-10-28T01:00:00,Bilbao,443.1,51.3,16.7,0.126,1082
2025-10-28T01:00:00,Zaragoza,424.4,49.4,17.7,0.039,1174
2025-10-28T02:00:00,Madrid,485.1,61.5,19.2,0.085,1076
2025-10-28T02:00:00,Barcelona,449.1,57.5,16.8,0.026,1092
2025-10-28T02:00:00,Valencia,418.6,48.3,20.3,0.094,1203
2025-10-28T02:00:00,Sevilla,414.2,52.6,22.8,0.026,1276
2025-10-28T02:00:00,Bilbao,456.6,54.0,22.3,0.096,1283
2025-10-28T02:00:00,Zaragoza,429.5,51.2,18.7,0.048,1140
2025-10-28T03:00:00,Madrid,469.7,58.5,17.6,0.1,1185
2025-10-28T03:00:00,Barcelona,482.0,57.7,17.5,0.089,1208
2025-10-28T03:00:00,Valencia,427.6,49.6,21.8,0.036,1053
2025-10-28T03:00:00,Sevilla,399.2,54.6,19.2,0.033,1083
2025-10-28T03:00:00,Bilbao,455.6,58.7,15.9,0.131,1225
2025-10-28T03:00:00,Zaragoza,408.3,51.4,16.6,0.119,1168
2025-10-28T04:00:00,Madrid,462.8,57.9,17.9,0.084,1102
2025-10-28T04:00:00,Barcelona,471.1,63.2,16.9,0.104,1215
2025-10-28T04:00:00,Valencia,399.4,52.6,22.1,0.129,1130
2025-10-28T04:00:00,Sevilla,399.5,50.1,19.3,0.093,1263
2025-10-28T04:00:00,Bilbao,456.8,54.8,23.4,0.076,1205
2025-10-28T04:00:00,Zaragoza,392.2,47.1,21.5,0.126,1211
2025-10-28T05:00:00,Madrid,477.0,58.9,18.5,0.068,1256
2025-10-28T05:00:00,Barcelona,433.3,53.3,20.8,0.03,1283
2025-10-28T05:00:00,Valencia,436.0,49.7,21.3,0.039,1181
2025-10-28T05:00:00,Sevilla,397.7,48.4,17.9,0.121,1216
2025-10-28T05:00:00,Bilbao,443.5,57.8,22.2,0.096,1275
2025-10-28T05:00:00,Zaragoza,421.4,48.7,17.2,0.056,1295
2025-10-28T06:00:00,Madrid,506.5,64.2,23.6,0.143,1249
2025-10-28T06:00:00,Barcelona,471.3,63.0,19.4,0.049,1350
2025-10-28T06:00:00,Valencia,412.5,47.6,20.8,0.049,1239
2025-10-28T06:00:00,Sevilla,406.3,48.6,19.2,0.133,1087
2025-10-28T06:00:00,Bilbao,429.5,56.4,18.7,0.031,1127
2025-10-28T06:00:00,Zaragoza,405.4,51.4,20.1,0.071,1217
2025-10-28T07:00:00,Madrid,484.4,63.2,17.3,0.084,1199
2025-10-28T07:00:00,Barcelona,471.4,55.3,21.9,0.132,1210
2025-10-28T07:00:00,Valencia,447.4,54.5,22.0,0.115,1159
2025-10-28T07:00:00,Sevilla,391.0,48.6,19.1,0.057,1182
2025-10-28T07:00:00,Bilbao,425.3,55.6,15.2,0.027,1260
2025-10-28T07:00:00,Zaragoza,395.6,52.5,22.2,0.126,1080
2025-10-28T08:00:00,Madrid,504.8,63.2,15.1,0.071,1066
2025-10-28T08:00:00,Barcelona,487.6,64.7,17.9,0.085,1194
2025-10-28T08:00:00,Valencia,424.5,54.4,21.6,0.089,1335
2025-10-28T08:00:00,Sevilla,426.8,53.7,22.2,0.128,1094
2025-10-28T08:00:00,Bilbao,444.4,55.2,20.9,0.037,1087
2025-10-28T08:00:00,Zaragoza,416.0,51.3,17.5,0.073,1127
2025-10-28T09:00:00,Madrid,378.3,43.0,26.2,0.075,1680
2025-10-28T09:00:00,Barcelona,370.7,48.7,28.9,0.175,1615
2025-10-28T09:00:00,Valencia,327.6,36.0,27.9,0.016,1525
2025-10-28T09:00:00,Sevilla,304.7,34.6,28.1,0.119,1577
2025-10-28T09:00:00,Bilbao,340.4,44.1,22.2,0.163,1591
2025-10-28T09:00:00,Zaragoza,331.3,43.6,25.6,0.047,1485
2025-10-28T10:00:00,Madrid,351.6,40.8,20.6,0.123,1430
2025-10-28T10:00:00,Barcelona,370.6,46.7,29.0,0.073,1571
2025-10-28T10:00:00,Valencia,348.8,45.2,22.2,0.043,1548
2025-10-28T10:00:00,Sevilla,299.4,41.6,27.4,0.018,1635
2025-10-28T10:00:00,Bilbao,315.8,44.0,20.6,0.171,1516
2025-10-28T10:00:00,Zaragoza,300.5,37.0,24.0,0.05,1604
2025-10-28T11:00:00,Madrid,374.6,43.1,29.1,0.105,1706
2025-10-28T11:00:00,Barcelona,367.3,42.1,27.2,0.035,1660
2025-10-28T11:00:00,Valencia,337.5,40.8,29.4,0.089,1517
2025-10-28T11:00:00,Sevilla,344.5,46.1,23.6,0.059,1467
2025-10-28T11:00:00,Bilbao,365.2,40.8,23.8,0.089,1461
2025-10-28T11:00:00,Zaragoza,299.0,41.8,27.9,0.092,1563
2025-10-28T12:00:00,Madrid,463.8,60.0,20.9,0.123,1291
2025-10-28T12:00:00,Barcelona,431.0,58.5,21.6,0.136,1073
2025-10-28T12:00:00,Valencia,398.4,47.3,20.1,0.028,1129
2025-10-28T12:00:00,Sevilla,388.4,48.2,15.4,0.093,1157
2025-10-28T12:00:00,Bilbao,462.0,59.4,18.3,0.068,1130
2025-10-28T12:00:00,Zaragoza,395.2,46.1,19.7,0.031,1142
2025-10-28T13:00:00,Madrid,471.9,63.2,22.1,0.014,1154
2025-10-28T13:00:00,Barcelona,448.4,57.3,23.2,0.047,1214
2025-10-28T13:00:00,Valencia,391.7,44.2,15.3,0.076,1123
2025-10-28T13:00:00,Sevilla,434.8,49.8,18.4,0.094,1318
2025-10-28T13:00:00,Bilbao,420.2,48.5,18.1,0.041,1264
2025-10-28T13:00:00,Zaragoza,429.3,49.8,19.3,0.148,1324
2025-10-28T14:00:00,Madrid,476.4,63.1,22.3,0.01,1293
2025-10-28T14:00:00,Barcelona,458.2,61.3,16.2,0.102,1237
2025-10-28T14:00:00,Valencia,447.4,57.6,15.9,0.079,1342
2025-10-28T14:00:00,Sevilla,391.8,46.2,16.2,0.142,1165
2025-10-28T14:00:00,Bilbao,449.6,58.6,21.5,0.05,1103
2025-10-28T14:00:00,Zaragoza,385.0,45.6,21.6,0.052,1286
2025-10-28T15:00:00,Madrid,490.1,61.5,20.2,0.134,1117
2025-10-28T15:00:00,Barcelona,449.7,55.0,16.3,0.113,1067
2025-10-28T15:00:00,Valencia,434.9,57.4,20.7,0.121,1143
2025-10-28T15:00:00,Sevilla,380.9,49.0,22.5,0.043,1253
2025-10-28T15:00:00,Bilbao,429.4,54.4,19.4,0.058,1345
2025-10-28T15:00:00,Zaragoza,394.3,54.2,19.1,0.047,1275
2025-10-28T16:00:00,Madrid,457.1,54.9,21.9,0.139,1222
2025-10-28T16:00:00,Barcelona,489.8,58.1,18.1,0.132,1331
2025-10-28T16:00:00,Valencia,417.4,48.1,22.7,0.117,1184
2025-10-28T16:00:00,Sevilla,383.8,46.6,20.8,0.145,1114
2025-10-28T16:00:00,Bilbao,415.7,56.7,22.5,0.027,1201
2025-10-28T16:00:00,Zaragoza,377.6,45.7,19.1,0.087,1092
2025-10-28T17:00:00,Madrid,508.0,68.2,16.6,0.125,1311
2025-10-28T17:00:00,Barcelona,441.7,58.6,17.0,0.012,1231
2025-10-28T17:00:00,Valencia,421.5,55.5,20.1,0.084,1074
2025-10-28T17:00:00,Sevilla,428.0,52.1,17.1,0.143,1321
2025-10-28T17:00:00,Bilbao,420.0,49.1,21.1,0.099,1165
2025-10-28T17:00:00,Zaragoza,420.6,55.1,16.4,0.142,1267
2025-10-28T18:00:00,Madrid,501.5,60.5,23.6,0.143,1201
2025-10-28T18:00:00,Barcelona,453.4,56.9,18.8,0.077,1214
2025-10-28T18:00:00,Valencia,398.2,54.2,15.0,0.045,1334
2025-10-28T18:00:00,Sevilla,420.1,49.6,21.6,0.093,1084
2025-10-28T18:00:00,Bilbao,413.6,50.8,16.3,0.125,1174
2025-10-28T18:00:00,Zaragoza,393.5,45.8,18.8,0.093,1177
2025-10-28T19:00:00,Madrid,340.1,38.2,32.7,0.073,1855
2025-10-28T19:00:00,Barcelona,284.1,37.9,32.5,0.047,1877
2025-10-28T19:00:00,Valencia,258.5,30.1,26.9,0.149,1916
2025-10-28T19:00:00,Sevilla,262.0,28.8,29.7,0.114,1874
2025-10-28T19:00:00,Bilbao,281.3,31.4,30.7,0.11,1686
2025-10-28T19:00:00,Zaragoza,289.5,38.7,30.5,0.199,1670
2025-10-28T20:00:00,Madrid,312.9,43.0,25.0,0.113,1949
2025-10-28T20:00:00,Barcelona,286.8,37.9,31.8,0.117,1799
2025-10-28T20:00:00,Valencia,263.5,29.0,33.0,0.142,1835
2025-10-28T20:00:00,Sevilla,257.8,35.7,28.5,0.162,1871
2025-10-28T20:00:00,Bilbao,288.6,37.5,31.8,0.074,1791
2025-10-28T20:00:00,Zaragoza,291.0,37.8,27.0,0.155,1778
2025-10-28T21:00:00,Madrid,349.0,39.5,24.9,0.184,1774
2025-10-28T21:00:00,Barcelona,311.8,36.2,27.9,0.071,1899
2025-10-28T21:00:00,Valencia,283.6,38.8,27.4,0.124,1845
2025-10-28T21:00:00,Sevilla,245.9,26.8,31.5,0.15,1700
2025-10-28T21:00:00,Bilbao,297.9,33.4,30.9,0.091,1865
2025-10-28T21:00:00,Zaragoza,285.6,37.9,24.4,0.151,1875
2025-10-28T22:00:00,Madrid,341.1,43.4,28.7,0.212,1871
2025-10-28T22:00:00,Barcelona,316.8,34.9,29.1,0.02,1818
2025-10-28T22:00:00,Valencia,255.9,36.2,31.2,0.168,1779
2025-10-28T22:00:00,Sevilla,264.8,34.9,27.2,0.218,1791
2025-10-28T22:00:00,Bilbao,290.1,31.7,28.1,0.223,1784
2025-10-28T22:00:00,Zaragoza,282.8,32.0,29.0,0.196,1814
2025-10-28T23:00:00,Madrid,334.4,44.3,31.0,0.051,1905
2025-10-28T23:00:00,Barcelona,328.1,39.3,29.5,0.17,1766
2025-10-28T23:00:00,Valencia,269.0,31.7,32.2,0.034,1857
2025-10-28T23:00:00,Sevilla,262.1,32.7,25.7,0.095,1785
2025-10-28T23:00:00,Bilbao,314.7,39.2,27.0,0.107,1835
2025-10-28T23:00:00,Zaragoza,282.0,39.8,26.9,0.038,1947
2025-10-29T00:00:00,Madrid,468.6,58.6,20.8,0.051,1336
2025-10-29T00:00:00,Barcelona,462.3,56.8,21.3,0.038,1096
2025-10-29T00:00:00,Valencia,432.7,58.2,21.0,0.129,1124
2025-10-29T00:00:00,Sevilla,423.0,53.2,18.6,0.139,1103
2025-10-29T00:00:00,Bilbao,460.7,60.0,22.9,0.122,1341
2025-10-29T00:00:00,Zaragoza,428.2,51.8,17.0,0.126,1175
2025-10-29T01:00:00,Madrid,482.9,62.0,17.5,0.079,1162
2025-10-29T01:00:00,Barcelona,444.7,52.8,20.8,0.04,1056
2025-10-29T01:00:00,Valencia,407.8,55.6,22.7,0.078,1274
2025-10-29T01:00:00,Sevilla,404.9,51.1,20.1,0.068,1315
2025-10-29T01:00:00,Bilbao,444.9,56.9,23.0,0.147,1183
2025-10-29T01:00:00,Zaragoza,412.4,56.4,22.2,0.047,1239
2025-10-29T02:00:00,Madrid,471.9,63.2,17.1,0.086,1089
2025-10-29T02:00:00,Barcelona,487.5,57.3,22.7,0.148,1176
2025-10-29T02:00:00,Valencia,437.7,55.5,15.9,0.138,1309
2025-10-29T02:00:00,Sevilla,422.5,53.2,15.9,0.126,1166
2025-10-29T02:00:00,Bilbao,453.2,58.8,20.8,0.088,1164
2025-10-29T02:00:00,Zaragoza,397.9,50.5,15.5,0.097,1304
2025-10-29T03:00:00,Madrid,485.5,56.3,24.0,0.013,1279
2025-10-29T03:00:00,Barcelona,463.5,53.5,18.1,0.131,1125
2025-10-29T03:00:00,Valencia,393.8,47.8,23.6,0.049,1179
2025-10-29T03:00:00,Sevilla,436.8,56.9,21.4,0.079,1118
2025-10-29T03:00:00,Bilbao,469.2,55.8,19.1,0.085,1205
2025-10-29T03:00:00,Zaragoza,389.8,49.4,22.9,0.142,1123
2025-10-29T04:00:00,Madrid,496.0,66.8,20.3,0.131,1077
2025-10-29T04:00:00,Barcelona,472.7,57.7,16.1,0.147,1082
2025-10-29T04:00:00,Valencia,421.8,55.0,21.6,0.045,1141
2025-10-29T04:00:00,Sevilla,430.1,49.1,23.4,0.112,1219
2025-10-29T04:00:00,Bilbao,415.3,56.4,20.2,0.143,1248
2025-10-29T04:00:00,Zaragoza,418.3,51.1,19.3,0.129,1143
2025-10-29T05:00:00,Madrid,455.8,55.5,21.4,0.133,1305
2025-10-29T05:00:00,Barcelona,435.4,52.0,16.8,0.059,1091
2025-10-29T05:00:00,Valencia,410.4,53.8,19.7,0.013,1081
2025-10-29T05:00:00,Sevilla,438.9,50.5,18.4,0.034,1320
2025-10-29T05:00:00,Bilbao,410.8,49.6,17.8,0.122,1340
2025-10-29T05:00:00,Zaragoza,403.8,54.1,23.6,0.036,1305
2025-10-29T06:00:00,Madrid,460.9,54.8,18.1,0.132,1129
2025-10-29T06:00:00,Barcelona,466.0,59.0,23.0,0.109,1140
2025-10-29T06:00:00,Valencia,420.4,55.7,19.0,0.097,1325
2025-10-29T06:00:00,Sevilla,433.3,57.1,16.1,0.141,1199
2025-10-29T06:00:00,Bilbao,416.5,53.9,20.3,0.033,1101
2025-10-29T06:00:00,Zaragoza,399.9,51.0,24.0,0.139,1282
2025-10-29T07:00:00,Madrid,505.7,63.7,18.5,0.073,1109
2025-10-29T07:00:00,Barcelona,470.1,54.4,17.2,0.03,1301
2025-10-29T07:00:00,Valencia,401.3,49.2,18.2,0.138,1295
2025-10-29T07:00:00,Sevilla,428.7,57.7,21.4,0.127,1100
2025-10-29T07:00:00,Bilbao,460.9,53.5,20.9,0.138,1338
2025-10-29T07:00:00,Zaragoza,404.5,50.9,18.5,0.086,1152
2025-10-29T08:00:00,Madrid,467.0,54.7,21.9,0.051,1268
2025-10-29T08:00:00,Barcelona,454.3,55.6,19.4,0.079,1214
2025-10-29T08:00:00,Valencia,423.7,54.1,17.8,0.149,1197
2025-10-29T08:00:00,Sevilla,426.3,55.3,19.7,0.016,1095
2025-10-29T08:00:00,Bilbao,428.4,54.4,23.1,0.086,1210
2025-10-29T08:00:00,Zaragoza,414.4,52.1,15.4,0.052,1146
2025-10-29T09:00:00,Madrid,360.3,45.4,27.8,0.138,1632
2025-10-29T09:00:00,Barcelona,368.2,46.3,22.0,0.08,1432
2025-10-29T09:00:00,Valencia,347.7,39.5,28.9,0.175,1573
2025-10-29T09:00:00,Sevilla,289.8,33.3,22.3,0.13,1417
2025-10-29T09:00:00,Bilbao,311.2,37.7,28.5,0.034,1558
2025-10-29T09:00:00,Zaragoza,278.0,32.2,27.7,0.164,1500
2025-10-29T10:00:00,Madrid,398.5,53.1,23.7,0.165,1432
2025-10-29T10:00:00,Barcelona,333.2,42.6,26.0,0.06,1626
2025-10-29T10:00:00,Valencia,333.9,43.8,28.5,0.069,1549
2025-10-29T10:00:00,Sevilla,309.9,33.8,27.8,0.082,1507
2025-10-29T10:00:00,Bilbao,357.5,44.6,25.8,0.127,1612
2025-10-29T10:00:00,Zaragoza,280.2,37.7,21.6,0.138,1446
2025-10-29T11:00:00,Madrid,377.5,43.3,28.5,0.102,1503
2025-10-29T11:00:00,Barcelona,356.1,41.2,27.1,0.187,1613
2025-10-29T11:00:00,Valencia,310.2,36.6,28.1,0.061,1471
2025-10-29T11:00:00,Sevilla,309.1,42.5,22.2,0.029,1664
2025-10-29T11:00:00,Bilbao,320.5,40.2,20.7,0.1,1467
2025-10-29T11:00:00,Zaragoza,291.4,39.8,22.1,0.152,1444
2025-10-29T12:00:00,Madrid,464.5,59.2,18.9,0.03,1071
2025-10-29T12:00:00,Barcelona,469.8,58.8,23.8,0.118,1212
2025-10-29T12:00:00,Valencia,392.6,44.2,16.4,0.13,1178
2025-10-29T12:00:00,Sevilla,435.3,52.9,16.8,0.1,1250
2025-10-29T12:00:00,Bilbao,432.8,58.6,19.6,0.042,1149
2025-10-29T12:00:00,Zaragoza,390.2,51.0,15.2,0.072,1175
2025-10-29T13:00:00,Madrid,486.1,58.6,16.4,0.087,1212
2025-10-29T13:00:00,Barcelona,433.4,56.0,18.7,0.085,1136
2025-10-29T13:00:00,Valencia,433.4,52.4,15.3,0.136,1169
2025-10-29T13:00:00,Sevilla,380.4,42.6,15.5,0.064,1340
2025-10-29T13:00:00,Bilbao,417.2,49.4,20.7,0.089,1087
2025-10-29T13:00:00,Zaragoza,371.2,49.6,19.3,0.09,1247
2025-10-29T14:00:00,Madrid,466.9,59.5,19.0,0.115,1301
2025-10-29T14:00:00,Barcelona,466.8,56.8,23.9,0.074,1128
2025-10-29T14:00:00,Valencia,417.3,56.0,17.0,0.05,1139
2025-10-29T14:00:00,Sevilla,437.8,53.6,17.3,0.032,1060
2025-10-29T14:00:00,Bilbao,435.9,52.5,15.4,0.067,1327
2025-10-29T14:00:00,Zaragoza,421.1,57.5,16.1,0.098,1156
2025-10-29T15:00:00,Madrid,506.5,62.5,18.8,0.113,1277
2025-10-29T15:00:00,Barcelona,487.1,60.5,18.0,0.103,1118
2025-10-29T15:00:00,Valencia,433.4,51.2,17.0,0.037,1149
2025-10-29T15:00:00,Sevilla,436.9,56.9,22.1,0.061,1287
2025-10-29T15:00:00,Bilbao,442.9,58.0,18.7,0.1,1159
2025-10-29T15:00:00,Zaragoza,393.6,48.9,19.9,0.073,1261
2025-10-29T16:00:00,Madrid,453.1,53.8,20.0,0.032,1246
2025-10-29T16:00:00,Barcelona,486.2,60.1,23.5,0.013,1155
2025-10-29T16:00:00,Valencia,413.2,53.3,17.5,0.114,1338
2025-10-29T16:00:00,Sevilla,426.2,54.7,20.2,0.122,1127
2025-10-29T16:00:00,Bilbao,434.7,54.0,22.8,0.028,1299
2025-10-29T16:00:00,Zaragoza,389.0,53.0,20.5,0.113,1068
2025-10-29T17:00:00,Madrid,490.6,64.2,15.8,0.011,1077
2025-10-29T17:00:00,Barcelona,449.9,52.1,23.4,0.06,1127
2025-10-29T17:00:00,Valencia,447.5,54.0,15.6,0.097,1211
2025-10-29T17:00:00,Sevilla,415.0,55.2,19.3,0.109,1198
2025-10-29T17:00:00,Bilbao,428.2,56.5,16.4,0.133,1133
2025-10-29T17:00:00,Zaragoza,394.9,49.7,20.6,0.032,1332
2025-10-29T18:00:00,Madrid,487.7,63.0,17.5,0.129,1177
2025-10-29T18:00:00,Barcelona,488.6,62.7,16.3,0.072,1070
2025-10-29T18:00:00,Valencia,398.1,48.6,18.4,0.034,1060
2025-10-29T18:00:00,Sevilla,415.2,56.8,18.3,0.072,1342
2025-10-29T18:00:00,Bilbao,420.9,56.6,23.7,0.143,1340
2025-10-29T18:00:00,Zaragoza,390.6,47.2,15.8,0.062,1140
2025-10-29T19:00:00,Madrid,298.1,35.3,27.5,0.046,1750
2025-10-29T19:00:00,Barcelona,334.4,40.0,30.4,0.214,1692
2025-10-29T19:00:00,Valencia,271.3,38.7,28.5,0.146,1863
2025-10-29T19:00:00,Sevilla,302.8,36.5,26.3,0.123,1916
2025-10-29T19:00:00,Bilbao,317.6,34.9,26.9,0.05,1772
2025-10-29T19:00:00,Zaragoza,278.7,32.5,33.0,0.086,1789
2025-10-29T20:00:00,Madrid,335.0,44.5,28.1,0.032,1932
2025-10-29T20:00:00,Barcelona,278.5,38.5,32.3,0.017,1943
2025-10-29T20:00:00,Valencia,251.2,30.2,32.1,0.095,1668
2025-10-29T20:00:00,Sevilla,285.1,33.3,27.4,0.092,1912
2025-10-29T20:00:00,Bilbao,314.6,42.2,27.7,0.087,1827
2025-10-29T20:00:00,Zaragoza,279.8,35.5,28.4,0.071,1880
2025-10-29T21:00:00,Madrid,345.1,39.0,30.0,0.082,1910
2025-10-29T21:00:00,Barcelona,330.4,36.5,25.2,0.175,1774
2025-10-29T21:00:00,Valencia,254.5,30.5,25.4,0.183,1694
2025-10-29T21:00:00,Sevilla,295.2,32.0,24.1,0.184,1686
2025-10-29T21:00:00,Bilbao,272.7,35.3,31.8,0.112,1819
2025-10-29T21:00:00,Zaragoza,283.8,31.5,25.1,0.163,1752
2025-10-29T22:00:00,Madrid,345.1,47.4,25.7,0.166,1696
2025-10-29T22:00:00,Barcelona,276.9,37.5,26.1,0.025,1690
2025-10-29T22:00:00,Valencia,273.2,35.4,25.7,0.187,1903
2025-10-29T22:00:00,Sevilla,279.7,31.8,26.6,0.157,1681
2025-10-29T22:00:00,Bilbao,289.9,36.3,24.7,0.22,1784
2025-10-29T22:00:00,Zaragoza,245.3,31.1,32.8,0.162,1688
2025-10-29T23:00:00,Madrid,301.3,41.1,30.8,0.063,1852
2025-10-29T23:00:00,Barcelona,314.8,40.3,29.4,0.121,1796
2025-10-29T23:00:00,Valencia,263.1,30.4,27.1,0.066,1653
2025-10-29T23:00:00,Sevilla,282.6,40.0,26.3,0.173,1683
2025-10-29T23:00:00,Bilbao,267.0,33.3,32.1,0.028,1870
2025-10-29T23:00:00,Zaragoza,241.5,32.8,30.4,0.018,1695
2025-10-30T00:00:00,Madrid,469.1,61.4,23.2,0.108,1083
2025-10-30T00:00:00,Barcelona,464.2,60.3,17.9,0.06,1295
2025-10-30T00:00:00,Valencia,412.2,49.5,19.4,0.086,1147
2025-10-30T00:00:00,Sevilla,393.7,45.9,21.2,0.067,1286
2025-10-30T00:00:00,Bilbao,429.5,56.6,23.5,0.066,1287
2025-10-30T00:00:00,Zaragoza,397.1,46.1,21.8,0.069,1062
2025-10-30T01:00:00,Madrid,502.4,65.7,18.4,0.132,1126
2025-10-30T01:00:00,Barcelona,454.0,51.9,22.1,0.103,1138
2025-10-30T01:00:00,Valencia,399.1,54.3,17.0,0.012,1291
2025-10-30T01:00:00,Sevilla,389.0,47.0,15.2,0.065,1205
2025-10-30T01:00:00,Bilbao,459.8,61.0,17.5,0.037,1305
2025-10-30T01:00:00,Zaragoza,396.0,54.0,16.4,0.146,1080
2025-10-30T02:00:00,Madrid,471.2,55.0,23.6,0.109,1198
2025-10-30T02:00:00,Barcelona,438.5,55.0,19.4,0.04,1301
2025-10-30T02:00:00,Valencia,390.8,46.9,16.4,0.098,1269
2025-10-30T02:00:00,Sevilla,416.7,53.1,19.8,0.058,1241
2025-10-30T02:00:00,Bilbao,458.4,60.9,18.3,0.146,1082
2025-10-30T02:00:00,Zaragoza,371.1,45.1,17.2,0.142,1169
2025-10-30T03:00:00,Madrid,504.6,67.1,20.7,0.136,1293
2025-10-30T03:00:00,Barcelona,477.2,60.2,20.2,0.056,1149
2025-10-30T03:00:00,Valencia,444.1,60.2,22.0,0.09,1167
2025-10-30T03:00:00,Sevilla,422.5,53.9,22.3,0.045,1338
2025-10-30T03:00:00,Bilbao,438.2,50.0,19.6,0.023,1125
2025-10-30T03:00:00,Zaragoza,407.4,46.7,19.4,0.094,1186
2025-10-30T04:00:00,Madrid,454.0,55.6,16.7,0.118,1123
2025-10-30T04:00:00,Barcelona,451.8,59.3,19.3,0.041,1051
2025-10-30T04:00:00,Valencia,409.6,54.5,19.3,0.03,1189
2025-10-30T04:00:00,Sevilla,437.4,54.5,17.8,0.134,1152
2025-10-30T04:00:00,Bilbao,459.4,58.9,23.6,0.094,1111
2025-10-30T04:00:00,Zaragoza,387.7,44.1,23.0,0.083,1308
2025-10-30T05:00:00,Madrid,466.9,61.3,18.8,0.125,1055
2025-10-30T05:00:00,Barcelona,447.9,53.0,17.7,0.014,1265
2025-10-30T05:00:00,Valencia,394.7,49.0,23.2,0.031,1245
2025-10-30T05:00:00,Sevilla,413.3,52.6,21.8,0.025,1190
2025-10-30T05:00:00,Bilbao,437.4,51.6,20.5,0.05,1350
2025-10-30T05:00:00,Zaragoza,377.7,51.8,16.1,0.131,1332
2025-10-30T06:00:00,Madrid,478.6,56.2,22.5,0.063,1063
2025-10-30T06:00:00,Barcelona,467.7,59.9,18.6,0.056,1067
2025-10-30T06:00:00,Valencia,428.6,51.8,21.8,0.016,1311
2025-10-30T06:00:00,Sevilla,383.4,50.1,16.2,0.019,1084
2025-10-30T06:00:00,Bilbao,418.4,48.3,16.5,0.11,1097
2025-10-30T06:00:00,Zaragoza,415.3,56.6,18.0,0.068,1085
2025-10-30T07:00:00,Madrid,479.5,60.4,19.7,0.1,1252
2025-10-30T07:00:00,Barcelona,471.7,59.4,15.8,0.039,1131
2025-10-30T07:00:00,Valencia,396.9,53.7,17.3,0.043,1335
2025-10-30T07:00:00,Sevilla,381.5,49.1,21.3,0.077,1071
2025-10-30T07:00:00,Bilbao,423.1,50.2,16.4,0.132,1306
2025-10-30T07:00:00,Zaragoza,389.2,47.5,20.7,0.065,1311
2025-10-30T08:00:00,Madrid,495.9,61.9,21.0,0.108,1331
2025-10-30T08:00:00,Barcelona,434.1,51.3,15.3,0.042,1301
2025-10-30T08:00:00,Valencia,390.4,50.8,20.2,0.062,1134
2025-10-30T08:00:00,Sevilla,403.8,47.0,15.1,0.098,1194
2025-10-30T08:00:00,Bilbao,425.9,52.0,18.5,0.127,1181
2025-10-30T08:00:00,Zaragoza,390.1,47.0,17.3,0.027,1196
2025-10-30T09:00:00,Madrid,366.3,45.2,29.1,0.135,1617
2025-10-30T09:00:00,Barcelona,336.1,38.1,23.9,0.032,1515
2025-10-30T09:00:00,Valencia,305.1,38.8,27.1,0.165,1519
2025-10-30T09:00:00,Sevilla,338.6,45.5,23.6,0.023,1527
2025-10-30T09:00:00,Bilbao,342.5,46.7,22.7,0.106,1568
2025-10-30T09:00:00,Zaragoza,278.4,38.1,28.1,0.051,1608
2025-10-30T10:00:00,Madrid,382.4,47.4,23.9,0.15,1661
2025-10-30T10:00:00,Barcelona,352.7,45.0,27.6,0.134,1537
2025-10-30T10:00:00,Valencia,297.7,33.3,20.4,0.019,1435
2025-10-30T10:00:00,Sevilla,336.8,46.6,28.8,0.068,1605
2025-10-30T10:00:00,Bilbao,352.2,48.6,21.3,0.08,1507
2025-10-30T10:00:00,Zaragoza,335.9,44.4,23.8,0.064,1421
2025-10-30T11:00:00,Madrid,357.1,40.0,21.5,0.039,1643
2025-10-30T11:00:00,Barcelona,379.7,51.3,27.6,0.05,1425
2025-10-30T11:00:00,Valencia,345.9,47.6,22.0,0.033,1530
2025-10-30T11:00:00,Sevilla,312.7,43.0,26.7,0.063,1421
2025-10-30T11:00:00,Bilbao,350.6,43.6,27.0,0.041,1443
2025-10-30T11:00:00,Zaragoza,301.5,36.5,20.7,0.092,1648
2025-10-30T12:00:00,Madrid,474.7,64.1,20.2,0.016,1082
2025-10-30T12:00:00,Barcelona,487.6,64.7,21.4,0.111,1153
2025-10-30T12:00:00,Valencia,438.1,50.0,17.4,0.132,1170
2025-10-30T12:00:00,Sevilla,421.4,55.8,24.0,0.016,1338
2025-10-30T12:00:00,Bilbao,460.1,56.9,23.6,0.078,1168
2025-10-30T12:00:00,Zaragoza,412.9,54.0,17.6,0.022,1238
2025-10-30T13:00:00,Madrid,477.4,59.4,16.5,0.102,1240
2025-10-30T13:00:00,Barcelona,473.6,59.6,17.9,0.1,1258
2025-10-30T13:00:00,Valencia,400.4,49.1,19.2,0.059,1199
2025-10-30T13:00:00,Sevilla,388.9,50.3,23.0,0.105,1258
2025-10-30T13:00:00,Bilbao,431.6,53.3,20.4,0.134,1220
2025-10-30T13:00:00,Zaragoza,425.5,54.6,19.1,0.085,1134
2025-10-30T14:00:00,Madrid,503.4,61.4,23.3,0.148,1124
2025-10-30T14:00:00,Barcelona,465.9,58.6,22.5,0.032,1343
2025-10-30T14:00:00,Valencia,398.4,53.0,16.9,0.107,1091
2025-10-30T14:00:00,Sevilla,429.4,57.5,23.9,0.086,1316
2025-10-30T14:00:00,Bilbao,416.2,47.1,23.4,0.103,1134
2025-10-30T14:00:00,Zaragoza,414.4,53.6,22.1,0.078,1216
2025-10-30T15:00:00,Madrid,493.9,64.7,19.9,0.065,1251
2025-10-30T15:00:00,Barcelona,443.1,53.9,18.7,0.115,1104
2025-10-30T15:00:00,Valencia,403.5,51.9,16.4,0.107,1146
2025-10-30T15:00:00,Sevilla,423.0,56.8,23.7,0.122,1303
2025-10-30T15:00:00,Bilbao,418.7,48.1,23.6,0.044,1257
2025-10-30T15:00:00,Zaragoza,388.2,45.6,20.7,0.143,1147
2025-10-30T16:00:00,Madrid,451.4,51.7,16.1,0.036,1086
2025-10-30T16:00:00,Barcelona,434.0,53.8,16.1,0.142,1256
2025-10-30T16:00:00,Valencia,390.6,49.8,18.1,0.062,1205
2025-10-30T16:00:00,Sevilla,405.7,51.6,19.3,0.096,1071
2025-10-30T16:00:00,Bilbao,450.7,61.1,19.5,0.059,1180
2025-10-30T16:00:00,Zaragoza,412.0,55.1,18.5,0.085,1100
2025-10-30T17:00:00,Madrid,475.4,60.3,22.9,0.143,1301
2025-10-30T17:00:00,Barcelona,489.7,60.0,23.7,0.116,1094
2025-10-30T17:00:00,Valencia,418.5,52.7,15.7,0.111,1098
2025-10-30T17:00:00,Sevilla,407.3,53.4,17.2,0.148,1067
2025-10-30T17:00:00,Bilbao,429.4,54.2,21.3,0.073,1260
2025-10-30T17:00:00,Zaragoza,375.7,48.8,20.3,0.105,1064
2025-10-30T18:00:00,Madrid,506.1,62.7,19.5,0.075,1339
2025-10-30T18:00:00,Barcelona,453.3,60.9,20.9,0.017,1349
2025-10-30T18:00:00,Valencia,397.1,49.8,16.6,0.073,1133
2025-10-30T18:00:00,Sevilla,382.4,48.8,18.8,0.106,1089
2025-10-30T18:00:00,Bilbao,421.9,52.6,15.1,0.119,1140
2025-10-30T18:00:00,Zaragoza,416.3,47.5,16.6,0.058,1348
2025-10-30T19:00:00,Madrid,340.7,39.9,28.0,0.162,1709
2025-10-30T19:00:00,Barcelona,282.8,31.7,30.7,0.214,1938
2025-10-30T19:00:00,Valencia,251.4,31.4,31.1,0.105,1918
2025-10-30T19:00:00,Sevilla,297.2,35.8,28.9,0.103,1667
2025-10-30T19:00:00,Bilbao,280.1,35.6,27.8,0.029,1784
2025-10-30T19:00:00,Zaragoza,289.3,37.8,28.3,0.121,1774
2025-10-30T20:00:00,Madrid,344.4,46.8,25.1,0.049,1942
2025-10-30T20:00:00,Barcelona,287.9,32.9,29.9,0.13,1935
2025-10-30T20:00:00,Valencia,265.8,28.9,31.1,0.054,1861
2025-10-30T20:00:00,Sevilla,250.3,26.7,25.8,0.078,1850
2025-10-30T20:00:00,Bilbao,264.0,28.6,31.1,0.039,1786
2025-10-30T20:00:00,Zaragoza,271.8,29.1,31.9,0.044,1774
2025-10-30T21:00:00,Madrid,341.6,45.7,25.7,0.115,1895
2025-10-30T21:00:00,Barcelona,289.5,32.9,29.0,0.147,1686
2025-10-30T21:00:00,Valencia,258.8,28.6,28.6,0.196,1684
2025-10-30T21:00:00,Sevilla,272.0,38.9,24.7,0.05,1861
2025-10-30T21:00:00,Bilbao,313.7,37.8,26.0,0.07,1680
2025-10-30T21:00:00,Zaragoza,281.8,30.7,26.9,0.098,1748
2025-10-30T22:00:00,Madrid,330.3,45.6,27.5,0.142,1765
2025-10-30T22:00:00,Barcelona,321.6,36.5,29.5,0.181,1858
2025-10-30T22:00:00,Valencia,288.8,38.6,25.4,0.141,1797
2025-10-30T22:00:00,Sevilla,273.2,29.9,29.4,0.103,1937
2025-10-30T22:00:00,Bilbao,268.4,37.5,25.3,0.15,1839
2025-10-30T22:00:00,Zaragoza,253.3,29.5,29.9,0.222,1824
2025-10-30T23:00:00,Madrid,308.2,38.9,26.9,0.08,1890
2025-10-30T23:00:00,Barcelona,307.4,37.3,31.8,0.16,1936
2025-10-30T23:00:00,Valencia,305.4,39.2,29.9,0.136,1890
2025-10-30T23:00:00,Sevilla,263.6,34.9,32.8,0.127,1682
2025-10-30T23:00:00,Bilbao,278.4,32.5,26.4,0.076,1912
2025-10-30T23:00:00,Zaragoza,250.3,35.6,26.9,0.065,1747
2025-10-31T00:00:00,Madrid,470.9,56.9,22.4,0.082,1260
2025-10-31T00:00:00,Barcelona,446.7,56.8,21.0,0.036,1121
2025-10-31T00:00:00,Valencia,438.1,56.7,16.7,0.106,1327
2025-10-31T00:00:00,Sevilla,413.2,48.7,19.2,0.083,1110
2025-10-31T00:00:00,Bilbao,453.5,60.4,20.7,0.039,1222
2025-10-31T00:00:00,Zaragoza,381.0,49.1,19.5,0.044,1297
2025-10-31T01:00:00,Madrid,493.0,66.0,19.1,0.058,1180
2025-10-31T01:00:00,Barcelona,466.4,55.8,23.7,0.124,1251
2025-10-31T01:00:00,Valencia,390.2,45.7,23.4,0.14,1282
2025-10-31T01:00:00,Sevilla,436.1,55.0,22.4,0.082,1265
2025-10-31T01:00:00,Bilbao,422.0,48.3,18.8,0.147,1105
2025-10-31T01:00:00,Zaragoza,398.6,48.7,16.1,0.035,1235
2025-10-31T02:00:00,Madrid,495.6,66.9,15.4,0.02,1105
2025-10-31T02:00:00,Barcelona,462.9,55.5,22.1,0.14,1266
2025-10-31T02:00:00,Valencia,402.3,54.2,20.1,0.011,1222
2025-10-31T02:00:00,Sevilla,438.6,57.0,17.6,0.044,1162
2025-10-31T02:00:00,Bilbao,447.1,56.6,17.4,0.087,1171
2025-10-31T02:00:00,Zaragoza,379.1,47.9,17.9,0.041,1246
2025-10-31T03:00:00,Madrid,462.2,58.9,23.6,0.023,1188
2025-10-31T03:00:00,Barcelona,478.6,56.1,17.2,0.067,1173
2025-10-31T03:00:00,Valencia,417.6,48.9,16.6,0.041,1104
2025-10-31T03:00:00,Sevilla,380.2,49.2,18.9,0.131,1247
2025-10-31T03:00:00,Bilbao,436.8,51.9,22.6,0.067,1277
2025-10-31T03:00:00,Zaragoza,396.6,52.0,18.5,0.096,1244
2025-10-31T04:00:00,Madrid,451.4,59.1,16.8,0.104,1273
2025-10-31T04:00:00,Barcelona,477.4,59.9,17.9,0.08,1248
2025-10-31T04:00:00,Valencia,440.3,56.1,18.4,0.108,1243
2025-10-31T04:00:00,Sevilla,390.1,47.8,17.0,0.059,1190
2025-10-31T04:00:00,Bilbao,424.9,51.0,17.1,0.094,1290
2025-10-31T04:00:00,Zaragoza,427.6,55.3,20.1,0.1,1083
2025-10-31T05:00:00,Madrid,477.1,62.6,18.5,0.058,1245
2025-10-31T05:00:00,Barcelona,431.2,53.3,19.0,0.069,1273
2025-10-31T05:00:00,Valencia,405.3,47.9,18.3,0.15,1295
2025-10-31T05:00:00,Sevilla,389.5,45.9,20.3,0.082,1321
2025-10-31T05:00:00,Bilbao,458.6,60.8,23.8,0.061,1167
2025-10-31T05:00:00,Zaragoza,375.4,51.1,15.8,0.107,1075
2025-10-31T06:00:00,Madrid,465.0,58.4,17.3,0.031,1122
2025-10-31T06:00:00,Barcelona,481.5,58.0,23.2,0.042,1209
2025-10-31T06:00:00,Valencia,400.0,45.7,22.8,0.097,1343
2025-10-31T06:00:00,Sevilla,419.3,55.3,23.6,0.142,1140
2025-10-31T06:00:00,Bilbao,427.3,53.1,18.8,0.034,1058
2025-10-31T06:00:00,Zaragoza,418.5,49.3,21.4,0.019,1101
2025-10-31T07:00:00,Madrid,466.1,61.1,19.8,0.119,1333
2025-10-31T07:00:00,Barcelona,475.7,61.7,16.4,0.141,1175
2025-10-31T07:00:00,Valencia,437.2,52.9,16.5,0.048,1060
2025-10-31T07:00:00,Sevilla,410.1,55.2,18.5,0.033,1290
2025-10-31T07:00:00,Bilbao,419.4,48.7,22.8,0.127,1343
2025-10-31T07:00:00,Zaragoza,417.0,51.7,19.1,0.109,1177
2025-10-31T08:00:00,Madrid,459.7,58.5,15.4,0.148,1119
2025-10-31T08:00:00,Barcelona,430.0,53.4,22.2,0.105,1252
2025-10-31T08:00:00,Valencia,423.0,55.1,23.0,0.075,1316
2025-10-31T08:00:00,Sevilla,401.2,51.2,21.5,0.115,1178
2025-10-31T08:00:00,Bilbao,441.4,54.3,19.5,0.08,1068
2025-10-31T08:00:00,Zaragoza,382.4,48.8,18.3,0.052,1261
2025-10-31T09:00:00,Madrid,362.2,43.3,20.6,0.102,1418
2025-10-31T09:00:00,Barcelona,336.8,44.8,27.2,0.095,1481
2025-10-31T09:00:00,Valencia,332.0,39.5,22.6,0.016,1526
2025-10-31T09:00:00,Sevilla,339.6,40.0,24.0,0.143,1600
2025-10-31T09:00:00,Bilbao,361.4,44.8,24.1,0.022,1484
2025-10-31T09:00:00,Zaragoza,331.5,45.7,23.1,0.023,1648
2025-10-31T10:00:00,Madrid,393.8,53.1,28.2,0.027,1560
2025-10-31T10:00:00,Barcelona,345.1,43.3,24.7,0.183,1655
2025-10-31T10:00:00,Valencia,297.1,35.5,23.2,0.105,1415
2025-10-31T10:00:00,Sevilla,344.9,39.6,26.8,0.062,1422
2025-10-31T10:00:00,Bilbao,339.0,43.7,23.7,0.095,1581
2025-10-31T10:00:00,Zaragoza,325.6,40.3,26.0,0.065,1436
2025-10-31T11:00:00,Madrid,387.3,49.3,28.4,0.151,1631
2025-10-31T11:00:00,Barcelona,369.7,41.6,27.4,0.146,1699
2025-10-31T11:00:00,Valencia,323.4,45.4,21.8,0.163,1579
2025-10-31T11:00:00,Sevilla,325.0,40.0,26.9,0.062,1482
2025-10-31T11:00:00,Bilbao,354.2,41.2,26.0,0.063,1522
2025-10-31T11:00:00,Zaragoza,280.2,33.1,29.0,0.048,1701
2025-10-31T12:00:00,Madrid,461.6,60.7,22.9,0.07,1340
2025-10-31T12:00:00,Barcelona,445.3,59.8,15.0,0.019,1069
2025-10-31T12:00:00,Valencia,405.9,50.6,15.6,0.076,1134
2025-10-31T12:00:00,Sevilla,435.5,54.4,15.7,0.074,1225
2025-10-31T12:00:00,Bilbao,447.0,60.7,22.7,0.144,1182
2025-10-31T12:00:00,Zaragoza,404.6,51.1,23.1,0.114,1217
2025-10-31T13:00:00,Madrid,481.6,61.9,22.5,0.093,1192
2025-10-31T13:00:00,Barcelona,478.4,62.6,17.2,0.124,1272
2025-10-31T13:00:00,Valencia,419.0,50.7,19.6,0.08,1257
2025-10-31T13:00:00,Sevilla,383.1,48.8,22.2,0.046,1125
2025-10-31T13:00:00,Bilbao,443.3,58.9,17.0,0.144,1287
2025-10-31T13:00:00,Zaragoza,424.3,57.3,21.3,0.081,1261
2025-10-31T14:00:00,Madrid,494.6,61.0,18.0,0.021,1133
2025-10-31T14:00:00,Barcelona,467.4,62.9,21.0,0.118,1079
2025-10-31T14:00:00,Valencia,416.1,55.2,16.4,0.076,1065
2025-10-31T14:00:00,Sevilla,400.0,48.7,17.8,0.078,1301
2025-10-31T14:00:00,Bilbao,465.7,57.2,16.9,0.07,1170
2025-10-31T14:00:00,Zaragoza,387.2,49.5,16.5,0.032,1217
2025-10-31T15:00:00,Madrid,485.6,64.2,15.9,0.022,1054
2025-10-31T15:00:00,Barcelona,439.0,54.2,23.1,0.141,1127
2025-10-31T15:00:00,Valencia,449.5,51.2,16.6,0.029,1237
2025-10-31T15:00:00,Sevilla,420.7,56.8,21.3,0.103,1094
2025-10-31T15:00:00,Bilbao,412.4,55.5,18.0,0.015,1348
2025-10-31T15:00:00,Zaragoza,374.9,42.3,15.0,0.139,1137
2025-10-31T16:00:00,Madrid,503.8,66.2,19.4,0.047,1199
2025-10-31T16:00:00,Barcelona,466.9,58.6,22.5,0.05,1083
2025-10-31T16:00:00,Valencia,417.7,55.7,16.4,0.119,1313
2025-10-31T16:00:00,Sevilla,385.8,49.3,21.2,0.014,1223
2025-10-31T16:00:00,Bilbao,449.9,58.2,22.3,0.06,1310
2025-10-31T16:00:00,Zaragoza,388.4,50.1,22.3,0.069,1170
2025-10-31T17:00:00,Madrid,497.7,65.7,21.0,0.039,1286
2025-10-31T17:00:00,Barcelona,438.9,51.4,15.7,0.092,1110
2025-10-31T17:00:00,Valencia,398.9,54.8,16.1,0.111,1194
2025-10-31T17:00:00,Sevilla,426.2,55.2,20.2,0.111,1272
2025-10-31T17:00:00,Bilbao,434.6,58.6,21.0,0.104,1350
2025-10-31T17:00:00,Zaragoza,388.2,50.6,23.1,0.102,1236
2025-10-31T18:00:00,Madrid,459.4,54.3,15.6,0.014,1179
2025-10-31T18:00:00,Barcelona,453.4,59.8,19.2,0.145,1215
2025-10-31T18:00:00,Valencia,417.0,55.3,21.7,0.109,1211
2025-10-31T18:00:00,Sevilla,437.5,57.2,22.8,0.036,1134
2025-10-31T18:00:00,Bilbao,467.3,57.6,19.4,0.148,1125
2025-10-31T18:00:00,Zaragoza,372.5,43.0,19.6,0.079,1192
2025-10-31T19:00:00,Madrid,344.4,45.3,27.8,0.177,1834
2025-10-31T19:00:00,Barcelona,319.3,42.9,27.4,0.016,1897
2025-10-31T19:00:00,Valencia,296.3,41.7,25.8,0.046,1908
2025-10-31T19:00:00,Sevilla,259.7,31.4,28.8,0.139,1750
2025-10-31T19:00:00,Bilbao,289.4,40.7,31.2,0.111,1930
2025-10-31T19:00:00,Zaragoza,254.1,36.7,28.1,0.075,1659
2025-10-31T20:00:00,Madrid,314.4,40.6,31.1,0.115,1863
2025-10-31T20:00:00,Barcelona,332.4,45.7,29.5,0.063,1811
2025-10-31T20:00:00,Valencia,300.1,34.7,26.4,0.202,1669
2025-10-31T20:00:00,Sevilla,292.3,38.2,29.2,0.098,1652
2025-10-31T20:00:00,Bilbao,295.2,32.3,32.6,0.109,1853
2025-10-31T20:00:00,Zaragoza,236.8,25.1,24.7,0.184,1924
2025-10-31T21:00:00,Madrid,338.9,42.8,27.8,0.12,1806
2025-10-31T21:00:00,Barcelona,322.8,42.0,28.5,0.137,1923
2025-10-31T21:00:00,Valencia,289.7,34.1,25.0,0.064,1849
2025-10-31T21:00:00,Sevilla,277.0,32.9,28.9,0.057,1869
2025-10-31T21:00:00,Bilbao,268.1,35.0,32.5,0.019,1716
2025-10-31T21:00:00,Zaragoza,292.5,38.9,25.5,0.076,1781
2025-10-31T22:00:00,Madrid,314.9,43.4,25.8,0.049,1699
2025-10-31T22:00:00,Barcelona,322.6,38.2,33.0,0.16,1685
2025-10-31T22:00:00,Valencia,254.6,28.4,25.1,0.212,1772
2025-10-31T22:00:00,Sevilla,247.3,33.6,30.8,0.072,1741
2025-10-31T22:00:00,Bilbao,270.1,33.3,25.1,0.176,1923
2025-10-31T22:00:00,Zaragoza,264.6,29.3,30.0,0.073,1692
2025-10-31T23:00:00,Madrid,311.4,34.8,25.6,0.184,1929
2025-10-31T23:00:00,Barcelona,333.4,43.9,32.2,0.145,1694
2025-10-31T23:00:00,Valencia,309.5,35.3,27.1,0.125,1923
2025-10-31T23:00:00,Sevilla,255.0,36.8,30.8,0.089,1824
2025-10-31T23:00:00,Bilbao,314.5,42.2,27.9,0.185,1856
2025-10-31T23:00:00,Zaragoza,249.4,28.1,29.7,0.177,1684
