customer_id,region,calidad_tecnica,interrupciones_30d,brecha_velocidad_pct,tiempo_resolucion_h,reclamaciones_30d,insatisfaccion,precio_mensual,churn
CUST-00001,Madrid,0.832,0,10.98,15.47,0,2.11,60.29,0
CUST-00002,Madrid,0.927,1,9.65,13.13,0,4.43,59.89,0
CUST-00003,Sevilla,0.648,2,12.68,21.38,1,4.89,46.8,0
CUST-00004,Valencia,0.688,3,14.96,19.6,1,5.72,51.17,0
CUST-00005,Barcelona,0.899,0,0.6,13.78,0,2.09,60.6,0
CUST-00006,Sevilla,0.702,0,12.47,12.39,0,3.2,52.29,0
CUST-00007,Madrid,0.835,1,8.32,18.15,2,4.69,51.56,0
CUST-00008,Madrid,0.818,0,10.89,12.24,1,3.81,54.94,0
CUST-00009,Zaragoza,0.629,3,29.46,24.47,1,7.42,46.18,0
CUST-00010,Sevilla,0.631,1,18.27,24.45,1,5.32,40.1,0
CUST-00011,Madrid,0.95,0,0.0,13.5,0,2.97,50.25,0
CUST-00012,Sevilla,0.701,2,11.37,29.55,0,4.43,59.4,0
CUST-00013,Barcelona,0.793,2,18.82,13.3,3,6.8,52.69,1
CUST-00014,Bilbao,0.571,2,16.12,23.86,1,6.23,51.27,0
CUST-00015,Barcelona,0.807,2,20.71,12.05,4,6.75,57.5,1
CUST-00016,Sevilla,0.706,1,9.52,16.55,1,4.52,41.46,0
CUST-00017,Valencia,0.759,0,11.23,15.4,1,3.05,47.21,0
CUST-00018,Barcelona,0.788,1,9.6,13.81,1,5.01,58.28,0
CUST-00019,Zaragoza,0.685,3,30.11,20.06,0,6.24,33.55,0
CUST-00020,Madrid,0.921,0,0.0,8.63,0,2.19,66.29,0
CUST-00021,Valencia,0.787,2,9.93,16.89,2,5.93,39.29,0
CUST-00022,Valencia,0.719,0,7.39,21.04,0,3.76,40.69,0
CUST-00023,Bilbao,0.589,2,12.93,22.72,1,4.72,26.58,0
CUST-00024,Sevilla,0.542,4,20.81,28.31,2,7.32,44.93,1
CUST-00025,Barcelona,0.808,3,18.93,18.13,2,6.81,56.86,0
CUST-00026,Barcelona,0.774,4,23.43,24.32,0,6.53,52.59,0
CUST-00027,Bilbao,0.563,4,28.49,24.45,5,9.78,56.13,1
CUST-00028,Valencia,0.771,1,16.42,15.02,2,5.24,56.38,1
CUST-00029,Valencia,0.724,0,17.02,19.66,1,2.68,40.96,0
CUST-00030,Bilbao,0.596,2,19.65,20.5,3,7.13,58.58,1
CUST-00031,Madrid,0.886,1,12.98,9.01,0,3.48,54.65,0
CUST-00032,Madrid,0.783,0,1.87,13.48,0,3.64,47.15,0
CUST-00033,Valencia,0.747,1,12.76,12.08,0,4.03,48.84,0
CUST-00034,Madrid,0.916,0,1.07,12.35,0,2.36,72.81,0
CUST-00035,Bilbao,0.532,3,27.1,28.1,2,9.2,44.52,1
CUST-00036,Madrid,0.905,1,9.99,18.93,0,3.36,54.32,0
CUST-00037,Valencia,0.749,1,10.77,12.69,1,2.88,47.42,0
CUST-00038,Sevilla,0.795,1,5.04,17.29,0,2.61,65.8,0
CUST-00039,Bilbao,0.609,0,16.38,14.07,0,4.41,52.7,0
CUST-00040,Madrid,0.884,1,12.46,10.69,2,3.55,66.72,1
CUST-00041,Madrid,0.89,1,7.55,18.82,0,1.89,55.67,0
CUST-00042,Sevilla,0.641,2,21.17,22.73,1,6.84,43.5,1
CUST-00043,Madrid,0.943,0,3.78,7.85,1,3.18,55.27,0
CUST-00044,Bilbao,0.713,2,20.55,14.73,1,5.79,46.76,0
CUST-00045,Madrid,0.827,0,11.95,15.33,1,5.71,49.05,0
CUST-00046,Zaragoza,0.621,5,27.68,29.28,2,9.01,53.4,0
CUST-00047,Sevilla,0.657,1,13.55,16.08,2,5.35,64.75,0
CUST-00048,Madrid,0.747,2,14.89,23.27,0,5.03,53.6,0
CUST-00049,Valencia,0.694,5,30.93,27.64,3,10.0,44.76,1
CUST-00050,Madrid,0.886,2,7.62,15.75,0,3.88,53.51,1
CUST-00051,Bilbao,0.636,3,20.5,28.51,2,7.65,40.24,1
CUST-00052,Barcelona,0.826,0,0.88,17.51,0,4.32,59.18,0
CUST-00053,Sevilla,0.737,3,18.32,16.51,2,7.19,47.2,1
CUST-00054,Madrid,0.927,1,14.14,20.21,2,4.3,60.6,0
CUST-00055,Zaragoza,0.605,4,29.73,29.97,4,10.0,58.47,0
CUST-00056,Valencia,0.647,4,20.03,19.15,5,10.0,29.57,1
CUST-00057,Madrid,0.878,0,16.5,11.29,0,2.75,62.46,0
CUST-00058,Barcelona,0.869,0,9.28,8.05,2,4.43,62.01,0
CUST-00059,Barcelona,0.922,2,6.58,18.19,2,5.64,51.13,0
CUST-00060,Bilbao,0.554,2,19.06,37.19,2,7.22,29.97,0
CUST-00061,Zaragoza,0.698,5,14.08,26.79,2,8.76,41.29,1
CUST-00062,Bilbao,0.494,2,34.11,28.28,5,9.44,42.29,1
CUST-00063,Sevilla,0.685,1,13.84,17.55,0,4.75,58.3,0
CUST-00064,Bilbao,0.439,0,29.8,24.06,1,6.54,66.84,1
CUST-00065,Barcelona,0.792,0,11.95,13.29,1,3.01,48.59,0
CUST-00066,Sevilla,0.762,3,14.21,17.13,2,5.9,52.51,0
CUST-00067,Madrid,0.809,1,1.22,15.3,0,5.15,46.15,0
CUST-00068,Zaragoza,0.579,3,25.93,24.15,1,7.71,46.0,1
CUST-00069,Madrid,0.86,1,5.79,14.69,1,4.4,37.61,0
CUST-00070,Valencia,0.784,0,7.98,12.03,1,5.99,49.33,0
CUST-00071,Valencia,0.612,2,27.46,22.44,2,8.11,48.74,1
CUST-00072,Barcelona,0.841,0,7.17,10.55,0,2.29,42.92,0
CUST-00073,Zaragoza,0.685,1,14.48,15.28,0,4.25,43.22,0
CUST-00074,Valencia,0.709,4,22.71,22.65,2,7.99,47.55,1
CUST-00075,Sevilla,0.685,0,6.0,17.74,1,4.53,70.34,1
CUST-00076,Sevilla,0.674,2,14.49,28.27,2,6.24,65.9,0
CUST-00077,Valencia,0.859,0,1.05,14.07,0,2.14,53.04,0
CUST-00078,Zaragoza,0.669,1,16.45,24.11,0,6.23,49.89,0
CUST-00079,Barcelona,0.859,1,9.6,14.51,2,5.27,57.9,1
CUST-00080,Zaragoza,0.626,0,14.5,13.83,0,4.97,55.13,0
CUST-00081,Barcelona,0.825,1,14.01,12.45,1,5.43,54.83,1
CUST-00082,Bilbao,0.647,2,17.28,19.1,4,7.6,55.15,1
CUST-00083,Valencia,0.766,0,16.56,7.44,0,2.22,60.71,1
CUST-00084,Valencia,0.822,4,16.71,19.42,3,7.87,51.22,1
CUST-00085,Bilbao,0.631,1,23.85,16.43,1,6.14,40.93,0
CUST-00086,Bilbao,0.582,2,25.96,20.99,2,6.69,22.0,0
CUST-00087,Zaragoza,0.71,1,15.17,13.38,2,6.91,51.6,1
CUST-00088,Barcelona,0.791,0,6.25,9.98,1,3.68,50.01,0
CUST-00089,Zaragoza,0.583,2,30.5,31.38,0,6.3,53.22,0
CUST-00090,Zaragoza,0.65,1,16.7,21.91,4,8.89,44.07,0
CUST-00091,Barcelona,0.875,1,9.24,12.15,1,3.41,55.77,0
CUST-00092,Valencia,0.72,1,20.03,24.11,0,3.94,37.6,1
CUST-00093,Valencia,0.771,3,12.46,20.51,2,6.48,42.02,0
CUST-00094,Sevilla,0.631,1,24.97,21.71,3,7.26,41.29,1
CUST-00095,Madrid,0.789,1,20.17,20.65,1,4.14,55.96,0
CUST-00096,Sevilla,0.617,1,10.25,14.72,2,6.51,47.62,1
CUST-00097,Bilbao,0.675,1,7.03,22.01,1,4.06,49.26,0
CUST-00098,Zaragoza,0.715,3,7.72,25.99,1,6.47,56.66,1
CUST-00099,Bilbao,0.591,4,32.5,25.07,5,10.0,40.69,1
CUST-00100,Valencia,0.716,1,22.3,20.16,6,8.75,49.66,1
CUST-00101,Barcelona,0.849,2,10.38,11.39,0,3.84,55.7,0
CUST-00102,Valencia,0.649,0,7.36,22.51,1,5.98,63.61,0
CUST-00103,Barcelona,0.916,0,0.0,1.0,0,2.71,48.96,0
CUST-00104,Valencia,0.792,0,6.98,14.23,0,2.98,51.38,1
CUST-00105,Sevilla,0.721,1,16.9,17.42,2,4.61,44.96,0
CUST-00106,Sevilla,0.693,5,27.47,23.29,2,8.36,50.06,1
CUST-00107,Barcelona,0.886,0,13.01,15.82,1,3.11,47.66,0
CUST-00108,Sevilla,0.712,1,15.08,14.01,1,5.24,39.59,0
CUST-00109,Bilbao,0.534,1,20.25,26.83,1,5.55,37.1,0
CUST-00110,Barcelona,0.762,2,7.89,18.58,0,5.53,61.67,1
CUST-00111,Valencia,0.701,1,19.79,18.03,2,6.58,39.73,1
CUST-00112,Madrid,0.915,2,0.0,19.89,1,6.01,34.73,0
CUST-00113,Sevilla,0.74,0,17.37,13.54,1,4.15,56.13,0
CUST-00114,Bilbao,0.695,2,17.58,16.01,0,4.9,49.15,0
CUST-00115,Valencia,0.787,2,12.38,22.13,2,5.32,56.22,0
CUST-00116,Barcelona,0.847,1,0.27,16.45,1,3.47,47.54,0
CUST-00117,Sevilla,0.645,3,16.87,25.6,5,10.0,49.27,1
CUST-00118,Bilbao,0.607,2,18.86,20.08,1,6.5,42.72,1
CUST-00119,Valencia,0.747,0,11.05,15.47,1,3.48,50.25,0
CUST-00120,Barcelona,0.902,2,9.41,18.63,1,3.36,46.62,0
CUST-00121,Barcelona,0.906,1,14.64,15.73,1,3.95,54.94,0
CUST-00122,Valencia,0.766,1,21.77,13.23,0,3.59,57.45,1
CUST-00123,Zaragoza,0.648,2,19.32,18.76,2,6.44,52.87,1
CUST-00124,Madrid,0.808,0,12.34,10.4,2,4.84,49.8,0
CUST-00125,Zaragoza,0.7,1,11.27,17.02,3,6.59,41.83,0
CUST-00126,Madrid,0.898,0,4.95,13.77,0,1.55,45.29,0
CUST-00127,Barcelona,0.842,0,5.34,12.37,0,1.01,68.37,0
CUST-00128,Madrid,0.925,0,0.0,9.12,0,2.46,40.68,0
CUST-00129,Bilbao,0.649,3,28.92,24.1,2,7.23,48.18,1
CUST-00130,Madrid,0.797,2,13.55,19.45,1,5.32,56.04,1
CUST-00131,Madrid,0.815,1,10.96,15.15,0,2.7,58.34,0
CUST-00132,Bilbao,0.552,0,15.51,17.51,0,4.2,53.8,0
CUST-00133,Barcelona,0.905,0,11.65,7.58,0,3.52,59.97,0
CUST-00134,Sevilla,0.645,4,14.42,17.39,1,6.74,45.24,0
CUST-00135,Madrid,0.885,1,0.0,9.27,1,3.01,32.61,0
CUST-00136,Barcelona,0.825,0,4.35,10.59,0,3.21,60.47,1
CUST-00137,Zaragoza,0.608,3,21.73,16.7,3,8.61,53.39,1
CUST-00138,Barcelona,0.8,2,9.46,15.55,2,4.54,32.39,0
CUST-00139,Madrid,0.874,2,0.0,7.87,3,4.81,56.26,1
CUST-00140,Barcelona,0.781,0,4.74,13.07,1,2.96,45.13,0
CUST-00141,Barcelona,0.833,0,7.08,22.05,1,3.92,46.69,1
CUST-00142,Valencia,0.714,1,11.37,11.46,0,2.75,60.28,0
CUST-00143,Bilbao,0.593,2,30.32,19.5,3,7.6,37.21,1
CUST-00144,Bilbao,0.502,3,32.14,21.28,1,7.53,51.62,0
CUST-00145,Madrid,0.828,0,7.8,14.36,0,2.48,59.8,0
CUST-00146,Madrid,0.855,1,3.14,12.12,0,3.97,70.81,0
CUST-00147,Sevilla,0.677,1,13.86,19.07,1,2.4,38.54,0
CUST-00148,Sevilla,0.716,2,19.5,16.89,1,5.22,39.14,1
CUST-00149,Valencia,0.731,2,17.72,13.93,0,4.8,44.57,0
CUST-00150,Madrid,0.792,0,17.19,13.72,2,5.59,58.6,0
CUST-00151,Valencia,0.804,1,12.97,10.22,0,1.77,54.7,0
CUST-00152,Madrid,0.901,0,5.73,14.11,1,2.9,63.09,0
CUST-00153,Sevilla,0.726,0,7.45,14.22,0,3.1,45.12,0
CUST-00154,Zaragoza,0.641,3,20.47,23.88,1,5.06,55.02,1
CUST-00155,Madrid,0.953,0,3.1,7.05,0,1.87,43.6,0
CUST-00156,Zaragoza,0.522,2,22.5,25.11,3,7.23,52.69,1
CUST-00157,Bilbao,0.606,3,22.27,21.09,2,6.54,42.26,1
CUST-00158,Bilbao,0.656,2,21.17,20.25,2,5.33,60.09,0
CUST-00159,Madrid,0.882,0,7.01,15.11,0,3.24,56.62,0
CUST-00160,Zaragoza,0.664,2,19.42,26.06,2,7.84,47.62,1
CUST-00161,Madrid,0.88,0,1.43,10.58,1,4.28,69.29,0
CUST-00162,Valencia,0.615,1,12.41,17.73,0,4.4,38.55,0
CUST-00163,Barcelona,0.867,0,0.97,17.47,0,2.33,55.75,0
CUST-00164,Madrid,0.833,1,4.08,9.78,0,3.91,56.12,0
CUST-00165,Barcelona,0.867,0,17.4,12.57,0,2.4,52.2,0
CUST-00166,Barcelona,0.787,1,8.09,21.51,1,4.18,52.45,0
CUST-00167,Barcelona,0.86,0,0.0,10.46,0,2.16,52.44,0
CUST-00168,Bilbao,0.585,1,12.8,17.52,0,5.03,47.56,0
CUST-00169,Madrid,0.911,0,1.8,9.38,0,2.66,57.87,0
CUST-00170,Bilbao,0.48,1,27.74,25.04,1,5.99,54.34,0
CUST-00171,Zaragoza,0.584,1,16.55,20.8,2,5.93,42.59,0
CUST-00172,Bilbao,0.454,3,36.28,30.17,2,9.38,59.08,1
CUST-00173,Zaragoza,0.616,1,15.84,19.16,1,6.71,54.37,1
CUST-00174,Zaragoza,0.659,0,14.6,11.72,0,3.88,37.8,0
CUST-00175,Madrid,0.941,0,0.0,15.39,0,1.41,67.36,0
CUST-00176,Bilbao,0.727,2,14.98,20.82,1,3.65,49.57,1
CUST-00177,Madrid,0.85,1,18.9,11.04,3,7.07,58.38,1
CUST-00178,Madrid,0.784,0,3.62,17.31,0,3.4,55.75,0
CUST-00179,Sevilla,0.646,1,12.05,16.85,1,5.93,41.81,0
CUST-00180,Valencia,0.743,0,3.74,7.23,1,3.92,38.76,0
CUST-00181,Valencia,0.729,0,12.99,12.33,0,3.32,41.69,1
CUST-00182,Bilbao,0.551,2,21.61,19.05,2,7.89,51.49,1
CUST-00183,Barcelona,0.788,0,6.47,11.49,0,4.17,70.64,1
CUST-00184,Bilbao,0.631,3,18.05,27.93,2,6.74,34.84,1
CUST-00185,Sevilla,0.734,3,24.05,16.97,1,5.99,46.89,1
CUST-00186,Madrid,0.858,0,0.0,19.73,1,2.38,42.09,0
CUST-00187,Madrid,0.856,0,1.55,19.46,0,2.49,42.9,0
CUST-00188,Barcelona,0.772,0,17.92,17.22,3,6.01,49.74,0
CUST-00189,Sevilla,0.665,1,18.57,17.06,4,8.04,52.08,1
CUST-00190,Sevilla,0.639,1,13.43,15.87,1,4.41,55.25,0
CUST-00191,Zaragoza,0.588,3,24.79,23.86,3,6.91,59.56,1
CUST-00192,Valencia,0.698,2,5.1,16.33,1,4.95,42.62,0
CUST-00193,Zaragoza,0.672,2,13.0,20.38,2,6.42,38.75,1
CUST-00194,Valencia,0.703,1,14.02,21.83,1,4.74,57.5,0
CUST-00195,Zaragoza,0.584,1,21.7,21.43,1,6.15,45.84,1
CUST-00196,Barcelona,0.796,1,24.0,17.88,1,5.57,69.29,0
CUST-00197,Bilbao,0.642,1,12.27,19.62,1,5.22,49.59,1
CUST-00198,Barcelona,0.794,1,15.53,21.81,4,6.63,53.3,1
CUST-00199,Bilbao,0.636,3,12.61,21.21,3,6.88,50.87,1
CUST-00200,Valencia,0.691,5,13.98,29.55,4,9.69,58.08,1
CUST-00201,Valencia,0.659,0,13.9,16.92,0,5.66,52.47,0
CUST-00202,Zaragoza,0.611,2,28.62,26.72,3,7.63,57.91,1
CUST-00203,Madrid,0.93,1,10.46,11.77,2,2.64,40.98,0
CUST-00204,Sevilla,0.637,6,38.96,30.4,7,10.0,54.42,1
CUST-00205,Valencia,0.784,0,13.96,4.81,0,3.19,22.0,0
CUST-00206,Valencia,0.747,2,11.32,12.46,1,5.85,46.12,1
CUST-00207,Bilbao,0.557,3,23.62,17.99,0,6.45,49.61,1
CUST-00208,Sevilla,0.691,0,12.16,16.02,1,3.95,46.32,0
CUST-00209,Barcelona,0.947,0,1.56,13.8,0,2.92,56.1,0
CUST-00210,Valencia,0.802,4,12.45,22.6,0,6.89,39.08,1
CUST-00211,Madrid,0.954,0,0.0,7.64,0,1.76,58.33,0
CUST-00212,Valencia,0.736,0,9.58,5.41,0,3.59,45.22,0
CUST-00213,Valencia,0.824,1,14.6,11.85,0,2.56,36.64,0
CUST-00214,Madrid,0.916,1,7.91,15.12,0,3.01,58.55,0
CUST-00215,Valencia,0.76,1,17.71,24.49,0,3.43,63.19,0
CUST-00216,Bilbao,0.645,0,18.31,15.49,1,5.2,49.88,0
CUST-00217,Bilbao,0.54,2,19.23,28.81,0,6.21,53.04,0
CUST-00218,Madrid,0.91,2,3.88,10.6,1,3.64,43.06,0
CUST-00219,Bilbao,0.567,4,30.78,25.04,2,7.7,56.96,0
CUST-00220,Zaragoza,0.677,0,11.36,16.96,0,2.58,55.94,0
CUST-00221,Madrid,0.861,0,0.0,14.42,0,2.09,62.12,0
CUST-00222,Zaragoza,0.71,1,13.56,23.25,2,5.12,43.83,0
CUST-00223,Zaragoza,0.701,2,10.51,17.36,4,7.6,53.36,0
CUST-00224,Barcelona,0.804,0,4.1,12.4,0,1.72,52.88,0
CUST-00225,Madrid,0.821,1,6.22,15.89,1,4.81,58.06,1
CUST-00226,Valencia,0.717,0,16.6,18.45,0,3.75,38.92,0
CUST-00227,Barcelona,0.888,0,2.36,7.05,0,2.51,50.68,0
CUST-00228,Barcelona,0.857,1,8.89,12.03,1,4.3,48.09,0
CUST-00229,Bilbao,0.568,0,23.13,13.19,0,4.18,24.85,0
CUST-00230,Sevilla,0.667,2,11.74,27.99,0,5.28,50.14,0
CUST-00231,Madrid,0.838,0,1.48,9.25,2,2.56,44.02,0
CUST-00232,Sevilla,0.734,3,19.74,19.12,1,5.91,59.12,1
CUST-00233,Barcelona,0.92,0,0.0,17.26,0,1.96,65.23,0
CUST-00234,Barcelona,0.756,1,15.15,16.31,1,4.71,67.6,0
CUST-00235,Barcelona,0.938,0,4.08,9.0,0,3.04,61.33,0
CUST-00236,Zaragoza,0.578,0,16.84,21.48,0,4.94,44.78,0
CUST-00237,Valencia,0.764,1,17.08,23.25,1,4.62,57.47,1
CUST-00238,Valencia,0.719,1,13.28,22.46,1,5.28,46.0,0
CUST-00239,Madrid,0.861,1,1.67,15.48,0,4.74,58.63,0
CUST-00240,Zaragoza,0.634,4,15.85,28.62,2,9.28,53.86,0
CUST-00241,Valencia,0.833,0,5.09,19.64,0,1.95,40.88,0
CUST-00242,Sevilla,0.69,4,24.0,30.98,4,9.5,48.44,1
CUST-00243,Barcelona,0.855,0,2.88,13.03,0,1.0,56.45,0
CUST-00244,Barcelona,0.79,1,13.96,14.06,0,3.72,62.73,1
CUST-00245,Sevilla,0.727,1,15.44,17.76,1,3.57,54.02,0
CUST-00246,Madrid,0.941,0,13.42,13.06,0,1.99,51.14,0
CUST-00247,Barcelona,0.863,0,2.75,11.89,0,3.77,55.18,0
CUST-00248,Valencia,0.806,1,13.3,13.42,1,4.33,53.76,0
CUST-00249,Valencia,0.793,1,13.76,15.9,0,3.13,49.09,0
CUST-00250,Barcelona,0.785,2,18.08,12.61,3,5.77,62.76,1
CUST-00251,Barcelona,0.793,1,10.19,10.81,0,4.0,49.9,0
CUST-00252,Zaragoza,0.57,5,28.23,28.83,4,10.0,59.56,1
CUST-00253,Valencia,0.715,0,20.7,8.17,1,4.2,43.05,0
CUST-00254,Sevilla,0.658,0,5.21,20.61,0,4.21,45.55,0
CUST-00255,Madrid,0.968,0,1.34,6.39,1,3.54,56.25,0
CUST-00256,Barcelona,0.825,1,8.58,22.61,0,4.44,53.83,1
CUST-00257,Bilbao,0.524,2,29.74,28.65,3,7.38,44.86,1
CUST-00258,Bilbao,0.691,1,20.7,15.98,1,4.53,46.0,0
CUST-00259,Valencia,0.649,3,22.66,27.34,4,8.89,54.43,1
CUST-00260,Zaragoza,0.662,2,22.26,25.55,0,5.64,44.33,0
CUST-00261,Bilbao,0.753,0,10.59,13.71,0,4.13,40.03,0
CUST-00262,Sevilla,0.816,1,11.58,21.55,3,5.98,54.94,1
CUST-00263,Madrid,0.826,0,7.64,12.28,0,3.4,59.51,0
CUST-00264,Zaragoza,0.568,3,29.63,24.72,2,7.31,54.26,1
CUST-00265,Sevilla,0.712,2,21.64,18.91,0,5.45,52.23,1
CUST-00266,Sevilla,0.679,0,10.33,13.66,1,4.85,47.45,0
CUST-00267,Bilbao,0.648,1,16.89,18.3,0,4.61,50.03,0
CUST-00268,Barcelona,0.767,2,16.9,6.97,0,4.93,55.17,0
CUST-00269,Valencia,0.686,1,15.55,20.85,1,4.69,44.46,1
CUST-00270,Barcelona,0.801,0,4.93,12.14,0,1.89,48.46,0
CUST-00271,Madrid,0.879,1,6.2,9.33,2,4.44,39.71,1
CUST-00272,Sevilla,0.674,3,15.75,26.13,1,5.64,44.2,1
CUST-00273,Bilbao,0.536,1,26.95,25.14,0,4.71,47.25,0
CUST-00274,Barcelona,0.845,2,10.14,15.91,1,5.27,48.38,1
CUST-00275,Madrid,0.8,2,3.76,21.86,1,3.43,55.29,1
CUST-00276,Sevilla,0.68,0,21.7,9.55,0,3.82,57.8,0
CUST-00277,Valencia,0.686,1,19.56,16.75,1,4.51,32.12,1
CUST-00278,Sevilla,0.714,2,12.08,20.36,2,5.57,53.5,0
CUST-00279,Madrid,0.86,1,11.05,11.48,1,5.2,65.5,0
CUST-00280,Madrid,0.844,1,9.05,14.89,1,3.59,52.39,0
CUST-00281,Zaragoza,0.674,0,21.04,13.67,1,4.42,51.57,0
CUST-00282,Zaragoza,0.566,2,21.92,21.89,4,8.43,45.08,0
CUST-00283,Barcelona,0.918,0,7.77,12.01,0,2.31,46.93,0
CUST-00284,Madrid,0.804,3,12.53,16.87,2,5.82,56.84,1
CUST-00285,Barcelona,0.856,2,10.16,16.59,2,4.6,51.85,1
CUST-00286,Madrid,0.947,0,7.76,11.81,0,2.4,56.31,0
CUST-00287,Zaragoza,0.645,2,12.87,21.75,2,6.03,48.83,1
CUST-00288,Zaragoza,0.646,2,21.96,17.92,2,6.94,47.12,0
CUST-00289,Madrid,0.949,0,5.56,10.48,1,3.31,56.31,0
CUST-00290,Sevilla,0.648,1,20.85,18.45,1,5.16,48.49,0
CUST-00291,Zaragoza,0.598,1,20.55,23.1,1,5.5,41.78,0
CUST-00292,Zaragoza,0.588,1,20.26,15.02,2,5.6,52.62,1
CUST-00293,Madrid,0.98,1,9.63,12.86,3,5.55,56.48,0
CUST-00294,Barcelona,0.88,0,6.87,10.16,0,1.74,42.89,0
CUST-00295,Valencia,0.792,0,4.1,8.7,0,1.86,58.21,0
CUST-00296,Zaragoza,0.571,2,34.3,21.62,1,5.17,52.94,1
CUST-00297,Madrid,0.892,1,1.75,12.55,0,3.05,45.18,0
CUST-00298,Valencia,0.746,2,15.58,25.18,0,5.06,49.16,0
CUST-00299,Sevilla,0.757,0,15.06,14.77,0,2.92,54.12,1
CUST-00300,Madrid,0.909,0,0.0,10.55,0,1.59,64.56,0
CUST-00301,Sevilla,0.725,0,11.49,17.35,0,3.21,37.68,0
CUST-00302,Sevilla,0.659,1,7.17,11.28,1,4.54,42.38,0
CUST-00303,Barcelona,0.828,0,5.36,12.39,1,3.75,46.27,0
CUST-00304,Madrid,0.887,0,7.24,11.16,0,2.38,41.03,0
CUST-00305,Sevilla,0.698,2,20.44,20.05,1,6.68,37.93,1
CUST-00306,Bilbao,0.573,2,21.68,22.9,1,6.27,22.0,0
CUST-00307,Madrid,0.824,0,0.0,8.1,0,3.8,55.97,0
CUST-00308,Madrid,0.887,1,2.62,9.72,0,3.7,52.4,0
CUST-00309,Madrid,0.93,0,2.5,8.27,2,5.22,52.07,0
CUST-00310,Zaragoza,0.662,4,29.52,23.35,2,8.12,39.35,1
CUST-00311,Bilbao,0.656,2,12.81,16.3,2,4.88,59.09,0
CUST-00312,Zaragoza,0.727,1,13.04,17.99,0,3.57,45.96,0
CUST-00313,Barcelona,0.833,1,5.39,18.71,1,4.43,50.08,0
CUST-00314,Valencia,0.821,2,9.55,20.76,3,7.26,43.72,0
CUST-00315,Madrid,0.864,0,13.16,7.47,2,4.69,41.12,0
CUST-00316,Sevilla,0.641,2,19.52,27.39,4,9.49,59.24,0
CUST-00317,Bilbao,0.614,2,20.63,26.86,1,4.79,66.23,0
CUST-00318,Valencia,0.734,3,21.84,21.52,0,4.91,40.93,0
CUST-00319,Barcelona,0.809,0,5.33,15.77,1,4.32,47.74,0
CUST-00320,Madrid,0.931,0,0.0,6.91,0,1.97,47.69,0
CUST-00321,Barcelona,0.796,2,12.9,21.04,1,4.94,53.81,0
CUST-00322,Sevilla,0.586,1,16.8,30.69,0,5.69,40.51,0
CUST-00323,Zaragoza,0.669,4,24.47,20.25,5,10.0,63.2,1
CUST-00324,Sevilla,0.616,1,9.68,19.55,1,4.97,40.53,0
CUST-00325,Barcelona,0.782,2,3.06,19.48,3,7.17,43.87,0
CUST-00326,Barcelona,0.874,0,4.2,16.67,0,2.9,69.68,0
CUST-00327,Valencia,0.745,3,18.47,23.84,1,5.65,38.1,0
CUST-00328,Zaragoza,0.59,4,26.01,27.48,5,10.0,33.03,1
CUST-00329,Madrid,0.904,0,0.0,13.01,0,3.65,41.04,0
CUST-00330,Madrid,0.875,1,7.78,14.34,1,4.04,60.54,0
CUST-00331,Madrid,0.917,0,2.53,12.75,1,2.5,39.36,0
CUST-00332,Barcelona,0.799,0,2.0,16.85,0,2.7,64.88,1
CUST-00333,Bilbao,0.593,2,26.02,11.82,4,7.5,55.76,1
CUST-00334,Sevilla,0.794,1,12.8,12.63,1,4.92,50.68,0
CUST-00335,Barcelona,0.829,1,6.53,15.07,2,4.18,75.8,0
CUST-00336,Valencia,0.68,2,21.42,13.02,1,6.26,46.62,1
CUST-00337,Valencia,0.658,2,9.21,20.98,1,6.52,43.75,0
CUST-00338,Barcelona,0.911,0,1.39,13.81,0,3.35,57.14,0
CUST-00339,Valencia,0.772,1,9.97,27.1,1,5.42,44.6,0
CUST-00340,Bilbao,0.51,3,23.97,19.91,1,6.72,61.09,0
CUST-00341,Barcelona,0.797,0,4.85,1.7,0,1.72,57.55,0
CUST-00342,Valencia,0.791,2,14.27,22.63,0,4.71,58.14,0
CUST-00343,Madrid,0.878,0,4.23,16.16,0,3.43,55.79,0
CUST-00344,Bilbao,0.632,6,34.66,28.57,3,10.0,39.16,1
CUST-00345,Sevilla,0.802,1,18.69,11.33,2,5.51,55.0,1
CUST-00346,Madrid,0.924,0,0.0,16.02,0,1.15,42.15,0
CUST-00347,Zaragoza,0.641,1,22.75,14.72,0,5.37,65.46,1
CUST-00348,Valencia,0.772,3,18.81,23.54,1,6.16,55.55,0
CUST-00349,Bilbao,0.641,1,21.37,14.86,2,5.1,35.56,0
CUST-00350,Barcelona,0.792,1,9.71,22.06,2,4.99,66.42,1
CUST-00351,Valencia,0.799,1,9.18,18.52,0,3.75,66.71,0
CUST-00352,Sevilla,0.61,3,19.97,19.62,1,5.22,47.48,0
CUST-00353,Barcelona,0.773,1,6.9,23.23,0,3.99,62.87,1
CUST-00354,Zaragoza,0.747,1,11.7,18.39,1,4.49,51.46,0
CUST-00355,Valencia,0.786,3,17.69,22.37,2,7.95,36.2,0
CUST-00356,Sevilla,0.629,2,20.35,29.31,1,6.63,55.43,0
CUST-00357,Valencia,0.706,2,16.37,22.41,1,5.34,41.48,0
CUST-00358,Madrid,0.843,1,12.55,17.87,1,3.21,46.72,0
CUST-00359,Barcelona,0.828,3,18.98,25.34,2,5.75,44.89,1
CUST-00360,Sevilla,0.779,1,11.83,19.75,0,4.83,43.72,0
CUST-00361,Bilbao,0.673,0,8.55,15.65,0,3.87,57.65,0
CUST-00362,Sevilla,0.592,2,14.95,17.63,0,4.13,53.32,0
CUST-00363,Madrid,0.921,0,0.0,11.78,0,1.97,57.74,0
CUST-00364,Madrid,0.922,0,0.0,8.38,0,2.09,52.87,0
CUST-00365,Madrid,0.937,1,8.26,16.47,0,2.95,39.42,0
CUST-00366,Zaragoza,0.75,1,4.0,24.29,0,2.67,36.4,0
CUST-00367,Zaragoza,0.612,0,16.36,17.38,0,2.05,40.11,0
CUST-00368,Madrid,0.917,0,16.01,16.68,0,2.74,53.03,0
CUST-00369,Bilbao,0.529,4,32.98,26.85,5,10.0,35.1,1
CUST-00370,Barcelona,0.804,2,14.35,13.56,1,4.86,44.12,0
CUST-00371,Zaragoza,0.702,1,27.72,20.24,2,7.25,63.17,0
CUST-00372,Valencia,0.728,1,11.19,20.2,1,4.08,55.47,0
CUST-00373,Bilbao,0.441,2,27.79,22.87,4,10.0,46.06,1
CUST-00374,Barcelona,0.831,1,0.0,13.01,0,3.75,59.57,0
CUST-00375,Zaragoza,0.583,2,18.23,26.02,0,5.89,47.01,0
CUST-00376,Valencia,0.715,3,26.03,22.38,1,6.49,53.02,1
CUST-00377,Valencia,0.748,1,18.43,13.31,1,5.34,46.02,1
CUST-00378,Sevilla,0.708,2,13.36,25.67,1,4.45,72.58,1
CUST-00379,Barcelona,0.908,1,4.98,6.38,4,6.73,49.28,1
CUST-00380,Bilbao,0.491,2,16.28,25.68,4,8.81,56.74,0
CUST-00381,Zaragoza,0.634,3,25.08,27.29,6,9.74,65.24,1
CUST-00382,Barcelona,0.831,0,16.27,11.63,1,4.0,51.14,1
CUST-00383,Barcelona,0.82,1,12.25,16.78,2,4.44,53.72,0
CUST-00384,Madrid,0.951,0,2.24,5.16,0,2.76,65.61,0
CUST-00385,Sevilla,0.692,0,10.27,19.95,0,2.56,57.96,0
CUST-00386,Madrid,0.841,2,13.47,16.5,1,4.19,51.4,1
CUST-00387,Barcelona,0.885,1,1.44,15.0,1,3.56,59.87,1
CUST-00388,Barcelona,0.818,0,8.71,18.26,1,4.67,51.21,0
CUST-00389,Madrid,0.906,0,0.0,5.74,0,1.32,49.22,0
CUST-00390,Barcelona,0.884,0,6.94,10.21,0,2.29,42.88,0
CUST-00391,Madrid,0.951,0,15.03,5.36,0,2.08,66.37,0
CUST-00392,Valencia,0.725,5,30.04,22.43,4,10.0,48.79,0
CUST-00393,Bilbao,0.575,6,31.61,24.82,0,8.62,58.34,0
CUST-00394,Madrid,0.868,0,5.65,11.54,0,3.22,46.07,0
CUST-00395,Bilbao,0.551,1,23.69,21.83,3,7.83,50.38,1
CUST-00396,Barcelona,0.849,0,11.31,11.8,2,2.69,54.2,0
CUST-00397,Bilbao,0.665,5,20.36,24.74,3,6.69,47.18,1
CUST-00398,Madrid,0.901,0,6.05,11.87,0,2.27,42.74,0
CUST-00399,Sevilla,0.689,3,15.04,23.38,1,7.27,42.31,1
CUST-00400,Valencia,0.795,0,6.23,11.55,1,4.39,40.49,0
CUST-00401,Barcelona,0.839,2,14.97,19.57,2,5.41,62.36,0
CUST-00402,Valencia,0.746,1,13.56,12.81,0,4.59,45.85,0
CUST-00403,Bilbao,0.624,3,25.18,20.92,1,5.85,52.49,1
CUST-00404,Bilbao,0.673,1,10.37,14.61,1,4.79,55.39,0
CUST-00405,Zaragoza,0.639,2,14.28,16.23,2,6.17,62.05,0
CUST-00406,Madrid,0.889,2,13.79,15.78,0,4.55,55.98,0
CUST-00407,Barcelona,0.902,0,0.0,13.58,0,2.78,50.34,0
CUST-00408,Zaragoza,0.63,2,21.57,22.27,1,6.34,60.7,1
CUST-00409,Barcelona,0.862,1,2.42,10.8,2,4.39,64.9,0
CUST-00410,Barcelona,0.809,0,9.49,20.2,1,3.76,55.61,1
CUST-00411,Madrid,0.843,0,0.0,9.6,0,2.73,48.0,0
CUST-00412,Madrid,0.813,0,6.1,15.84,0,2.4,67.84,0
CUST-00413,Bilbao,0.514,5,25.74,26.34,4,9.75,47.94,1
CUST-00414,Zaragoza,0.779,3,19.92,21.89,6,9.73,57.53,1
CUST-00415,Zaragoza,0.671,4,18.53,27.36,2,8.82,43.86,1
CUST-00416,Valencia,0.776,0,10.19,9.88,0,4.02,47.99,0
CUST-00417,Barcelona,0.842,1,0.56,21.11,0,2.91,32.86,0
CUST-00418,Sevilla,0.649,4,24.58,23.3,2,8.25,60.72,1
CUST-00419,Zaragoza,0.624,1,24.18,17.02,2,6.72,38.97,0
CUST-00420,Valencia,0.751,1,7.29,15.35,0,3.46,51.2,0
CUST-00421,Barcelona,0.824,1,3.16,19.85,1,4.48,63.23,1
CUST-00422,Valencia,0.71,2,9.88,30.33,2,7.07,49.42,0
CUST-00423,Bilbao,0.581,5,27.68,21.09,3,8.66,36.39,0
CUST-00424,Madrid,0.912,1,11.14,15.95,1,3.71,76.21,1
CUST-00425,Valencia,0.677,1,10.1,15.12,0,4.92,41.48,0
CUST-00426,Madrid,0.826,0,6.61,12.86,0,2.46,48.56,0
CUST-00427,Zaragoza,0.563,1,27.08,25.22,4,9.4,53.89,1
CUST-00428,Zaragoza,0.665,1,17.02,14.24,0,3.68,49.35,0
CUST-00429,Bilbao,0.498,3,25.11,22.93,6,10.0,57.41,1
CUST-00430,Barcelona,0.829,0,2.85,10.82,0,3.45,51.86,0
CUST-00431,Valencia,0.792,0,5.63,9.89,0,1.33,57.61,0
CUST-00432,Bilbao,0.634,0,18.02,11.29,3,5.41,58.73,0
CUST-00433,Madrid,0.918,1,5.33,15.04,0,2.87,70.51,0
CUST-00434,Madrid,0.908,1,7.34,7.77,1,2.59,36.58,0
CUST-00435,Madrid,0.852,0,9.04,13.44,0,2.01,42.19,0
CUST-00436,Bilbao,0.642,5,26.33,16.45,3,7.86,53.39,1
CUST-00437,Barcelona,0.83,1,13.31,17.17,1,4.82,51.54,1
CUST-00438,Sevilla,0.638,1,19.27,10.94,1,5.9,50.14,0
CUST-00439,Zaragoza,0.628,0,15.06,20.52,0,4.59,67.98,0
CUST-00440,Valencia,0.718,1,15.66,13.83,2,5.04,53.41,0
CUST-00441,Madrid,0.936,0,0.0,12.73,0,3.72,50.52,0
CUST-00442,Madrid,0.92,0,12.41,17.27,1,4.52,66.05,1
CUST-00443,Barcelona,0.877,1,8.68,11.4,0,2.22,50.8,0
CUST-00444,Valencia,0.706,1,9.08,19.07,0,3.04,40.3,0
CUST-00445,Sevilla,0.715,1,23.17,22.84,2,6.24,48.19,0
CUST-00446,Zaragoza,0.646,1,19.55,20.25,1,4.32,42.32,1
CUST-00447,Sevilla,0.695,1,5.22,11.29,1,3.36,56.36,0
CUST-00448,Valencia,0.682,1,22.56,23.24,2,5.49,43.5,1
CUST-00449,Valencia,0.791,0,8.49,17.01,0,3.02,53.81,1
CUST-00450,Bilbao,0.539,3,25.9,26.64,1,7.63,49.23,1
CUST-00451,Zaragoza,0.668,2,19.84,20.41,4,7.72,45.15,1
CUST-00452,Barcelona,0.853,3,7.81,17.43,5,6.67,58.49,0
CUST-00453,Barcelona,0.906,0,9.03,9.32,0,3.47,34.29,0
CUST-00454,Madrid,0.938,0,0.0,12.08,0,2.12,59.32,0
CUST-00455,Valencia,0.775,2,16.36,15.81,0,5.14,62.72,0
CUST-00456,Zaragoza,0.621,0,21.42,25.63,1,4.87,32.47,0
CUST-00457,Valencia,0.715,1,9.32,24.77,1,4.94,54.85,0
CUST-00458,Zaragoza,0.59,0,19.94,11.2,0,4.76,47.03,0
CUST-00459,Bilbao,0.577,3,29.31,24.41,6,10.0,51.83,1
CUST-00460,Valencia,0.781,2,14.79,17.2,1,4.45,52.55,0
CUST-00461,Madrid,0.788,1,12.59,12.07,4,7.08,44.77,0
CUST-00462,Barcelona,0.887,1,12.53,14.51,0,2.1,61.68,0
CUST-00463,Madrid,0.932,0,8.75,7.66,0,2.25,47.31,0
CUST-00464,Barcelona,0.845,2,11.25,12.4,0,4.76,65.52,0
CUST-00465,Sevilla,0.736,0,14.47,16.03,2,4.02,45.58,0
CUST-00466,Barcelona,0.784,2,11.31,17.1,2,5.87,53.82,1
CUST-00467,Valencia,0.823,0,0.0,10.37,1,3.65,53.8,0
CUST-00468,Zaragoza,0.536,3,30.99,23.18,3,8.0,39.45,1
CUST-00469,Valencia,0.703,0,17.18,7.77,0,3.73,47.01,0
CUST-00470,Madrid,0.832,1,3.31,12.06,0,3.41,49.81,0
CUST-00471,Bilbao,0.495,2,27.51,19.76,0,5.78,56.11,0
CUST-00472,Zaragoza,0.757,0,9.14,9.46,0,1.47,41.39,0
CUST-00473,Zaragoza,0.643,3,21.33,23.77,5,7.62,42.09,1
CUST-00474,Zaragoza,0.652,5,25.8,21.09,5,9.85,56.4,1
CUST-00475,Zaragoza,0.575,3,24.46,24.38,1,6.11,53.72,1
CUST-00476,Madrid,0.884,0,0.0,21.37,0,2.56,60.59,0
CUST-00477,Zaragoza,0.616,3,27.39,25.54,0,6.05,50.45,0
CUST-00478,Valencia,0.625,6,26.13,30.89,5,10.0,53.6,1
CUST-00479,Zaragoza,0.652,1,22.3,15.29,0,5.53,53.93,0
CUST-00480,Barcelona,0.687,0,7.98,9.38,0,2.49,44.67,0
CUST-00481,Madrid,0.955,0,4.96,9.89,1,3.32,59.79,0
CUST-00482,Barcelona,0.919,0,0.0,7.97,0,1.41,48.22,0
CUST-00483,Madrid,0.929,1,5.6,11.81,1,3.2,49.74,0
CUST-00484,Barcelona,0.808,0,13.0,6.51,0,2.63,46.56,0
CUST-00485,Barcelona,0.841,1,11.6,1.0,0,4.21,53.87,0
CUST-00486,Madrid,0.968,0,3.0,9.31,0,3.37,57.72,1
CUST-00487,Madrid,0.798,0,12.82,10.12,0,1.86,62.37,0
CUST-00488,Zaragoza,0.589,2,23.76,23.41,0,6.43,56.81,1
CUST-00489,Barcelona,0.873,0,8.52,13.42,0,1.6,49.06,0
CUST-00490,Sevilla,0.682,1,11.96,17.61,2,4.85,49.53,1
CUST-00491,Bilbao,0.632,2,22.4,28.65,2,7.23,37.24,0
CUST-00492,Zaragoza,0.653,4,21.26,16.5,2,8.22,40.18,1
CUST-00493,Valencia,0.629,1,19.34,19.32,3,5.91,45.85,1
CUST-00494,Madrid,0.866,2,11.17,16.86,2,5.76,65.85,1
CUST-00495,Madrid,0.969,0,0.0,7.01,0,1.55,54.29,0
CUST-00496,Bilbao,0.654,1,13.82,11.96,1,5.36,55.41,0
CUST-00497,Madrid,0.801,0,9.9,10.71,1,4.71,56.87,1
CUST-00498,Valencia,0.846,1,11.35,10.84,2,4.21,35.34,0
CUST-00499,Bilbao,0.722,2,11.68,19.35,2,6.87,70.34,1
CUST-00500,Zaragoza,0.6,1,25.18,23.52,2,6.06,65.65,0
CUST-00501,Madrid,0.912,0,10.38,14.37,1,3.47,43.03,0
CUST-00502,Valencia,0.713,0,17.89,16.95,0,3.98,23.98,0
CUST-00503,Sevilla,0.668,1,10.7,17.9,1,4.61,48.9,0
CUST-00504,Zaragoza,0.578,4,19.67,28.55,3,9.49,48.77,0
CUST-00505,Barcelona,0.786,3,15.76,23.05,4,8.53,59.34,1
CUST-00506,Barcelona,0.894,0,5.79,14.22,1,4.57,54.73,1
CUST-00507,Madrid,0.851,2,5.17,8.51,2,4.71,54.8,0
CUST-00508,Valencia,0.78,0,19.53,8.31,4,6.23,45.33,1
CUST-00509,Valencia,0.801,0,14.22,18.51,0,4.23,44.65,0
CUST-00510,Valencia,0.717,0,12.29,10.88,0,3.63,48.75,0
CUST-00511,Bilbao,0.524,2,29.58,25.35,0,6.39,41.78,1
CUST-00512,Valencia,0.755,1,3.67,14.43,0,4.57,47.8,0
CUST-00513,Valencia,0.777,0,10.06,12.21,1,4.75,45.84,0
CUST-00514,Bilbao,0.52,2,24.08,13.52,1,6.97,48.79,1
CUST-00515,Madrid,0.904,0,5.06,11.82,1,4.54,59.34,0
CUST-00516,Valencia,0.782,2,10.17,20.7,1,6.05,24.35,1
CUST-00517,Madrid,0.893,0,2.67,12.29,0,1.61,49.03,1
CUST-00518,Bilbao,0.537,2,24.05,24.66,4,9.33,47.66,1
CUST-00519,Zaragoza,0.581,2,17.69,24.66,3,6.82,51.5,0
CUST-00520,Barcelona,0.842,0,7.24,17.34,2,5.69,63.94,0
CUST-00521,Sevilla,0.816,1,4.45,14.31,1,3.1,41.53,1
CUST-00522,Madrid,0.878,1,15.28,9.59,3,5.48,62.11,0
CUST-00523,Barcelona,0.876,0,0.0,11.15,0,1.13,45.5,0
CUST-00524,Valencia,0.721,1,9.12,23.73,0,4.43,55.84,0
CUST-00525,Valencia,0.773,1,4.47,9.65,1,4.74,38.51,0
CUST-00526,Valencia,0.672,1,17.64,18.81,1,5.69,40.23,0
CUST-00527,Valencia,0.792,0,10.46,13.24,0,3.17,57.49,1
CUST-00528,Madrid,0.924,0,10.68,10.65,1,2.65,55.68,0
CUST-00529,Madrid,0.803,2,17.07,7.12,0,3.55,53.55,1
CUST-00530,Sevilla,0.694,0,10.25,15.33,1,4.45,42.74,0
CUST-00531,Madrid,0.909,0,0.0,7.65,0,2.6,52.57,0
CUST-00532,Zaragoza,0.658,1,8.61,18.11,0,4.26,41.67,0
CUST-00533,Madrid,0.949,0,12.32,10.89,1,2.52,36.8,0
CUST-00534,Sevilla,0.65,1,21.4,16.36,1,4.4,60.97,0
CUST-00535,Barcelona,0.813,1,14.62,12.63,2,4.53,49.61,0
CUST-00536,Sevilla,0.656,0,15.83,26.02,0,4.52,41.5,0
CUST-00537,Sevilla,0.605,0,18.56,27.39,0,4.44,50.95,1
CUST-00538,Madrid,0.885,0,2.33,14.62,0,1.5,58.0,0
CUST-00539,Barcelona,0.836,2,2.85,13.59,1,3.84,58.14,0
CUST-00540,Madrid,0.84,0,3.13,18.69,0,2.1,51.56,0
CUST-00541,Madrid,0.874,0,2.81,16.38,0,3.65,45.39,0
CUST-00542,Zaragoza,0.67,1,9.61,19.76,2,6.45,58.9,1
CUST-00543,Valencia,0.738,2,21.53,21.0,2,6.01,39.67,0
CUST-00544,Valencia,0.726,0,5.82,3.12,1,3.18,38.22,0
CUST-00545,Sevilla,0.761,0,10.54,5.25,1,3.16,42.6,0
CUST-00546,Valencia,0.677,3,9.25,15.23,3,8.38,43.71,1
CUST-00547,Zaragoza,0.568,5,34.32,25.87,3,9.66,59.2,0
CUST-00548,Barcelona,0.9,1,21.86,14.3,4,6.35,62.63,1
CUST-00549,Sevilla,0.768,1,3.0,23.75,1,4.4,39.77,0
CUST-00550,Sevilla,0.569,1,18.95,20.84,1,4.95,52.13,0
CUST-00551,Bilbao,0.608,1,18.14,14.75,0,4.47,63.19,0
CUST-00552,Valencia,0.74,0,16.53,17.25,0,2.56,43.87,1
CUST-00553,Bilbao,0.611,1,15.3,26.0,0,4.0,44.56,0
CUST-00554,Sevilla,0.673,2,12.71,19.1,3,8.2,48.27,1
CUST-00555,Valencia,0.766,1,17.0,18.24,2,6.65,51.66,0
CUST-00556,Barcelona,0.87,0,6.33,14.92,1,4.16,51.26,0
CUST-00557,Bilbao,0.555,3,22.33,24.61,1,6.51,45.98,1
CUST-00558,Madrid,0.948,0,8.88,11.23,0,2.29,73.18,0
CUST-00559,Zaragoza,0.584,3,22.09,21.65,1,6.76,40.88,1
CUST-00560,Sevilla,0.717,1,12.22,10.01,3,6.74,49.58,1
CUST-00561,Barcelona,0.88,1,14.93,14.59,1,3.92,62.22,0
CUST-00562,Bilbao,0.694,4,22.64,21.88,5,9.89,43.01,1
CUST-00563,Bilbao,0.636,1,12.88,19.15,1,6.38,46.92,0
CUST-00564,Sevilla,0.633,1,24.74,13.54,0,5.0,55.06,0
CUST-00565,Sevilla,0.706,2,14.93,22.07,3,8.01,32.71,1
CUST-00566,Madrid,0.87,0,13.6,14.36,0,2.91,50.17,0
CUST-00567,Sevilla,0.704,3,11.67,22.41,5,9.85,52.37,1
CUST-00568,Madrid,0.872,0,1.14,11.09,0,3.01,57.03,0
CUST-00569,Bilbao,0.497,7,33.58,39.04,3,10.0,55.46,0
CUST-00570,Bilbao,0.594,2,27.53,23.0,4,8.41,61.19,1
CUST-00571,Madrid,0.913,0,4.21,12.08,0,1.5,58.28,0
CUST-00572,Madrid,0.89,1,8.33,11.98,0,3.93,61.94,0
CUST-00573,Valencia,0.745,1,11.17,18.35,3,6.94,39.34,0
CUST-00574,Barcelona,0.842,4,6.62,23.54,3,6.4,59.05,1
CUST-00575,Madrid,0.867,3,11.86,21.15,0,4.33,36.33,0
CUST-00576,Zaragoza,0.725,0,12.94,21.35,0,3.33,54.49,0
CUST-00577,Zaragoza,0.584,3,22.24,29.43,2,7.93,40.41,1
CUST-00578,Sevilla,0.621,4,18.09,20.77,3,7.33,44.54,1
CUST-00579,Valencia,0.8,1,17.79,9.51,4,8.14,43.11,1
CUST-00580,Madrid,0.823,1,8.8,16.46,0,2.72,48.01,0
CUST-00581,Zaragoza,0.595,5,27.04,24.25,3,9.39,29.31,1
CUST-00582,Bilbao,0.582,1,25.75,16.98,2,5.64,32.4,0
CUST-00583,Valencia,0.723,1,23.5,21.08,0,5.04,38.42,1
CUST-00584,Madrid,0.878,0,3.93,11.24,0,1.77,52.11,0
CUST-00585,Zaragoza,0.565,2,26.51,21.97,5,10.0,54.94,1
CUST-00586,Zaragoza,0.56,2,22.92,25.0,4,7.65,32.47,1
CUST-00587,Sevilla,0.643,1,27.47,15.23,0,3.93,31.54,0
CUST-00588,Barcelona,0.844,0,15.43,10.43,2,4.82,56.58,1
CUST-00589,Zaragoza,0.601,1,16.03,27.54,1,5.24,47.13,0
CUST-00590,Sevilla,0.72,1,18.58,14.79,2,5.64,48.26,0
CUST-00591,Sevilla,0.655,3,21.95,24.46,1,5.9,56.53,0
CUST-00592,Barcelona,0.803,1,9.42,10.78,0,3.26,64.28,0
CUST-00593,Sevilla,0.754,0,8.63,19.98,1,4.82,42.16,0
CUST-00594,Barcelona,0.753,1,18.67,13.32,3,5.51,74.92,1
CUST-00595,Barcelona,0.83,0,15.0,18.45,1,5.15,62.54,1
CUST-00596,Bilbao,0.515,2,19.44,23.16,2,6.32,50.67,0
CUST-00597,Madrid,0.921,0,0.07,11.69,0,2.42,54.56,0
CUST-00598,Sevilla,0.679,4,14.05,17.83,4,10.0,32.92,1
CUST-00599,Sevilla,0.69,1,20.61,14.18,1,4.14,49.52,0
CUST-00600,Barcelona,0.932,0,2.16,5.88,0,2.85,47.11,0
CUST-00601,Zaragoza,0.592,1,26.68,14.4,0,4.0,44.37,0
CUST-00602,Zaragoza,0.544,2,27.18,20.72,1,4.52,36.87,1
CUST-00603,Madrid,0.98,1,4.03,18.36,2,4.4,57.87,0
CUST-00604,Valencia,0.694,1,19.29,14.33,3,7.0,61.31,1
CUST-00605,Valencia,0.726,2,24.13,18.93,0,5.68,51.96,0
CUST-00606,Sevilla,0.677,1,15.26,22.21,1,5.3,58.95,1
CUST-00607,Zaragoza,0.642,3,22.61,27.18,2,7.93,49.5,0
CUST-00608,Bilbao,0.539,3,20.11,28.65,1,7.26,36.61,1
CUST-00609,Bilbao,0.603,1,17.16,20.67,1,4.67,35.37,0
CUST-00610,Barcelona,0.765,0,8.99,12.61,1,3.3,41.98,0
CUST-00611,Zaragoza,0.562,1,20.19,20.99,2,6.37,48.11,1
CUST-00612,Madrid,0.859,1,8.93,12.89,0,3.88,54.02,0
CUST-00613,Madrid,0.939,1,0.0,12.0,1,4.08,56.05,1
CUST-00614,Madrid,0.859,0,6.21,16.0,0,2.46,72.46,0
CUST-00615,Valencia,0.799,4,11.45,19.26,2,6.03,52.51,0
CUST-00616,Valencia,0.738,1,14.15,16.59,1,4.96,37.01,0
CUST-00617,Bilbao,0.655,2,23.54,15.49,0,3.11,42.05,0
CUST-00618,Bilbao,0.578,4,34.45,22.41,2,8.08,51.25,1
CUST-00619,Zaragoza,0.665,1,13.4,17.8,1,4.24,57.21,1
CUST-00620,Sevilla,0.741,0,6.77,13.72,0,3.54,49.99,0
CUST-00621,Zaragoza,0.594,3,22.27,24.7,2,7.82,44.78,0
CUST-00622,Zaragoza,0.713,0,11.6,5.55,1,3.84,45.55,0
CUST-00623,Madrid,0.859,1,10.05,9.71,1,2.46,57.41,1
CUST-00624,Madrid,0.832,0,11.3,9.03,1,3.51,54.95,0
CUST-00625,Madrid,0.862,2,12.93,13.93,1,3.6,36.67,0
CUST-00626,Sevilla,0.699,2,15.9,25.31,1,6.43,36.02,1
CUST-00627,Sevilla,0.62,4,33.6,23.02,4,10.0,37.24,1
CUST-00628,Bilbao,0.553,1,22.91,23.5,1,6.01,62.44,1
CUST-00629,Sevilla,0.756,0,7.67,19.51,0,3.37,39.48,0
CUST-00630,Sevilla,0.677,1,25.03,11.13,0,5.52,47.26,0
CUST-00631,Valencia,0.684,3,19.33,23.9,7,10.0,41.87,0
CUST-00632,Madrid,0.976,0,0.0,10.35,0,2.53,40.01,0
CUST-00633,Barcelona,0.87,1,3.08,5.62,0,3.63,59.68,0
CUST-00634,Bilbao,0.495,3,27.57,25.48,2,9.88,49.53,1
CUST-00635,Madrid,0.851,2,21.39,5.16,0,3.22,46.24,1
CUST-00636,Barcelona,0.749,1,21.57,20.58,1,4.14,48.6,0
CUST-00637,Zaragoza,0.669,2,16.97,14.84,0,3.81,46.08,0
CUST-00638,Sevilla,0.76,3,13.52,16.84,2,5.65,58.53,1
CUST-00639,Bilbao,0.502,3,30.26,20.08,1,7.59,41.98,1
CUST-00640,Bilbao,0.645,4,27.81,18.31,3,8.34,52.02,1
CUST-00641,Valencia,0.744,0,16.45,12.49,1,5.01,47.66,1
CUST-00642,Sevilla,0.604,0,16.4,15.08,0,2.73,53.72,0
CUST-00643,Madrid,0.849,1,6.75,13.32,1,4.66,54.19,0
CUST-00644,Zaragoza,0.644,2,14.26,17.5,1,6.11,37.69,1
CUST-00645,Barcelona,0.856,0,0.0,17.37,0,2.92,66.35,0
CUST-00646,Madrid,0.869,1,1.79,8.17,1,4.45,52.33,0
CUST-00647,Bilbao,0.519,3,26.04,26.88,2,9.3,25.66,0
CUST-00648,Zaragoza,0.563,4,25.74,26.07,1,8.28,51.68,1
CUST-00649,Zaragoza,0.487,6,35.98,27.35,2,10.0,44.05,1
CUST-00650,Madrid,0.914,0,6.4,8.45,0,2.64,49.67,0
CUST-00651,Madrid,0.928,0,3.88,1.09,0,3.35,44.29,0
CUST-00652,Barcelona,0.881,1,0.0,9.01,0,2.31,42.82,0
CUST-00653,Sevilla,0.595,2,16.2,26.58,2,7.29,41.1,0
CUST-00654,Bilbao,0.562,5,34.38,21.98,3,10.0,42.66,1
CUST-00655,Madrid,0.92,0,2.78,6.47,0,2.84,44.88,0
CUST-00656,Bilbao,0.514,3,22.9,17.74,2,7.62,62.61,1
CUST-00657,Sevilla,0.64,2,14.12,22.52,2,7.27,49.49,1
CUST-00658,Bilbao,0.576,3,23.93,19.09,3,8.82,55.56,1
CUST-00659,Barcelona,0.83,0,12.5,15.61,0,2.37,55.3,0
CUST-00660,Sevilla,0.652,1,17.45,18.62,0,4.92,47.2,0
CUST-00661,Bilbao,0.557,1,12.42,15.97,0,4.36,61.94,0
CUST-00662,Barcelona,0.868,1,11.44,18.23,1,5.4,63.28,1
CUST-00663,Bilbao,0.648,2,13.65,15.89,4,8.26,54.64,1
CUST-00664,Madrid,0.945,0,1.23,6.12,1,2.37,58.28,0
CUST-00665,Barcelona,0.834,0,5.2,14.74,1,3.82,38.92,0
CUST-00666,Barcelona,0.802,1,11.14,11.64,3,4.5,44.39,1
CUST-00667,Bilbao,0.527,4,23.31,35.75,2,8.7,53.52,0
CUST-00668,Valencia,0.761,3,21.76,18.99,2,8.2,54.51,1
CUST-00669,Barcelona,0.889,0,0.72,18.23,0,3.95,65.23,0
CUST-00670,Barcelona,0.733,1,10.5,17.17,1,4.41,60.63,1
CUST-00671,Madrid,0.926,1,15.64,9.38,1,2.43,59.67,0
CUST-00672,Sevilla,0.61,2,17.58,14.22,1,6.04,51.36,1
CUST-00673,Sevilla,0.663,1,21.82,19.21,0,4.5,53.17,0
CUST-00674,Sevilla,0.669,1,11.33,22.35,1,5.16,53.48,0
CUST-00675,Sevilla,0.659,2,14.21,27.93,2,7.39,44.23,1
CUST-00676,Zaragoza,0.68,1,0.0,17.35,0,2.87,46.42,0
CUST-00677,Bilbao,0.592,4,29.22,20.98,3,8.64,47.8,1
CUST-00678,Barcelona,0.913,0,0.0,7.04,0,1.78,42.71,0
CUST-00679,Madrid,0.975,0,3.76,15.0,0,1.37,47.96,0
CUST-00680,Barcelona,0.772,0,3.33,12.67,0,2.76,52.49,0
CUST-00681,Valencia,0.695,0,19.75,16.34,0,1.0,61.66,1
CUST-00682,Barcelona,0.844,0,15.11,15.52,1,3.95,52.24,0
CUST-00683,Bilbao,0.556,2,27.5,21.69,4,8.87,49.4,1
CUST-00684,Barcelona,0.793,1,2.82,17.01,1,2.81,55.67,0
CUST-00685,Sevilla,0.658,0,13.33,18.64,2,6.28,50.56,0
CUST-00686,Zaragoza,0.626,2,18.72,18.64,3,7.18,54.51,1
CUST-00687,Valencia,0.8,1,5.16,9.19,0,2.43,44.23,0
CUST-00688,Madrid,0.871,1,8.71,12.45,1,3.66,67.81,1
CUST-00689,Barcelona,0.837,2,10.9,15.99,1,3.46,65.88,1
CUST-00690,Barcelona,0.971,0,8.42,12.12,0,2.4,62.72,0
CUST-00691,Bilbao,0.627,2,17.7,10.91,3,7.6,47.13,0
CUST-00692,Sevilla,0.699,0,15.71,21.99,2,5.09,41.79,0
CUST-00693,Valencia,0.759,2,19.09,23.6,1,4.74,45.24,1
CUST-00694,Barcelona,0.811,2,13.72,14.87,4,7.96,43.91,1
CUST-00695,Sevilla,0.69,1,19.77,21.83,2,4.4,65.16,0
CUST-00696,Barcelona,0.905,0,0.62,9.89,0,2.43,48.91,0
CUST-00697,Barcelona,0.827,1,10.92,16.66,2,4.43,57.02,0
CUST-00698,Valencia,0.619,1,20.35,19.0,4,7.86,60.92,1
CUST-00699,Sevilla,0.71,3,23.05,23.74,4,8.35,45.2,1
CUST-00700,Sevilla,0.679,0,12.44,16.06,1,2.67,43.7,1
CUST-00701,Bilbao,0.587,4,18.22,22.28,4,8.73,46.66,0
CUST-00702,Bilbao,0.615,0,20.67,11.86,2,6.63,46.42,1
CUST-00703,Zaragoza,0.657,4,35.86,24.53,4,9.14,59.69,1
CUST-00704,Madrid,0.864,0,2.34,13.42,0,3.27,47.73,1
CUST-00705,Sevilla,0.656,0,13.77,17.96,2,4.23,59.87,0
CUST-00706,Barcelona,0.883,0,6.79,10.09,0,3.32,62.05,0
CUST-00707,Madrid,0.775,2,20.9,16.27,0,4.96,61.01,0
CUST-00708,Valencia,0.742,0,12.34,18.59,1,4.28,59.97,1
CUST-00709,Zaragoza,0.601,2,24.28,23.62,3,8.5,42.39,1
CUST-00710,Sevilla,0.676,1,14.4,17.95,2,4.8,51.86,0
CUST-00711,Bilbao,0.604,3,21.76,24.86,4,8.64,34.43,1
CUST-00712,Sevilla,0.645,0,11.77,13.46,0,3.57,54.96,1
CUST-00713,Valencia,0.732,3,9.7,19.89,2,6.14,52.64,1
CUST-00714,Madrid,0.792,3,13.41,21.3,1,5.54,48.59,1
CUST-00715,Madrid,0.979,0,0.0,7.72,2,3.67,58.87,0
CUST-00716,Barcelona,0.908,0,0.1,13.95,0,1.0,54.15,0
CUST-00717,Sevilla,0.605,3,25.03,25.53,1,6.69,63.72,1
CUST-00718,Valencia,0.78,1,15.71,13.18,0,3.81,61.91,0
CUST-00719,Sevilla,0.712,1,13.65,11.08,0,3.48,38.51,1
CUST-00720,Madrid,0.945,1,0.0,3.65,0,3.45,51.9,0
CUST-00721,Valencia,0.672,4,32.75,26.95,6,10.0,53.76,1
CUST-00722,Sevilla,0.742,1,13.36,8.67,0,3.54,42.25,0
CUST-00723,Barcelona,0.723,1,2.86,12.08,0,3.34,48.18,1
CUST-00724,Sevilla,0.711,1,25.82,14.0,2,6.73,54.39,1
CUST-00725,Barcelona,0.88,1,0.0,11.4,1,4.57,54.1,0
CUST-00726,Madrid,0.885,2,9.77,17.41,2,5.83,62.28,1
CUST-00727,Barcelona,0.828,2,16.24,4.85,1,3.68,44.53,0
CUST-00728,Valencia,0.696,1,5.97,18.21,1,4.65,45.94,0
CUST-00729,Valencia,0.732,3,16.48,24.0,2,7.07,49.14,0
CUST-00730,Zaragoza,0.584,0,19.12,18.25,2,3.65,45.55,0
CUST-00731,Valencia,0.721,1,21.06,17.03,0,5.26,42.91,0
CUST-00732,Zaragoza,0.563,5,30.56,26.9,3,9.9,49.34,1
CUST-00733,Valencia,0.707,2,18.6,27.12,2,6.25,50.85,0
CUST-00734,Sevilla,0.589,2,24.01,26.23,4,10.0,38.13,1
CUST-00735,Valencia,0.761,0,14.62,13.73,0,2.07,37.54,0
CUST-00736,Zaragoza,0.571,1,15.73,22.39,0,5.0,54.66,1
CUST-00737,Valencia,0.82,1,8.81,15.65,0,3.18,54.04,0
CUST-00738,Zaragoza,0.696,2,20.23,24.08,1,5.59,48.91,0
CUST-00739,Valencia,0.665,0,4.3,22.38,0,3.57,46.39,0
CUST-00740,Madrid,0.895,1,20.54,13.28,1,4.42,53.7,0
CUST-00741,Sevilla,0.683,2,24.37,24.79,2,6.68,48.92,1
CUST-00742,Barcelona,0.789,2,8.02,20.4,1,5.49,52.46,0
CUST-00743,Bilbao,0.56,3,19.35,19.86,2,8.01,49.29,1
CUST-00744,Sevilla,0.642,2,11.1,24.04,0,6.5,49.26,0
CUST-00745,Barcelona,0.805,1,17.27,17.48,1,6.22,62.14,0
CUST-00746,Barcelona,0.771,1,11.88,12.25,0,3.02,52.77,0
CUST-00747,Zaragoza,0.641,3,18.55,12.93,0,7.23,46.59,1
CUST-00748,Valencia,0.777,1,14.62,8.02,0,1.65,56.67,0
CUST-00749,Zaragoza,0.601,1,21.1,23.74,3,7.65,54.13,1
CUST-00750,Sevilla,0.648,0,22.92,17.05,1,3.77,38.41,0
CUST-00751,Barcelona,0.859,0,4.31,13.82,1,2.5,65.35,1
CUST-00752,Barcelona,0.854,0,11.6,5.19,0,2.81,59.26,0
CUST-00753,Valencia,0.734,1,13.89,21.45,1,5.63,64.35,1
CUST-00754,Zaragoza,0.603,1,15.95,18.87,1,5.8,60.57,1
CUST-00755,Bilbao,0.699,0,15.39,13.42,0,2.71,54.67,0
CUST-00756,Bilbao,0.637,1,21.48,13.47,1,5.01,46.17,0
CUST-00757,Bilbao,0.602,0,13.28,19.83,0,3.99,65.24,1
CUST-00758,Barcelona,0.78,1,8.09,15.81,2,5.41,66.28,0
CUST-00759,Valencia,0.69,1,15.42,18.11,4,8.19,57.43,1
CUST-00760,Barcelona,0.789,1,16.33,11.82,0,4.64,53.35,0
CUST-00761,Bilbao,0.54,2,20.92,21.79,0,5.37,46.52,0
CUST-00762,Sevilla,0.778,2,10.47,16.5,0,5.02,48.82,0
CUST-00763,Barcelona,0.817,1,2.19,12.14,2,4.54,68.58,0
CUST-00764,Madrid,0.89,1,0.0,12.55,0,1.83,68.67,0
CUST-00765,Barcelona,0.793,2,10.88,12.39,1,4.87,60.88,0
CUST-00766,Valencia,0.763,4,17.4,32.23,3,7.5,32.92,0
CUST-00767,Barcelona,0.858,4,10.69,17.68,4,8.34,47.18,0
CUST-00768,Valencia,0.788,1,11.67,15.36,3,5.77,39.45,0
CUST-00769,Madrid,0.888,0,0.18,10.48,0,2.12,67.74,0
CUST-00770,Barcelona,0.781,1,8.54,14.46,3,4.37,61.66,0
CUST-00771,Valencia,0.698,2,21.07,20.11,3,8.54,37.62,1
CUST-00772,Madrid,0.918,2,0.0,12.95,1,3.54,53.24,0
CUST-00773,Sevilla,0.715,0,17.12,18.1,0,3.7,50.06,1
CUST-00774,Barcelona,0.784,0,8.32,15.66,0,3.02,62.27,1
CUST-00775,Madrid,0.83,1,11.2,19.81,0,3.83,52.51,0
CUST-00776,Zaragoza,0.694,0,11.94,19.0,0,3.02,55.5,0
CUST-00777,Bilbao,0.748,3,13.9,21.86,4,9.13,44.79,1
CUST-00778,Barcelona,0.788,3,11.35,13.63,1,6.13,46.85,0
CUST-00779,Barcelona,0.776,1,7.32,14.28,1,4.46,58.71,1
CUST-00780,Zaragoza,0.651,0,12.83,13.33,1,3.94,42.38,0
CUST-00781,Sevilla,0.603,2,17.9,23.82,2,6.23,43.89,0
CUST-00782,Barcelona,0.896,1,6.95,16.17,0,2.81,41.72,0
CUST-00783,Zaragoza,0.678,1,12.95,20.33,0,4.53,54.6,1
CUST-00784,Bilbao,0.592,3,21.46,28.86,0,6.02,43.38,0
CUST-00785,Bilbao,0.526,3,27.99,27.97,2,8.88,46.49,0
CUST-00786,Bilbao,0.663,0,4.57,20.35,0,3.1,53.89,0
CUST-00787,Valencia,0.625,4,22.75,30.87,4,9.03,44.15,1
CUST-00788,Barcelona,0.915,0,8.36,7.23,0,3.41,57.31,0
CUST-00789,Madrid,0.958,0,11.91,11.18,1,2.07,68.76,0
CUST-00790,Zaragoza,0.601,4,20.07,18.14,3,8.22,53.42,1
CUST-00791,Barcelona,0.798,1,17.22,15.1,0,3.97,36.23,0
CUST-00792,Zaragoza,0.652,0,19.79,11.17,0,4.25,39.45,1
CUST-00793,Zaragoza,0.659,1,8.2,19.94,0,4.71,44.29,0
CUST-00794,Sevilla,0.639,3,14.46,18.61,2,6.48,40.12,0
CUST-00795,Barcelona,0.839,3,14.28,17.26,1,4.85,44.71,0
CUST-00796,Madrid,0.897,0,4.47,11.75,0,2.22,63.19,0
CUST-00797,Sevilla,0.654,2,13.66,23.14,0,5.36,63.29,0
CUST-00798,Zaragoza,0.656,0,19.91,19.66,0,4.67,44.82,0
CUST-00799,Sevilla,0.721,1,15.65,13.54,1,4.01,53.01,0
CUST-00800,Madrid,0.864,0,4.72,10.84,0,3.27,41.71,0
CUST-00801,Zaragoza,0.557,2,17.1,22.49,2,7.3,49.94,1
CUST-00802,Valencia,0.642,1,19.66,16.64,2,5.28,56.96,1
CUST-00803,Bilbao,0.522,3,29.08,26.99,1,8.76,60.09,1
CUST-00804,Bilbao,0.662,2,19.48,21.89,1,5.79,23.76,0
CUST-00805,Zaragoza,0.685,2,24.11,22.58,3,8.7,43.4,1
CUST-00806,Sevilla,0.657,4,32.78,24.68,3,10.0,50.08,1
CUST-00807,Valencia,0.678,2,13.0,25.32,0,4.2,51.4,0
CUST-00808,Barcelona,0.825,1,12.05,13.63,0,4.6,42.35,0
CUST-00809,Barcelona,0.876,1,14.1,15.27,0,2.12,57.08,0
CUST-00810,Madrid,0.901,0,13.27,13.5,0,2.58,49.99,0
CUST-00811,Barcelona,0.825,0,0.23,13.57,0,1.0,48.95,0
CUST-00812,Zaragoza,0.558,1,22.33,17.54,0,4.16,41.02,0
CUST-00813,Zaragoza,0.738,2,12.03,23.83,3,6.99,42.5,0
CUST-00814,Sevilla,0.709,1,15.44,19.0,0,3.78,43.48,0
CUST-00815,Madrid,0.889,1,9.0,8.52,2,5.3,50.94,0
CUST-00816,Barcelona,0.883,1,8.75,9.68,3,4.47,55.38,0
CUST-00817,Madrid,0.96,0,0.0,8.34,0,1.37,60.34,0
CUST-00818,Barcelona,0.911,0,10.12,17.04,1,2.13,41.09,0
CUST-00819,Madrid,0.897,1,3.14,13.13,1,4.0,56.56,0
CUST-00820,Barcelona,0.878,0,3.4,5.69,0,2.4,59.92,0
CUST-00821,Sevilla,0.651,3,21.89,31.66,2,7.9,46.26,1
CUST-00822,Valencia,0.675,1,13.62,26.45,1,5.82,44.89,0
CUST-00823,Valencia,0.834,0,9.15,15.75,0,1.74,47.44,0
CUST-00824,Barcelona,0.847,5,16.39,22.23,1,6.71,66.5,1
CUST-00825,Valencia,0.681,1,10.64,13.25,2,5.43,39.01,0
CUST-00826,Valencia,0.71,2,21.95,18.33,2,6.38,57.08,1
CUST-00827,Zaragoza,0.568,1,14.72,21.54,1,5.18,38.43,0
CUST-00828,Valencia,0.779,1,6.91,15.96,0,3.33,47.1,0
CUST-00829,Madrid,0.819,2,10.67,18.02,1,4.83,63.45,1
CUST-00830,Barcelona,0.938,1,8.71,16.76,2,4.01,42.39,0
CUST-00831,Valencia,0.776,1,0.0,12.43,0,2.75,47.95,0
CUST-00832,Zaragoza,0.592,2,17.49,24.32,2,7.26,39.81,1
CUST-00833,Bilbao,0.603,1,20.45,20.49,2,4.17,55.04,0
CUST-00834,Zaragoza,0.497,3,22.07,25.06,3,8.74,42.12,1
CUST-00835,Zaragoza,0.783,1,15.29,12.31,0,3.62,47.93,0
CUST-00836,Bilbao,0.566,2,25.57,20.14,4,9.08,41.14,1
CUST-00837,Valencia,0.734,2,14.18,12.31,0,4.69,46.5,0
CUST-00838,Valencia,0.741,3,11.75,17.93,0,4.72,35.05,0
CUST-00839,Bilbao,0.614,0,18.15,12.42,0,3.89,59.99,0
CUST-00840,Valencia,0.851,1,22.2,16.29,0,3.94,65.88,0
CUST-00841,Barcelona,0.824,2,8.08,16.28,0,4.94,45.12,0
CUST-00842,Barcelona,0.759,2,18.64,17.27,2,6.36,54.49,1
CUST-00843,Zaragoza,0.602,0,18.0,16.79,2,3.64,49.45,0
CUST-00844,Bilbao,0.604,1,20.72,25.37,1,6.25,48.95,0
CUST-00845,Bilbao,0.537,1,29.85,20.43,1,6.93,50.15,0
CUST-00846,Sevilla,0.728,0,20.67,12.48,0,3.41,43.91,0
CUST-00847,Barcelona,0.867,1,6.49,8.07,0,3.5,62.16,0
CUST-00848,Zaragoza,0.679,1,21.11,25.31,3,5.97,55.96,0
CUST-00849,Valencia,0.671,2,18.48,16.88,1,4.38,62.28,0
CUST-00850,Madrid,0.878,0,3.54,16.13,1,4.28,66.05,0
CUST-00851,Barcelona,0.871,0,0.0,11.54,0,2.7,45.5,0
CUST-00852,Madrid,0.873,1,12.35,9.48,1,4.11,38.16,0
CUST-00853,Sevilla,0.613,2,14.9,17.65,2,7.78,53.49,1
CUST-00854,Madrid,0.776,0,12.08,25.18,2,4.07,34.8,0
CUST-00855,Madrid,0.95,0,0.0,12.97,0,1.0,48.81,0
CUST-00856,Madrid,0.872,0,5.85,10.27,0,1.0,60.85,0
CUST-00857,Zaragoza,0.614,1,10.08,20.36,0,3.75,59.43,1
CUST-00858,Barcelona,0.815,0,4.46,14.14,0,1.55,56.11,0
CUST-00859,Sevilla,0.723,0,11.3,13.51,1,4.25,49.68,0
CUST-00860,Sevilla,0.737,2,21.44,20.11,0,4.57,40.44,1
CUST-00861,Bilbao,0.604,1,13.12,19.95,1,5.81,43.2,0
CUST-00862,Zaragoza,0.455,2,25.69,20.36,1,5.75,51.62,0
CUST-00863,Barcelona,0.769,0,5.86,20.5,0,3.29,42.69,0
CUST-00864,Sevilla,0.689,4,27.51,29.83,4,8.61,41.87,1
CUST-00865,Sevilla,0.692,2,16.14,18.18,2,6.66,25.68,0
CUST-00866,Valencia,0.773,0,9.75,17.55,0,3.47,60.22,0
CUST-00867,Madrid,0.856,0,11.25,11.43,2,5.8,53.51,0
CUST-00868,Bilbao,0.556,1,17.07,22.2,2,5.29,39.69,1
CUST-00869,Madrid,0.89,1,0.0,12.31,0,1.41,38.09,0
CUST-00870,Zaragoza,0.659,4,28.93,25.76,1,7.03,58.05,0
CUST-00871,Barcelona,0.844,0,6.89,10.23,0,2.99,72.96,0
CUST-00872,Valencia,0.746,2,15.73,22.02,0,5.69,55.93,0
CUST-00873,Bilbao,0.663,3,19.46,24.28,1,8.43,47.58,0
CUST-00874,Madrid,0.927,1,1.21,9.59,0,3.87,55.19,0
CUST-00875,Madrid,0.915,0,13.51,14.33,2,4.82,55.8,0
CUST-00876,Sevilla,0.691,1,15.4,20.3,1,3.75,43.42,1
CUST-00877,Madrid,0.832,1,17.7,9.83,0,3.56,53.64,0
CUST-00878,Sevilla,0.621,2,21.17,20.52,1,4.38,37.09,0
CUST-00879,Sevilla,0.573,3,19.98,23.89,4,8.11,51.8,1
CUST-00880,Madrid,0.886,0,10.47,17.62,0,3.68,60.68,0
CUST-00881,Madrid,0.92,0,9.05,14.07,1,3.57,59.84,0
CUST-00882,Zaragoza,0.517,0,25.41,21.54,0,4.17,43.85,0
CUST-00883,Barcelona,0.875,0,0.0,12.7,0,3.07,61.02,0
CUST-00884,Madrid,0.875,3,10.98,15.26,0,4.2,63.09,0
CUST-00885,Madrid,0.827,1,2.08,24.83,0,4.44,63.91,0
CUST-00886,Madrid,0.948,0,5.37,3.63,0,1.78,60.18,0
CUST-00887,Barcelona,0.906,0,3.47,18.42,0,1.63,56.85,0
CUST-00888,Zaragoza,0.54,1,31.67,17.9,3,6.53,36.92,0
CUST-00889,Barcelona,0.734,3,11.55,15.86,1,5.53,51.81,1
CUST-00890,Madrid,0.94,0,1.37,10.75,1,3.94,66.52,0
CUST-00891,Madrid,0.81,0,6.26,16.04,0,1.57,47.75,0
CUST-00892,Madrid,0.885,0,7.27,10.97,1,3.78,50.78,0
CUST-00893,Sevilla,0.67,1,10.47,13.1,0,5.39,57.8,0
CUST-00894,Valencia,0.771,1,9.83,12.72,3,7.26,34.97,1
CUST-00895,Zaragoza,0.612,2,16.65,21.74,2,6.47,26.24,1
CUST-00896,Barcelona,0.857,0,4.8,8.92,1,3.43,66.4,1
CUST-00897,Valencia,0.745,1,11.83,15.68,0,4.36,57.85,0
CUST-00898,Madrid,0.94,1,3.01,7.66,0,3.92,65.86,0
CUST-00899,Barcelona,0.782,0,17.08,18.67,2,5.41,70.78,0
CUST-00900,Valencia,0.715,2,22.89,13.03,1,4.66,50.87,0
