region,contract_type,monthly_price,customer_tenure_months,avg_download_speed,expected_download_speed,speed_gap,service_interruptions_30d,interruption_minutes_30d,num_tickets_30d,num_complaints_30d,call_center_contacts_30d,avg_resolution_hours,churn
Valencia,fibra_1000,49.95,84,588.4,1000,411.6,7,471.7,3,1,2,22.3,1
Valencia,movil_solo,16.95,18,81.6,100,18.4,8,214.6,5,2,5,31.5,1
Bilbao,fibra_1000,51.95,71,783.8,1000,216.2,9,602.6,5,1,3,25.3,1
Barcelona,convergente,59.95,25,509.0,600,91.0,5,80.7,3,1,2,10.5,0
Zaragoza,fibra_1000,49.95,53,705.1,1000,294.9,7,243.6,4,2,4,45.6,1
Bilbao,convergente,57.95,46,463.0,600,137.0,11,587.8,4,1,5,57.2,1
Madrid,movil_solo,14.95,83,59.2,100,40.8,16,245.3,7,2,6,34.2,1
Bilbao,convergente,61.95,29,485.2,600,114.8,6,181.2,2,0,2,28.9,0
Barcelona,convergente,59.95,55,377.3,600,222.7,5,194.0,2,1,2,17.6,0
Bilbao,movil_solo,14.95,19,89.2,100,10.8,6,87.1,4,1,3,13.7,0
Sevilla,fibra_600,39.95,69,348.3,600,251.7,7,134.2,5,2,6,52.6,1
Barcelona,fibra_600,39.95,31,461.0,600,139.0,5,416.2,3,1,3,43.5,1
Sevilla,fibra_1000,49.95,70,581.4,1000,418.6,7,53.1,4,1,4,54.2,0
Zaragoza,fibra_1000,47.95,15,474.1,1000,525.9,7,276.4,3,1,2,14.6,0
Valencia,movil_solo,14.95,62,66.1,100,33.9,8,691.5,4,2,4,26.2,1
Bilbao,fibra_300,29.95,11,270.3,300,29.7,9,425.2,5,2,3,46.2,1
Bilbao,fibra_300,27.95,65,211.6,300,88.4,6,41.0,2,0,2,39.4,0
Barcelona,convergente,57.95,13,421.0,600,179.0,3,52.8,2,0,1,14.4,0
Bilbao,fibra_600,37.95,70,478.1,600,121.9,3,212.6,3,1,4,22.8,0
Madrid,fibra_300,29.95,49,243.3,300,56.7,3,210.3,3,1,4,11.3,0
Barcelona,fibra_600,39.95,69,409.3,600,190.7,3,68.0,4,1,2,30.4,0
Valencia,fibra_300,27.95,21,233.3,300,66.7,14,128.6,6,2,7,60.2,1
Bilbao,fibra_600,44.95,67,513.2,600,86.8,6,425.5,3,1,2,41.7,0
Zaragoza,fibra_600,39.95,7,449.2,600,150.8,5,435.2,2,1,1,12.6,0
Barcelona,movil_solo,14.95,62,68.5,100,31.5,5,401.9,2,0,2,33.9,0
Valencia,fibra_300,31.95,56,150.8,300,149.2,6,214.8,4,2,2,36.3,1
Sevilla,movil_solo,19.95,27,78.0,100,22.0,4,26.9,3,1,3,18.9,0
Bilbao,movil_solo,14.95,72,54.1,100,45.9,4,265.7,1,0,0,16.4,0
Barcelona,movil_solo,14.95,56,87.2,100,12.8,3,71.5,3,0,3,8.2,0
Sevilla,fibra_600,41.95,63,415.2,600,184.8,8,344.5,6,2,5,29.2,1
Bilbao,fibra_300,31.95,62,161.3,300,138.7,7,469.9,4,2,2,44.4,1
Zaragoza,movil_solo,12.95,78,69.8,100,30.2,5,53.9,4,0,3,26.8,0
Sevilla,fibra_1000,49.95,58,708.0,1000,292.0,5,84.4,2,1,2,33.3,0
Barcelona,fibra_1000,49.95,58,879.2,1000,120.8,4,22.2,3,1,3,27.5,0
Zaragoza,convergente,57.95,75,291.6,600,308.4,3,19.6,2,0,1,11.5,0
Zaragoza,fibra_300,34.95,63,227.0,300,73.0,14,626.3,7,2,7,47.9,1
Madrid,convergente,59.95,44,372.0,600,228.0,4,218.3,3,1,3,16.8,0
Barcelona,movil_solo,12.95,7,72.7,100,27.3,5,55.2,3,1,2,32.8,0
Valencia,movil_solo,12.95,55,54.9,100,45.1,7,126.4,5,2,4,33.2,0
Barcelona,fibra_300,29.95,46,266.7,300,33.3,5,277.4,3,1,2,20.7,0
Barcelona,fibra_300,27.95,54,277.4,300,22.6,3,157.8,1,0,1,27.7,0
Zaragoza,fibra_600,39.95,52,317.5,600,282.5,8,442.8,4,0,3,35.5,0
Valencia,movil_solo,16.95,70,52.3,100,47.7,10,350.1,6,2,6,35.1,1
Zaragoza,movil_solo,19.95,14,65.8,100,34.2,11,247.9,6,2,5,59.0,1
Valencia,fibra_300,29.95,64,250.3,300,49.7,9,264.8,4,2,3,18.5,1
Valencia,fibra_1000,54.95,47,507.1,1000,492.9,5,62.8,3,1,2,14.0,0
Madrid,fibra_600,37.95,54,394.3,600,205.7,9,612.4,4,2,2,43.1,1
Madrid,convergente,59.95,33,385.2,600,214.8,5,72.8,4,1,2,23.1,0
Sevilla,convergente,61.95,41,477.0,600,123.0,5,293.6,2,0,2,35.7,0
Bilbao,fibra_600,41.95,53,443.4,600,156.6,8,658.4,6,3,4,55.7,1
Zaragoza,fibra_300,27.95,71,179.5,300,120.5,9,205.3,3,2,2,7.6,1
Zaragoza,movil_solo,12.95,38,58.0,100,42.0,9,716.9,6,2,6,45.5,1
Madrid,fibra_600,39.95,21,405.0,600,195.0,3,105.8,1,0,1,6.3,0
Sevilla,fibra_1000,47.95,11,489.4,1000,510.6,3,187.9,1,0,1,26.0,0
Bilbao,fibra_300,29.95,67,194.0,300,106.0,5,202.9,3,0,1,28.5,0
Valencia,fibra_300,29.95,14,232.9,300,67.1,8,646.3,5,2,3,17.9,1
Madrid,fibra_600,44.95,53,521.9,600,78.1,5,49.1,3,2,3,38.0,1
Zaragoza,convergente,64.95,84,461.1,600,138.9,8,71.2,3,1,3,22.9,0
Zaragoza,fibra_1000,54.95,15,679.4,1000,320.6,4,173.5,2,0,2,34.1,0
Zaragoza,fibra_600,41.95,51,437.3,600,162.7,3,251.7,3,1,2,39.3,0
Sevilla,fibra_600,39.95,6,301.3,600,298.7,6,538.6,4,1,4,38.1,1
Madrid,convergente,59.95,23,489.1,600,110.9,5,380.0,3,1,2,23.4,0
Barcelona,fibra_1000,49.95,58,811.5,1000,188.5,4,102.3,2,0,2,14.9,0
Sevilla,fibra_300,29.95,9,248.7,300,51.3,9,582.1,6,3,5,37.1,1
Zaragoza,fibra_300,31.95,1,234.3,300,65.7,13,184.6,5,1,4,65.2,1
Bilbao,fibra_600,41.95,14,551.5,600,48.5,8,474.6,4,0,3,26.9,0
Sevilla,fibra_1000,49.95,36,663.1,1000,336.9,10,319.7,6,3,7,43.7,1
Barcelona,convergente,57.95,16,397.3,600,202.7,7,583.4,5,3,6,40.8,1
Valencia,fibra_300,27.95,43,157.7,300,142.3,10,457.6,5,2,6,13.9,1
Valencia,movil_solo,14.95,32,71.0,100,29.0,6,54.0,3,1,3,19.9,1
Zaragoza,convergente,59.95,58,318.6,600,281.4,9,155.0,6,1,5,60.0,1
Zaragoza,fibra_1000,54.95,61,625.0,1000,375.0,2,36.5,0,0,0,9.0,0
Bilbao,movil_solo,12.95,59,64.6,100,35.4,7,295.9,4,1,5,42.3,1
Zaragoza,fibra_300,29.95,22,205.5,300,94.5,3,36.0,1,0,1,24.8,0
Barcelona,movil_solo,14.95,83,58.9,100,41.1,5,315.0,3,1,3,16.9,0
Barcelona,convergente,64.95,79,331.9,600,268.1,5,114.8,2,1,2,20.4,0
Madrid,convergente,61.95,14,545.7,600,54.3,4,250.1,4,2,4,35.7,0
Madrid,fibra_1000,51.95,43,781.7,1000,218.3,5,237.9,3,1,2,28.5,0
Barcelona,movil_solo,16.95,3,79.8,100,20.2,4,311.8,4,1,3,14.7,0
Zaragoza,fibra_600,44.95,57,372.3,600,227.7,5,414.0,3,0,4,25.8,0
Madrid,fibra_600,41.95,67,543.4,600,56.6,6,359.4,3,2,2,10.7,1
Zaragoza,fibra_1000,49.95,84,639.3,1000,360.7,10,892.4,4,1,3,29.6,0
Valencia,fibra_600,44.95,28,362.4,600,237.6,2,87.9,2,1,2,29.6,0
Madrid,convergente,59.95,54,560.7,600,39.3,10,287.4,6,2,4,46.2,1
Barcelona,fibra_300,29.95,36,205.0,300,95.0,5,128.5,2,1,1,6.8,0
Madrid,fibra_600,39.95,19,518.9,600,81.1,10,146.4,5,2,4,22.3,1
Valencia,convergente,59.95,56,342.3,600,257.7,10,420.4,4,1,4,16.9,1
Madrid,fibra_1000,49.95,41,728.1,1000,271.9,7,408.0,5,2,3,27.4,0
Madrid,convergente,59.95,84,364.4,600,235.6,7,125.3,3,1,2,31.9,1
Sevilla,fibra_300,34.95,82,144.3,300,155.7,6,457.8,4,1,4,36.2,0
Valencia,fibra_1000,47.95,75,864.7,1000,135.3,9,226.4,5,2,6,34.5,1
Sevilla,fibra_300,27.95,27,207.6,300,92.4,4,186.9,2,1,2,37.0,0
Bilbao,convergente,59.95,1,512.3,600,87.7,7,478.5,3,1,3,29.5,0
Madrid,movil_solo,14.95,57,94.0,100,6.0,4,38.2,2,1,1,39.0,0
Zaragoza,movil_solo,14.95,8,68.3,100,31.7,7,110.0,3,1,3,31.7,1
Bilbao,fibra_300,27.95,7,214.5,300,85.5,8,189.7,6,2,6,22.0,1
Zaragoza,fibra_600,37.95,23,341.3,600,258.7,2,27.7,2,0,2,13.5,0
Valencia,fibra_600,41.95,16,348.2,600,251.8,8,353.2,4,1,4,37.1,1
Barcelona,fibra_300,31.95,11,240.3,300,59.7,1,61.2,1,0,1,10.5,0
Sevilla,movil_solo,14.95,13,67.6,100,32.4,9,738.9,4,2,4,38.7,1
Bilbao,fibra_300,31.95,21,279.3,300,20.7,9,175.7,5,2,3,24.6,1
Madrid,fibra_1000,49.95,38,929.9,1000,70.1,8,507.2,5,1,4,56.9,1
Barcelona,movil_solo,19.95,77,67.8,100,32.2,0,0.0,0,0,0,9.7,0
Barcelona,fibra_1000,54.95,20,758.7,1000,241.3,5,318.4,2,1,1,15.5,0
Sevilla,convergente,59.95,70,503.1,600,96.9,4,250.1,2,0,2,38.5,0
Madrid,fibra_600,41.95,73,386.9,600,213.1,3,184.8,1,0,1,25.4,0
Sevilla,movil_solo,16.95,14,81.5,100,18.5,9,454.7,4,2,3,47.7,1
Zaragoza,convergente,59.95,7,363.0,600,237.0,10,344.7,4,1,3,52.2,1
Barcelona,fibra_600,41.95,76,496.1,600,103.9,5,353.1,3,1,3,27.1,0
Valencia,fibra_600,37.95,42,417.5,600,182.5,8,207.5,4,1,4,51.7,1
Barcelona,fibra_600,44.95,50,560.5,600,39.5,5,281.8,2,0,2,23.5,0
Zaragoza,convergente,57.95,60,334.9,600,265.1,6,418.7,4,0,2,32.4,0
Barcelona,movil_solo,14.95,64,59.8,100,40.2,1,13.4,2,0,1,13.9,0
Sevilla,movil_solo,14.95,19,48.5,100,51.5,5,332.5,3,1,2,29.4,0
Zaragoza,convergente,61.95,69,414.3,600,185.7,7,523.2,3,0,2,23.1,0
Zaragoza,convergente,57.95,71,461.8,600,138.2,10,677.3,4,2,2,57.1,1
Valencia,fibra_300,29.95,59,211.9,300,88.1,5,169.9,3,2,4,16.5,0
Valencia,movil_solo,14.95,28,50.8,100,49.2,9,226.5,4,2,4,25.5,1
Zaragoza,movil_solo,14.95,56,57.1,100,42.9,7,335.3,4,1,3,52.3,0
Madrid,fibra_1000,49.95,50,644.0,1000,356.0,12,173.9,6,2,5,61.1,1
Bilbao,fibra_1000,51.95,8,854.9,1000,145.1,8,483.6,5,3,3,21.2,1
Valencia,movil_solo,19.95,65,64.1,100,35.9,5,401.8,4,2,4,28.9,0
Bilbao,fibra_300,27.95,84,178.5,300,121.5,3,135.5,2,0,1,5.1,0
Sevilla,fibra_300,34.95,8,157.4,300,142.6,5,357.6,3,2,2,9.6,0
Bilbao,fibra_1000,47.95,82,772.4,1000,227.6,4,97.6,4,2,2,33.1,0
Barcelona,fibra_1000,54.95,36,769.1,1000,230.9,9,173.3,6,1,5,42.9,1
Zaragoza,fibra_600,37.95,22,351.8,600,248.2,10,687.8,5,1,5,27.4,1
Valencia,fibra_1000,49.95,16,803.2,1000,196.8,8,208.9,3,1,3,35.1,0
Sevilla,fibra_600,39.95,78,406.4,600,193.6,7,118.6,3,1,3,28.1,0
Sevilla,movil_solo,16.95,66,70.5,100,29.5,8,668.2,5,1,6,46.4,1
Sevilla,movil_solo,14.95,49,85.0,100,15.0,10,852.8,5,2,5,58.9,1
Bilbao,fibra_300,29.95,68,261.1,300,38.9,4,185.3,2,0,2,14.9,0
Zaragoza,fibra_1000,49.95,83,533.3,1000,466.7,4,100.4,1,0,1,25.9,0
Barcelona,convergente,59.95,42,584.5,600,15.5,9,596.2,4,1,3,51.7,1
Valencia,fibra_600,44.95,41,505.5,600,94.5,10,885.6,4,1,5,54.6,1
Barcelona,fibra_300,31.95,37,239.3,300,60.7,7,417.2,3,1,2,41.5,1
Zaragoza,fibra_300,29.95,6,155.0,300,145.0,8,219.8,3,1,2,18.9,1
Madrid,fibra_600,39.95,39,592.2,600,7.8,15,151.7,8,2,5,69.3,1
Madrid,movil_solo,12.95,19,82.0,100,18.0,4,280.3,3,1,3,30.1,0
Madrid,fibra_1000,49.95,50,962.1,1000,37.9,9,687.0,5,3,2,57.4,1
Sevilla,fibra_1000,54.95,57,724.5,1000,275.5,5,312.9,4,1,4,40.2,0
Zaragoza,fibra_600,44.95,4,441.6,600,158.4,0,0.0,0,0,0,3.9,0
Valencia,convergente,59.95,27,530.7,600,69.3,5,86.4,2,1,3,17.3,0
Madrid,fibra_600,41.95,43,450.3,600,149.7,3,202.6,1,0,1,12.4,0
Valencia,movil_solo,16.95,10,81.7,100,18.3,6,313.5,2,1,1,47.4,1
Valencia,movil_solo,14.95,56,87.4,100,12.6,12,978.2,4,2,3,30.4,1
Madrid,fibra_300,27.95,42,209.6,300,90.4,5,84.6,2,1,1,32.3,0
Sevilla,fibra_1000,47.95,42,586.2,1000,413.8,5,369.1,2,1,1,3.7,0
Bilbao,convergente,59.95,59,532.6,600,67.4,10,406.4,5,3,4,44.7,1
Barcelona,fibra_1000,54.95,30,552.0,1000,448.0,2,172.2,2,1,1,24.3,0
Madrid,fibra_300,29.95,7,287.2,300,12.8,7,566.3,5,2,5,16.9,1
Bilbao,fibra_600,39.95,6,361.9,600,238.1,7,604.9,3,1,2,13.9,1
Valencia,convergente,61.95,29,398.0,600,202.0,1,65.6,0,0,0,32.2,0
Sevilla,movil_solo,14.95,76,60.3,100,39.7,7,272.8,3,0,3,36.8,0
Madrid,fibra_1000,47.95,10,617.2,1000,382.8,0,0.0,0,0,0,7.3,0
Madrid,fibra_600,41.95,8,427.6,600,172.4,3,16.3,4,0,3,16.8,0
Zaragoza,convergente,59.95,55,283.5,600,316.5,6,270.5,3,1,2,27.8,0
Zaragoza,fibra_300,29.95,39,224.8,300,75.2,10,205.6,6,2,4,35.5,1
Madrid,convergente,61.95,66,499.5,600,100.5,4,189.6,2,0,1,9.8,0
Barcelona,fibra_1000,51.95,68,562.3,1000,437.7,6,400.4,2,1,3,20.7,0
Madrid,fibra_1000,49.95,57,623.6,1000,376.4,4,235.5,2,1,2,25.7,0
Zaragoza,fibra_1000,47.95,73,611.3,1000,388.7,10,140.1,5,3,4,41.4,1
Barcelona,movil_solo,16.95,2,93.9,100,6.1,9,711.3,5,3,6,22.0,1
Madrid,fibra_1000,54.95,43,998.0,1000,2.0,4,122.7,1,0,1,21.4,0
Valencia,movil_solo,14.95,26,51.9,100,48.1,10,597.0,4,1,5,42.3,1
Madrid,movil_solo,19.95,61,78.4,100,21.6,4,236.4,3,0,1,27.7,0
Madrid,fibra_600,39.95,16,492.1,600,107.9,8,156.2,4,1,3,37.5,0
Zaragoza,fibra_600,44.95,56,444.0,600,156.0,6,301.1,3,1,3,45.8,0
Zaragoza,fibra_600,37.95,6,363.0,600,237.0,13,979.0,8,3,7,38.2,1
Zaragoza,fibra_300,29.95,6,134.6,300,165.4,14,605.6,7,3,7,34.8,1
Barcelona,movil_solo,16.95,68,73.1,100,26.9,4,245.0,2,0,1,34.3,0
Barcelona,fibra_1000,54.95,78,560.2,1000,439.8,2,108.5,2,0,2,32.8,0
Zaragoza,fibra_300,34.95,34,205.2,300,94.8,1,66.9,1,0,1,14.1,0
Bilbao,movil_solo,16.95,70,79.8,100,20.2,1,70.5,1,0,1,11.0,0
Valencia,convergente,57.95,40,340.2,600,259.8,9,219.7,4,1,4,43.4,1
Sevilla,fibra_1000,49.95,43,566.8,1000,433.2,5,381.4,2,0,1,14.2,0
Bilbao,fibra_600,39.95,11,405.1,600,194.9,1,54.0,2,0,2,6.5,0
Madrid,convergente,61.95,15,373.6,600,226.4,3,65.0,3,1,2,38.7,0
Valencia,convergente,59.95,37,332.0,600,268.0,10,248.1,4,1,4,31.7,1
Bilbao,fibra_1000,54.95,32,903.2,1000,96.8,6,240.7,3,1,3,45.3,1
Valencia,fibra_1000,49.95,78,652.8,1000,347.2,9,460.5,3,1,1,11.7,1
Zaragoza,convergente,59.95,63,321.9,600,278.1,4,84.3,3,1,3,14.4,0
Madrid,fibra_600,41.95,3,488.8,600,111.2,4,133.2,2,0,2,35.3,0
Barcelona,convergente,59.95,72,386.2,600,213.8,5,101.3,2,0,2,27.4,0
Zaragoza,fibra_600,39.95,20,356.1,600,243.9,10,318.7,5,2,5,54.0,1
Bilbao,movil_solo,19.95,73,87.5,100,12.5,8,180.6,5,2,6,10.2,1
Barcelona,fibra_300,29.95,20,255.5,300,44.5,7,461.2,4,1,2,34.3,0
Barcelona,fibra_1000,49.95,22,640.6,1000,359.4,6,497.3,4,1,3,25.3,0
Bilbao,convergente,59.95,26,448.5,600,151.5,3,57.6,2,0,1,22.5,0
Valencia,fibra_1000,54.95,62,713.4,1000,286.6,3,187.8,2,0,2,14.9,0
Madrid,fibra_600,39.95,21,532.6,600,67.4,1,50.8,1,0,1,17.6,0
Sevilla,fibra_1000,47.95,36,510.0,1000,490.0,7,165.1,5,2,4,34.4,1
Bilbao,convergente,59.95,59,497.2,600,102.8,2,30.5,3,0,1,7.7,0
Bilbao,convergente,57.95,28,366.2,600,233.8,7,235.4,4,1,3,41.9,0
Bilbao,fibra_300,29.95,75,211.4,300,88.6,7,180.8,3,2,2,21.7,1
Barcelona,convergente,57.95,39,441.7,600,158.3,8,613.0,5,2,5,16.6,0
Barcelona,fibra_600,44.95,10,338.5,600,261.5,5,249.0,3,0,3,13.4,0
Zaragoza,movil_solo,19.95,35,59.8,100,40.2,6,123.5,4,0,2,31.7,0
Sevilla,movil_solo,16.95,19,52.6,100,47.4,8,706.5,4,1,2,38.2,1
Valencia,fibra_300,29.95,33,240.8,300,59.2,3,38.8,3,1,2,37.7,0
Bilbao,convergente,59.95,32,336.1,600,263.9,0,0.0,2,1,2,4.2,0
Barcelona,movil_solo,12.95,19,92.5,100,7.5,0,0.0,1,0,0,5.3,0
Sevilla,fibra_300,27.95,31,224.8,300,75.2,4,311.4,4,1,3,7.6,0
Bilbao,movil_solo,14.95,12,56.1,100,43.9,7,111.3,5,1,3,33.3,0
Madrid,movil_solo,14.95,57,91.1,100,8.9,6,102.4,4,1,4,32.8,0
Valencia,fibra_300,29.95,8,150.5,300,149.5,7,93.8,4,1,2,32.5,1
Barcelona,fibra_1000,47.95,79,912.1,1000,87.9,0,0.0,0,0,0,26.6,0
Valencia,fibra_600,39.95,44,482.3,600,117.7,4,56.1,2,1,2,22.4,0
Valencia,fibra_1000,51.95,69,707.6,1000,292.4,6,127.9,4,1,2,21.0,0
Barcelona,fibra_600,44.95,17,377.3,600,222.7,5,436.1,2,1,3,17.4,0
Bilbao,fibra_300,34.95,46,221.2,300,78.8,3,188.9,3,0,3,24.8,0
Madrid,fibra_1000,49.95,9,924.1,1000,75.9,4,249.7,2,1,1,14.9,0
Madrid,fibra_300,34.95,83,239.4,300,60.6,3,150.9,3,0,2,22.6,0
Sevilla,fibra_1000,51.95,6,639.3,1000,360.7,6,433.9,2,1,2,35.3,0
Zaragoza,fibra_300,29.95,70,137.9,300,162.1,12,683.9,6,3,3,67.1,1
Bilbao,movil_solo,16.95,1,94.7,100,5.3,3,76.0,1,0,1,16.1,0
Valencia,movil_solo,14.95,79,75.6,100,24.4,6,265.9,3,0,1,34.9,0
Bilbao,movil_solo,14.95,76,72.9,100,27.1,6,409.1,3,1,2,23.0,0
Madrid,movil_solo,12.95,54,99.2,100,0.8,9,238.5,3,1,3,32.2,1
Madrid,fibra_1000,51.95,58,825.7,1000,174.3,0,0.0,2,1,1,6.1,0
Barcelona,fibra_1000,49.95,57,590.0,1000,410.0,9,518.2,3,1,3,48.4,1
Bilbao,fibra_300,34.95,60,199.2,300,100.8,4,318.9,3,1,2,22.4,0
Madrid,fibra_600,39.95,17,550.8,600,49.2,0,0.0,2,0,2,22.9,0
Madrid,fibra_300,34.95,11,278.4,300,21.6,5,212.3,3,1,2,12.2,0
Bilbao,fibra_300,29.95,46,225.9,300,74.1,0,0.0,2,1,3,14.8,0
Bilbao,fibra_300,29.95,72,244.0,300,56.0,0,0.0,1,0,1,18.3,0
Barcelona,fibra_600,37.95,4,558.1,600,41.9,6,521.0,4,2,3,40.5,1
Valencia,convergente,57.95,32,485.6,600,114.4,5,304.0,4,2,4,13.0,0
Bilbao,fibra_1000,49.95,39,651.9,1000,348.1,7,359.4,2,0,2,6.7,0
Barcelona,movil_solo,16.95,17,91.5,100,8.5,2,153.6,3,0,3,33.6,0
Valencia,fibra_1000,47.95,54,839.4,1000,160.6,9,566.2,6,3,6,44.6,1
Bilbao,movil_solo,19.95,44,77.7,100,22.3,5,281.7,3,1,2,14.8,0
Sevilla,movil_solo,12.95,19,59.0,100,41.0,13,747.9,5,2,3,25.8,1
Valencia,fibra_300,29.95,8,264.2,300,35.8,7,371.9,4,1,2,42.9,1
Sevilla,fibra_1000,47.95,28,675.9,1000,324.1,7,36.0,4,1,4,26.0,0
Bilbao,convergente,57.95,37,322.7,600,277.3,4,292.8,2,1,3,27.2,0
Barcelona,fibra_1000,49.95,54,698.1,1000,301.9,5,89.1,4,1,4,20.1,0
Zaragoza,fibra_600,37.95,40,365.9,600,234.1,5,252.0,2,0,2,21.8,0
Barcelona,convergente,59.95,49,430.0,600,170.0,4,302.0,2,1,2,11.4,0
Barcelona,fibra_1000,49.95,6,764.5,1000,235.5,7,343.0,5,1,5,8.3,1
Barcelona,movil_solo,19.95,37,97.7,100,2.3,3,80.5,1,0,0,32.9,0
Sevilla,convergente,61.95,20,499.5,600,100.5,7,350.7,2,1,2,25.3,0
Barcelona,fibra_1000,47.95,47,788.8,1000,211.2,1,35.1,1,0,0,6.0,0
Bilbao,convergente,59.95,56,420.2,600,179.8,3,194.4,3,1,2,7.7,0
Bilbao,convergente,61.95,55,444.3,600,155.7,3,229.7,1,0,1,8.2,0
Sevilla,movil_solo,19.95,29,83.0,100,17.0,7,187.9,4,1,5,26.8,1
Madrid,fibra_600,41.95,12,477.5,600,122.5,4,89.0,3,1,2,24.1,0
Zaragoza,fibra_300,34.95,64,150.4,300,149.6,2,15.9,2,1,2,18.7,0
Barcelona,fibra_300,29.95,36,230.0,300,70.0,4,296.7,2,0,2,26.5,0
Valencia,fibra_300,31.95,47,218.3,300,81.7,6,203.3,4,1,3,26.1,0
Barcelona,fibra_1000,54.95,27,831.8,1000,168.2,9,317.3,4,1,4,52.2,1
Sevilla,movil_solo,14.95,60,62.6,100,37.4,7,89.1,3,1,4,30.0,1
Madrid,fibra_600,44.95,67,505.5,600,94.5,2,107.7,3,0,2,34.0,0
Barcelona,fibra_1000,54.95,44,674.0,1000,326.0,6,503.1,4,0,2,25.8,0
Zaragoza,fibra_1000,54.95,55,580.6,1000,419.4,8,594.8,3,1,3,34.9,0
Zaragoza,fibra_300,29.95,35,150.2,300,149.8,7,582.9,3,1,3,28.4,0
Sevilla,movil_solo,16.95,7,66.5,100,33.5,5,434.8,3,0,2,29.9,0
Bilbao,fibra_300,27.95,74,197.1,300,102.9,6,235.8,2,0,2,22.9,0
Barcelona,fibra_600,39.95,40,343.2,600,256.8,6,53.5,4,1,4,33.9,0
Sevilla,convergente,64.95,1,441.5,600,158.5,4,49.5,2,0,1,34.7,1
Valencia,fibra_600,39.95,18,407.8,600,192.2,9,127.2,5,1,5,25.7,1
Madrid,fibra_1000,47.95,59,922.4,1000,77.6,9,803.5,5,3,3,48.6,1
Barcelona,movil_solo,14.95,73,92.8,100,7.2,8,144.2,4,1,2,16.6,0
Valencia,movil_solo,19.95,77,69.3,100,30.7,4,251.5,2,0,1,33.6,0
Valencia,convergente,64.95,1,320.9,600,279.1,12,1025.3,7,2,5,52.0,1
Madrid,fibra_600,39.95,22,472.6,600,127.4,6,481.7,4,1,4,22.2,0
Madrid,fibra_1000,47.95,27,680.3,1000,319.7,5,235.6,2,0,1,20.6,0
Sevilla,fibra_300,34.95,27,184.9,300,115.1,5,110.1,3,0,2,29.6,0
Zaragoza,fibra_300,29.95,55,147.6,300,152.4,8,641.4,3,1,3,26.6,0
Sevilla,fibra_300,34.95,78,247.6,300,52.4,6,275.8,2,0,2,45.8,0
Sevilla,fibra_600,37.95,32,403.4,600,196.6,0,0.0,0,0,0,19.4,0
Zaragoza,fibra_600,39.95,19,315.4,600,284.6,14,1084.5,6,1,3,38.4,1
Madrid,movil_solo,14.95,5,59.4,100,40.6,7,397.0,3,0,2,13.0,0
Sevilla,fibra_300,27.95,59,212.0,300,88.0,3,175.2,2,0,1,18.2,0
Valencia,fibra_600,39.95,71,420.4,600,179.6,3,80.6,2,0,2,10.4,0
Madrid,convergente,59.95,58,351.0,600,249.0,7,153.2,3,2,3,45.0,1
Bilbao,movil_solo,12.95,66,82.6,100,17.4,4,120.0,1,0,1,20.8,0
Madrid,fibra_300,29.95,74,213.5,300,86.5,2,169.2,2,1,2,33.0,0
Sevilla,fibra_600,39.95,67,301.4,600,298.6,6,466.0,5,2,4,34.8,1
Zaragoza,convergente,57.95,80,443.6,600,156.4,6,482.9,3,0,4,46.8,0
Sevilla,movil_solo,16.95,26,52.7,100,47.3,9,156.0,3,1,3,24.9,1
Zaragoza,movil_solo,12.95,17,55.6,100,44.4,5,236.5,2,0,1,20.0,0
Valencia,fibra_600,44.95,59,505.0,600,95.0,6,324.6,2,1,3,19.8,1
Valencia,fibra_1000,54.95,61,768.4,1000,231.6,9,741.4,4,1,4,37.5,0
Barcelona,fibra_600,39.95,72,585.9,600,14.1,6,422.2,4,1,4,45.5,0
Madrid,convergente,57.95,7,366.5,600,233.5,4,162.8,3,1,2,29.3,1
Zaragoza,convergente,64.95,78,272.7,600,327.3,2,133.5,3,1,2,24.7,0
Zaragoza,fibra_1000,54.95,72,583.3,1000,416.7,9,790.9,5,1,5,37.9,1
Bilbao,movil_solo,19.95,52,61.1,100,38.9,3,235.0,1,0,1,15.6,0
Bilbao,fibra_600,44.95,73,469.2,600,130.8,1,54.6,1,0,1,22.4,0
Bilbao,fibra_300,29.95,39,211.6,300,88.4,9,556.7,3,1,2,31.0,1
Sevilla,movil_solo,14.95,7,82.2,100,17.8,7,317.9,4,1,4,38.2,1
Bilbao,movil_solo,19.95,27,63.8,100,36.2,8,68.8,5,2,5,55.7,1
Sevilla,movil_solo,14.95,61,78.6,100,21.4,10,191.4,6,3,7,18.8,1
Barcelona,fibra_600,37.95,61,493.1,600,106.9,3,33.1,2,0,1,17.7,0
Madrid,fibra_600,44.95,6,358.3,600,241.7,6,488.8,2,1,2,23.2,1
Madrid,fibra_1000,49.95,59,603.2,1000,396.8,2,116.6,3,0,2,15.4,0
Sevilla,fibra_1000,47.95,42,642.9,1000,357.1,5,351.0,2,0,2,36.9,0
Zaragoza,fibra_1000,47.95,71,645.7,1000,354.3,8,703.3,4,1,4,26.7,0
Madrid,fibra_1000,47.95,59,937.0,1000,63.0,7,626.3,5,2,5,32.9,1
Madrid,fibra_300,31.95,1,174.0,300,126.0,3,210.4,3,0,3,24.7,0
Sevilla,movil_solo,12.95,40,54.6,100,45.4,0,0.0,1,0,1,10.2,0
Zaragoza,movil_solo,14.95,40,67.6,100,32.4,6,345.5,3,1,2,18.5,0
Valencia,movil_solo,14.95,82,55.7,100,44.3,6,482.5,3,1,3,21.7,0
Zaragoza,fibra_1000,49.95,62,652.2,1000,347.8,5,80.1,3,1,3,39.0,1
Valencia,fibra_600,39.95,19,510.6,600,89.4,3,234.3,1,0,1,17.1,0
Barcelona,fibra_1000,54.95,20,754.3,1000,245.7,5,383.8,4,2,2,36.5,1
Madrid,convergente,59.95,56,536.2,600,63.8,5,78.1,4,2,3,25.9,0
Valencia,convergente,64.95,54,462.9,600,137.1,7,194.7,4,2,4,31.1,0
Zaragoza,fibra_600,39.95,8,314.7,600,285.3,8,205.0,5,1,3,22.8,1
Valencia,fibra_600,39.95,41,383.6,600,216.4,6,407.5,4,2,4,37.8,1
Sevilla,convergente,64.95,55,370.1,600,229.9,8,640.8,5,3,6,18.0,1
Valencia,fibra_300,29.95,34,245.5,300,54.5,11,894.5,7,2,7,13.8,1
Zaragoza,fibra_300,29.95,63,224.9,300,75.1,7,628.3,4,1,4,35.9,1
Bilbao,fibra_300,29.95,16,163.1,300,136.9,1,18.9,0,0,0,11.8,0
Bilbao,movil_solo,14.95,22,94.7,100,5.3,5,116.8,3,2,3,23.0,1
Zaragoza,movil_solo,12.95,40,66.1,100,33.9,6,390.6,4,2,3,25.9,0
Barcelona,fibra_600,41.95,60,430.5,600,169.5,4,232.3,2,1,1,35.3,0
Zaragoza,fibra_1000,54.95,26,574.6,1000,425.4,14,1236.9,8,2,4,64.8,1
Bilbao,fibra_1000,47.95,10,554.4,1000,445.6,8,156.9,4,2,4,49.5,1
Sevilla,fibra_1000,49.95,19,830.3,1000,169.7,4,286.9,2,0,2,17.9,0
Valencia,convergente,59.95,78,401.7,600,198.3,6,517.6,3,0,3,40.5,0
Sevilla,fibra_600,41.95,4,417.2,600,182.8,8,692.3,4,2,3,44.1,1
Zaragoza,convergente,57.95,74,291.4,600,308.6,6,291.5,3,1,3,19.1,0
Zaragoza,fibra_1000,51.95,18,456.0,1000,544.0,7,254.7,5,2,3,15.4,1
Barcelona,fibra_300,29.95,1,214.4,300,85.6,3,175.0,4,2,3,21.1,1
Barcelona,fibra_1000,49.95,56,909.9,1000,90.1,12,703.2,6,3,3,17.1,1
Bilbao,fibra_600,41.95,46,436.0,600,164.0,5,294.0,4,2,4,40.0,1
Bilbao,convergente,59.95,17,409.6,600,190.4,5,294.0,4,2,4,15.5,0
Zaragoza,fibra_300,27.95,65,176.0,300,124.0,6,98.1,5,1,4,29.8,0
Barcelona,movil_solo,16.95,39,62.4,100,37.6,11,95.0,5,2,6,18.1,1
Madrid,fibra_300,29.95,76,190.0,300,110.0,8,87.1,5,2,4,33.8,1
Valencia,fibra_1000,54.95,16,824.7,1000,175.3,9,494.1,6,1,4,57.3,1
Valencia,fibra_300,27.95,72,187.6,300,112.4,10,167.4,5,1,5,28.6,1
Madrid,fibra_600,39.95,6,583.2,600,16.8,5,108.3,4,1,2,20.9,0
Sevilla,fibra_300,27.95,55,198.6,300,101.4,4,212.7,3,0,3,9.0,0
Madrid,fibra_1000,47.95,13,677.7,1000,322.3,8,215.6,4,1,5,28.7,0
Barcelona,convergente,59.95,32,428.7,600,171.3,3,225.1,2,0,1,17.6,0
Zaragoza,fibra_1000,54.95,76,440.1,1000,559.9,11,760.7,6,1,5,40.7,1
Zaragoza,movil_solo,14.95,4,61.7,100,38.3,4,281.0,2,0,1,35.0,0
Valencia,fibra_600,37.95,14,473.6,600,126.4,10,842.6,6,2,5,42.1,1
Bilbao,fibra_300,29.95,9,175.1,300,124.9,2,119.7,1,0,1,13.1,0
Madrid,movil_solo,16.95,36,83.4,100,16.6,5,434.8,2,1,2,41.2,0
Sevilla,fibra_1000,51.95,67,691.3,1000,308.7,10,618.8,6,3,7,36.1,1
Bilbao,convergente,59.95,52,313.9,600,286.1,2,81.7,2,0,1,6.7,0
Valencia,fibra_300,31.95,46,184.7,300,115.3,9,495.5,4,1,2,11.3,1
Barcelona,fibra_300,31.95,57,224.5,300,75.5,5,131.9,2,1,1,38.0,0
Sevilla,fibra_600,39.95,51,386.5,600,213.5,9,554.8,4,1,3,31.5,1
Zaragoza,movil_solo,19.95,7,72.9,100,27.1,5,42.8,3,1,2,40.2,1
Bilbao,fibra_600,39.95,72,425.6,600,174.4,6,175.2,4,2,4,26.9,1
Valencia,convergente,61.95,36,413.5,600,186.5,5,39.4,4,1,3,6.6,0
Sevilla,movil_solo,16.95,24,69.2,100,30.8,5,311.2,2,0,2,24.2,0
Barcelona,convergente,64.95,49,566.0,600,34.0,7,458.5,3,1,2,41.2,1
Madrid,fibra_1000,51.95,65,825.4,1000,174.6,12,155.4,6,1,5,55.6,1
Valencia,fibra_600,41.95,65,341.2,600,258.8,4,325.3,3,2,3,16.4,1
Sevilla,fibra_1000,47.95,24,556.4,1000,443.6,2,91.8,2,1,2,24.2,0
Madrid,fibra_1000,54.95,22,977.4,1000,22.6,9,461.4,4,2,5,49.9,1
Barcelona,fibra_300,29.95,49,265.9,300,34.1,10,160.0,6,1,4,53.0,1
Barcelona,fibra_300,29.95,81,249.3,300,50.7,9,266.9,3,1,3,45.5,1
Valencia,fibra_300,31.95,5,216.0,300,84.0,7,503.2,4,1,3,47.5,1
Valencia,convergente,57.95,7,331.7,600,268.3,10,328.3,5,1,5,36.2,1
Barcelona,fibra_1000,54.95,78,624.3,1000,375.7,4,283.9,4,0,3,10.8,0
Valencia,fibra_1000,51.95,33,584.7,1000,415.3,9,286.6,3,1,3,28.8,0
Bilbao,fibra_300,34.95,17,162.9,300,137.1,2,34.5,2,0,1,10.3,0
Zaragoza,fibra_1000,47.95,20,555.6,1000,444.4,7,240.1,4,2,5,18.8,0
Bilbao,convergente,64.95,29,438.9,600,161.1,5,351.1,3,1,2,9.5,0
Barcelona,convergente,57.95,46,347.6,600,252.4,5,426.7,4,2,3,29.0,0
Madrid,movil_solo,14.95,33,71.4,100,28.6,4,224.8,3,1,2,24.5,0
Barcelona,fibra_300,29.95,27,241.7,300,58.3,10,109.2,4,2,4,13.4,1
Madrid,movil_solo,14.95,72,78.1,100,21.9,8,307.2,5,2,5,28.1,1
Bilbao,fibra_600,39.95,24,360.8,600,239.2,0,0.0,0,0,0,13.7,0
Bilbao,fibra_1000,49.95,33,603.8,1000,396.2,5,40.3,3,0,2,34.2,0
Madrid,fibra_1000,51.95,48,837.6,1000,162.4,7,201.4,3,1,2,41.8,1
Madrid,fibra_300,29.95,19,260.5,300,39.5,3,55.4,1,0,1,15.2,0
Zaragoza,convergente,61.95,78,275.5,600,324.5,8,220.3,3,1,2,28.3,1
Barcelona,convergente,64.95,21,413.2,600,186.8,7,228.0,3,1,3,12.2,0
Sevilla,movil_solo,19.95,45,84.6,100,15.4,0,0.0,0,0,0,24.9,0
Madrid,movil_solo,16.95,44,79.9,100,20.1,5,270.2,3,1,2,28.2,0
Barcelona,convergente,64.95,33,325.7,600,274.3,7,489.3,3,1,3,47.1,1
Valencia,fibra_1000,49.95,29,498.2,1000,501.8,3,73.2,2,1,3,21.7,0
Madrid,convergente,59.95,46,548.3,600,51.7,7,546.1,5,2,3,14.8,0
Bilbao,fibra_300,29.95,49,240.5,300,59.5,8,297.7,5,2,4,45.5,1
Valencia,fibra_300,34.95,1,240.7,300,59.3,4,128.5,2,1,1,26.9,1
Madrid,movil_solo,16.95,63,72.2,100,27.8,7,498.1,3,1,3,37.7,0
Valencia,movil_solo,19.95,68,49.9,100,50.1,2,177.6,3,1,3,23.6,0
Sevilla,fibra_300,31.95,9,176.5,300,123.5,6,189.9,4,1,3,32.6,0
Madrid,fibra_1000,54.95,78,654.4,1000,345.6,8,649.4,3,1,3,20.5,0
Zaragoza,convergente,57.95,18,294.9,600,305.1,3,74.6,1,0,0,23.2,0
Zaragoza,convergente,64.95,1,426.3,600,173.7,13,787.3,5,2,6,23.1,1
Zaragoza,fibra_600,44.95,53,404.5,600,195.5,9,756.4,3,2,3,25.8,1
Madrid,convergente,57.95,1,428.8,600,171.2,6,288.4,4,2,2,25.5,1
Barcelona,convergente,59.95,27,327.3,600,272.7,4,348.9,2,1,1,13.1,0
Bilbao,fibra_1000,54.95,6,628.5,1000,371.5,10,890.7,4,1,3,34.7,1
Bilbao,fibra_600,39.95,9,479.3,600,120.7,4,174.1,2,1,1,18.6,0
Barcelona,fibra_300,31.95,31,185.8,300,114.2,4,69.1,3,0,3,23.5,0
Barcelona,fibra_1000,49.95,59,582.0,1000,418.0,4,200.2,2,0,3,20.2,0
Zaragoza,fibra_600,39.95,53,460.1,600,139.9,6,301.2,4,1,5,23.0,0
Barcelona,convergente,64.95,49,490.0,600,110.0,5,103.3,3,0,2,36.6,0
Sevilla,movil_solo,14.95,26,63.1,100,36.9,11,424.2,4,1,4,26.1,0
Madrid,movil_solo,14.95,71,80.2,100,19.8,9,676.2,4,1,4,22.9,1
Valencia,fibra_600,39.95,2,427.1,600,172.9,8,481.2,3,1,2,30.9,1
Zaragoza,convergente,59.95,10,421.7,600,178.3,5,195.5,2,1,1,13.0,0
Zaragoza,fibra_1000,51.95,46,503.7,1000,496.3,9,165.0,4,1,3,31.4,1
Bilbao,fibra_600,37.95,80,493.1,600,106.9,4,249.2,2,1,2,15.0,0
Zaragoza,fibra_600,44.95,77,314.0,600,286.0,0,0.0,0,0,0,20.7,0
Madrid,fibra_600,39.95,38,569.4,600,30.6,5,388.3,3,0,3,20.5,0
Valencia,convergente,57.95,39,453.8,600,146.2,11,197.5,5,2,2,62.8,1
Sevilla,fibra_600,37.95,60,316.7,600,283.3,6,50.8,3,1,1,33.3,0
Zaragoza,fibra_1000,49.95,71,581.2,1000,418.8,9,482.5,6,2,3,39.5,1
Madrid,fibra_1000,54.95,72,986.3,1000,13.7,10,100.3,6,2,7,61.6,1
Sevilla,fibra_600,41.95,36,503.5,600,96.5,11,325.4,6,3,3,25.8,1
Madrid,fibra_300,31.95,32,290.7,300,9.3,0,0.0,0,0,0,23.2,0
Barcelona,fibra_300,27.95,36,219.7,300,80.3,7,295.7,5,1,4,26.1,1
Zaragoza,fibra_600,37.95,58,395.8,600,204.2,4,196.0,3,1,2,14.7,0
Sevilla,fibra_1000,54.95,31,846.7,1000,153.3,8,245.3,4,2,5,22.1,0
Barcelona,fibra_1000,54.95,32,774.0,1000,226.0,10,784.6,6,1,5,23.0,0
Sevilla,fibra_600,37.95,72,508.6,600,91.4,6,76.7,4,2,3,29.6,0
Barcelona,fibra_1000,47.95,35,866.1,1000,133.9,7,597.5,5,2,3,43.5,1
Madrid,fibra_300,34.95,62,197.2,300,102.8,4,318.9,3,1,4,20.8,0
Bilbao,convergente,59.95,39,538.9,600,61.1,10,82.0,6,1,6,23.8,1
Sevilla,convergente,59.95,78,486.0,600,114.0,11,897.8,5,2,5,41.9,1
Barcelona,fibra_1000,49.95,59,575.8,1000,424.2,6,370.1,3,1,4,33.9,0
Zaragoza,fibra_1000,49.95,50,516.3,1000,483.7,5,280.2,4,1,4,24.3,0
Barcelona,fibra_1000,47.95,45,899.5,1000,100.5,9,196.6,5,1,2,6.6,0
Bilbao,fibra_1000,49.95,3,587.5,1000,412.5,5,317.4,4,2,2,27.9,1
Bilbao,movil_solo,19.95,47,82.6,100,17.4,4,282.5,3,0,2,15.2,0
Valencia,fibra_600,39.95,12,365.8,600,234.2,12,898.6,4,1,4,52.5,1
Zaragoza,fibra_600,44.95,42,384.6,600,215.4,7,469.8,2,1,2,24.8,0
Valencia,fibra_600,41.95,59,517.0,600,83.0,7,407.6,3,1,2,26.8,0
Bilbao,movil_solo,16.95,39,75.3,100,24.7,7,46.4,3,1,4,21.1,1
Bilbao,fibra_600,39.95,38,340.0,600,260.0,5,450.0,2,1,3,27.2,0
Valencia,fibra_1000,51.95,17,894.0,1000,106.0,1,89.3,1,0,1,14.7,0
Valencia,fibra_300,29.95,48,258.0,300,42.0,17,931.1,9,3,10,13.5,1
Zaragoza,fibra_1000,49.95,28,467.2,1000,532.8,11,655.3,6,3,5,55.3,1
Valencia,fibra_300,31.95,72,152.5,300,147.5,0,0.0,0,0,0,16.9,0
Zaragoza,fibra_300,31.95,43,238.2,300,61.8,6,320.8,2,1,2,16.5,0
Valencia,fibra_1000,49.95,3,668.1,1000,331.9,0,0.0,2,0,2,8.5,0
Sevilla,fibra_300,29.95,28,204.8,300,95.2,15,687.6,8,3,8,15.5,1
Bilbao,convergente,59.95,21,353.6,600,246.4,6,80.9,2,0,1,46.1,0
Zaragoza,fibra_600,44.95,9,281.3,600,318.7,10,253.2,4,2,4,20.5,1
Sevilla,movil_solo,14.95,51,58.2,100,41.8,5,262.2,4,2,3,26.6,0
Sevilla,fibra_300,34.95,80,140.3,300,159.7,6,86.8,4,2,3,19.5,1
Madrid,fibra_600,39.95,77,421.5,600,178.5,7,127.8,5,2,2,12.3,1
Sevilla,movil_solo,12.95,29,72.8,100,27.2,11,557.3,5,1,5,47.9,1
Valencia,movil_solo,14.95,59,58.7,100,41.3,8,324.7,4,1,4,49.1,1
Zaragoza,fibra_1000,54.95,64,758.2,1000,241.8,9,75.7,5,1,2,31.5,1
Valencia,movil_solo,14.95,46,77.4,100,22.6,4,260.0,3,1,3,24.5,0
Sevilla,convergente,64.95,74,408.3,600,191.7,4,38.9,3,1,2,34.5,0
Sevilla,fibra_300,34.95,27,247.6,300,52.4,9,121.9,4,1,5,8.5,1
Valencia,fibra_1000,47.95,80,736.5,1000,263.5,5,130.1,4,2,2,35.2,1
Sevilla,fibra_600,44.95,27,392.2,600,207.8,1,8.6,1,0,1,3.0,0
Sevilla,convergente,57.95,17,321.5,600,278.5,5,431.8,2,1,2,37.9,0
Bilbao,fibra_300,27.95,29,238.5,300,61.5,9,142.2,3,1,3,43.7,0
Bilbao,fibra_600,41.95,15,406.4,600,193.6,5,176.0,3,1,2,44.0,0
Bilbao,fibra_300,27.95,47,163.0,300,137.0,6,51.8,3,1,2,33.6,0
Bilbao,fibra_1000,49.95,68,897.5,1000,102.5,7,537.8,3,0,3,39.4,0
Barcelona,movil_solo,14.95,20,68.9,100,31.1,2,150.8,2,1,2,19.3,0
Zaragoza,convergente,59.95,81,311.3,600,288.7,6,110.5,3,1,3,33.8,0
Barcelona,fibra_300,29.95,74,276.7,300,23.3,9,314.5,6,2,7,44.3,1
Valencia,fibra_600,44.95,34,317.2,600,282.8,6,210.9,4,1,3,35.3,0
Zaragoza,movil_solo,16.95,18,67.1,100,32.9,7,85.6,3,0,3,12.6,0
Zaragoza,fibra_600,44.95,77,337.2,600,262.8,8,640.8,4,1,5,48.9,1
Barcelona,convergente,64.95,10,485.6,600,114.4,5,92.3,2,1,1,20.5,0
Madrid,convergente,64.95,27,528.7,600,71.3,6,361.9,3,1,2,18.4,0
Bilbao,fibra_600,39.95,7,484.2,600,115.8,5,175.4,3,0,2,22.1,0
Zaragoza,fibra_600,39.95,4,278.3,600,321.7,5,432.1,4,1,3,12.7,0
Zaragoza,fibra_300,29.95,42,183.3,300,116.7,10,757.7,4,1,3,10.4,0
Valencia,fibra_600,39.95,31,441.4,600,158.6,7,562.9,3,0,3,29.8,0
Madrid,fibra_600,44.95,69,495.2,600,104.8,2,156.3,2,1,1,12.0,0
Bilbao,fibra_1000,51.95,53,678.4,1000,321.6,5,86.7,4,1,2,29.4,0
Zaragoza,fibra_1000,49.95,33,505.2,1000,494.8,7,340.2,3,1,2,32.1,1
Zaragoza,movil_solo,16.95,71,70.0,100,30.0,11,298.2,6,1,5,21.1,1
Barcelona,movil_solo,16.95,64,68.0,100,32.0,1,7.9,1,0,0,23.8,0
Zaragoza,fibra_300,31.95,41,197.7,300,102.3,4,353.7,2,1,2,18.7,0
Madrid,fibra_1000,47.95,82,619.4,1000,380.6,11,502.7,5,1,4,42.1,1
Sevilla,convergente,61.95,52,441.7,600,158.3,10,116.0,6,2,5,22.3,0
Sevilla,movil_solo,12.95,54,49.0,100,51.0,6,429.2,4,1,2,9.9,0
Valencia,fibra_300,31.95,43,199.2,300,100.8,8,411.6,4,1,4,28.8,0
Madrid,movil_solo,16.95,5,86.5,100,13.5,9,635.6,4,1,5,46.3,1
Valencia,fibra_600,41.95,3,399.9,600,200.1,6,265.3,4,1,5,30.3,0
Barcelona,fibra_600,39.95,9,476.6,600,123.4,5,446.7,4,1,3,7.0,0
Zaragoza,fibra_1000,47.95,25,548.7,1000,451.3,8,369.9,4,1,2,46.3,1
Valencia,movil_solo,14.95,7,80.2,100,19.8,5,155.2,3,1,3,26.3,0
Barcelona,convergente,61.95,63,325.4,600,274.6,8,601.8,3,0,2,29.7,0
Barcelona,convergente,64.95,67,418.2,600,181.8,3,185.2,2,1,2,18.3,0
Zaragoza,fibra_600,37.95,69,298.7,600,301.3,4,304.4,3,2,2,29.1,0
Madrid,fibra_1000,49.95,5,597.3,1000,402.7,5,418.6,4,1,4,20.7,0
Barcelona,fibra_600,41.95,35,496.8,600,103.2,6,515.9,4,0,3,32.1,0
Barcelona,fibra_300,29.95,78,270.9,300,29.1,8,160.7,5,1,3,20.2,0
Bilbao,fibra_300,31.95,77,276.4,300,23.6,8,415.5,3,0,3,19.3,0
Sevilla,fibra_1000,49.95,83,819.8,1000,180.2,6,417.6,5,1,4,50.9,0
Barcelona,convergente,59.95,69,381.1,600,218.9,9,399.8,4,2,5,25.2,1
Valencia,convergente,61.95,12,300.6,600,299.4,4,162.5,2,1,1,23.9,0
Zaragoza,fibra_600,44.95,56,315.1,600,284.9,5,37.4,4,1,4,25.4,0
Bilbao,fibra_600,39.95,47,509.6,600,90.4,2,87.0,2,0,1,20.4,0
Sevilla,fibra_1000,49.95,9,503.3,1000,496.7,7,201.9,3,1,1,16.5,0
Madrid,movil_solo,14.95,67,95.3,100,4.7,6,447.0,5,2,5,22.5,0
Bilbao,movil_solo,14.95,76,69.6,100,30.4,6,69.3,3,1,2,44.2,1
Valencia,fibra_300,34.95,68,235.3,300,64.7,3,74.0,1,0,1,17.9,0
Sevilla,movil_solo,19.95,11,67.4,100,32.6,8,260.1,3,2,2,20.8,1
Zaragoza,fibra_600,44.95,64,473.5,600,126.5,7,350.8,4,1,5,22.5,0
Bilbao,fibra_1000,54.95,65,567.4,1000,432.6,9,89.9,6,2,3,44.1,1
Valencia,convergente,61.95,76,307.8,600,292.2,8,255.2,4,0,4,18.8,0
Sevilla,movil_solo,16.95,30,67.3,100,32.7,2,170.7,3,1,4,23.1,0
Bilbao,fibra_600,44.95,7,408.4,600,191.6,5,382.3,4,2,4,33.6,1
Bilbao,fibra_600,37.95,30,394.6,600,205.4,9,551.8,5,1,6,55.9,1
Barcelona,convergente,57.95,80,436.0,600,164.0,0,0.0,0,0,0,19.4,0
Zaragoza,fibra_300,29.95,70,208.8,300,91.2,7,217.0,4,1,4,39.8,1
Zaragoza,convergente,61.95,20,375.3,600,224.7,4,115.6,1,0,1,27.3,0
Sevilla,fibra_300,29.95,50,173.2,300,126.8,8,683.3,3,1,3,11.9,0
Barcelona,convergente,59.95,75,505.5,600,94.5,6,351.0,3,1,2,27.9,0
Zaragoza,movil_solo,16.95,4,70.3,100,29.7,11,543.4,4,1,2,17.6,1
Bilbao,fibra_300,29.95,39,233.4,300,66.6,4,175.8,2,1,2,29.8,0
Barcelona,fibra_1000,49.95,39,763.5,1000,236.5,7,525.3,5,1,5,35.9,0
Madrid,fibra_600,41.95,21,415.5,600,184.5,0,0.0,2,0,1,17.4,0
Barcelona,movil_solo,16.95,26,75.8,100,24.2,10,60.0,4,1,5,13.9,0
Valencia,fibra_1000,51.95,24,696.2,1000,303.8,8,407.5,5,1,4,36.7,0
Bilbao,convergente,57.95,65,412.2,600,187.8,2,121.1,1,1,2,25.1,0
Sevilla,movil_solo,12.95,75,67.9,100,32.1,9,141.4,4,2,2,44.4,1
Barcelona,movil_solo,16.95,49,68.9,100,31.1,6,388.0,3,0,3,27.5,0
Sevilla,fibra_1000,49.95,23,637.2,1000,362.8,13,331.7,6,3,4,46.4,1
Zaragoza,movil_solo,14.95,37,68.6,100,31.4,11,474.2,5,1,5,50.0,1
Zaragoza,fibra_300,34.95,28,158.9,300,141.1,6,77.3,3,2,2,32.8,0
Sevilla,fibra_300,31.95,45,174.7,300,125.3,8,306.0,3,1,2,33.4,0
Barcelona,fibra_1000,49.95,33,963.8,1000,36.2,6,53.0,5,2,4,17.8,0
Barcelona,fibra_300,34.95,3,176.9,300,123.1,7,329.2,4,1,2,40.1,1
Barcelona,convergente,59.95,52,503.0,600,97.0,2,30.7,1,0,2,27.6,0
Valencia,fibra_1000,47.95,13,848.2,1000,151.8,8,100.9,3,0,3,21.1,0
Bilbao,fibra_600,44.95,34,494.7,600,105.3,8,460.0,5,1,3,26.4,0
Valencia,fibra_1000,49.95,23,546.9,1000,453.1,7,397.6,2,0,1,43.2,0
Barcelona,fibra_300,29.95,37,199.3,300,100.7,6,431.9,3,1,2,28.4,0
Barcelona,movil_solo,14.95,45,97.1,100,2.9,2,56.7,2,0,2,31.1,0
Valencia,fibra_600,41.95,67,392.3,600,207.7,5,37.6,2,0,2,41.0,0
Zaragoza,fibra_600,39.95,14,456.0,600,144.0,5,366.5,4,2,5,25.6,0
Madrid,fibra_600,39.95,81,345.9,600,254.1,1,51.0,0,0,0,17.7,0
Madrid,fibra_600,37.95,55,466.9,600,133.1,3,184.9,1,0,2,15.5,0
Bilbao,convergente,64.95,64,408.6,600,191.4,6,228.4,2,0,1,31.0,0
Barcelona,fibra_600,39.95,63,449.0,600,151.0,4,300.6,2,0,1,24.3,0
Bilbao,movil_solo,12.95,73,81.3,100,18.7,3,227.2,2,0,2,32.6,0
Valencia,fibra_600,37.95,63,497.3,600,102.7,12,815.6,7,3,3,58.0,1
Zaragoza,fibra_1000,51.95,35,576.9,1000,423.1,4,230.4,2,1,2,36.8,0
Bilbao,convergente,64.95,25,527.1,600,72.9,5,301.6,3,0,2,26.2,0
Bilbao,movil_solo,12.95,17,69.2,100,30.8,0,0.0,2,1,2,18.9,0
Madrid,fibra_300,27.95,10,289.1,300,10.9,7,478.6,4,1,4,18.3,1
Sevilla,fibra_600,44.95,59,443.5,600,156.5,10,428.2,4,2,4,42.7,1
Valencia,fibra_600,39.95,81,433.5,600,166.5,11,903.4,6,1,4,47.8,1
Bilbao,fibra_300,34.95,29,259.0,300,41.0,7,218.6,5,2,6,30.2,1
Sevilla,fibra_300,31.95,5,151.2,300,148.8,5,421.7,3,1,2,17.9,0
Barcelona,fibra_300,34.95,68,274.2,300,25.8,5,263.1,4,1,4,32.8,0
Zaragoza,movil_solo,19.95,39,55.1,100,44.9,7,125.6,3,0,4,6.7,0
Barcelona,convergente,57.95,2,517.4,600,82.6,1,36.4,1,0,0,16.5,0
Zaragoza,fibra_300,34.95,60,180.4,300,119.6,9,568.3,4,2,2,36.1,1
Zaragoza,movil_solo,14.95,79,58.2,100,41.8,4,104.7,2,0,2,3.1,0
Zaragoza,movil_solo,16.95,58,46.9,100,53.1,4,85.4,2,0,2,34.2,0
Zaragoza,fibra_600,41.95,30,405.2,600,194.8,11,730.0,5,2,5,45.2,1
Madrid,fibra_1000,51.95,40,619.5,1000,380.5,8,194.9,4,0,4,32.8,0
Bilbao,fibra_600,37.95,16,388.7,600,211.3,5,73.0,4,2,5,24.0,0
Sevilla,movil_solo,14.95,58,82.4,100,17.6,6,357.8,4,2,4,26.5,1
Barcelona,fibra_300,29.95,63,280.5,300,19.5,8,125.2,3,2,4,31.3,1
Valencia,fibra_600,39.95,40,474.3,600,125.7,0,0.0,1,1,2,26.8,0
Zaragoza,fibra_300,27.95,49,179.4,300,120.6,3,81.8,2,0,1,31.1,0
Madrid,fibra_300,34.95,30,228.0,300,72.0,7,75.5,3,2,3,30.4,1
Zaragoza,convergente,61.95,59,366.5,600,233.5,5,444.5,3,1,2,26.5,0
Sevilla,movil_solo,14.95,5,70.8,100,29.2,6,234.2,4,2,3,30.3,1
Zaragoza,movil_solo,12.95,37,50.4,100,49.6,2,45.5,1,0,1,36.1,0
Bilbao,fibra_300,27.95,20,217.9,300,82.1,2,178.7,1,0,0,18.6,0
Sevilla,movil_solo,12.95,73,75.8,100,24.2,10,91.1,6,2,6,24.4,1
Barcelona,fibra_600,37.95,28,408.6,600,191.4,5,187.2,2,1,1,27.0,0
Valencia,fibra_600,44.95,22,355.2,600,244.8,2,43.7,1,1,1,9.7,0
Sevilla,fibra_300,31.95,73,220.5,300,79.5,6,286.5,2,1,1,43.0,1
Madrid,fibra_600,39.95,77,399.8,600,200.2,7,595.4,3,1,3,37.6,0
Sevilla,fibra_600,41.95,28,459.1,600,140.9,6,49.7,4,2,3,46.3,1
Bilbao,fibra_600,39.95,42,549.3,600,50.7,8,365.3,4,1,3,47.1,1
Madrid,fibra_600,39.95,78,480.5,600,119.5,6,244.3,4,2,3,42.8,1
Barcelona,fibra_1000,49.95,4,629.6,1000,370.4,10,490.5,4,1,2,44.8,1
Barcelona,fibra_1000,47.95,73,553.5,1000,446.5,6,379.0,4,1,4,26.7,0
Zaragoza,convergente,64.95,64,441.7,600,158.3,0,0.0,2,1,2,28.1,0
Zaragoza,movil_solo,16.95,22,52.1,100,47.9,9,317.2,4,1,2,25.8,0
Sevilla,fibra_1000,49.95,63,848.5,1000,151.5,10,305.9,5,2,3,42.8,1
Madrid,fibra_1000,47.95,4,860.5,1000,139.5,1,82.6,3,1,2,29.8,0
Sevilla,fibra_1000,54.95,74,640.3,1000,359.7,5,312.0,2,0,3,27.4,0
Madrid,movil_solo,14.95,12,82.6,100,17.4,7,485.1,5,1,6,19.3,0
Barcelona,fibra_600,44.95,17,433.9,600,166.1,2,87.3,0,0,1,25.4,0
Zaragoza,fibra_600,39.95,55,462.0,600,138.0,7,421.9,3,0,2,54.1,1
Bilbao,fibra_300,31.95,14,284.5,300,15.5,15,817.8,7,4,7,65.3,1
Zaragoza,fibra_300,29.95,82,216.9,300,83.1,3,238.4,1,0,1,16.8,0
Sevilla,fibra_300,29.95,30,141.2,300,158.8,3,184.9,1,0,1,22.8,0
Valencia,fibra_600,39.95,21,454.0,600,146.0,5,133.1,4,0,4,21.5,0
Madrid,fibra_600,44.95,12,446.5,600,153.5,7,570.9,4,1,3,31.5,0
Valencia,convergente,59.95,31,385.8,600,214.2,6,444.6,4,1,3,40.9,0
Bilbao,fibra_300,29.95,60,240.5,300,59.5,8,520.6,3,0,3,30.2,0
Bilbao,fibra_1000,51.95,68,541.0,1000,459.0,5,417.3,3,1,3,30.3,0
Valencia,fibra_1000,47.95,47,816.9,1000,183.1,7,159.6,4,2,3,46.7,1
Sevilla,convergente,64.95,42,483.0,600,117.0,13,211.0,6,2,5,70.7,1
Bilbao,movil_solo,14.95,83,94.8,100,5.2,8,141.0,3,1,3,49.0,1
Sevilla,movil_solo,12.95,47,77.1,100,22.9,9,140.1,5,1,5,37.9,1
Valencia,fibra_300,27.95,1,203.3,300,96.7,3,174.5,1,0,1,19.8,0
Bilbao,fibra_300,34.95,70,171.1,300,128.9,15,880.8,8,3,9,58.9,1
Madrid,fibra_1000,54.95,82,706.3,1000,293.7,2,168.5,1,0,1,22.3,0
Madrid,movil_solo,16.95,44,55.5,100,44.5,11,933.1,6,2,7,43.3,1
Bilbao,fibra_1000,51.95,57,723.3,1000,276.7,4,85.6,4,1,2,12.5,0
Zaragoza,movil_solo,19.95,30,54.8,100,45.2,11,905.9,6,2,3,16.7,1
Zaragoza,movil_solo,14.95,30,77.4,100,22.6,5,302.4,3,1,3,32.5,0
Bilbao,fibra_600,41.95,66,419.4,600,180.6,3,63.1,1,0,1,13.7,0
Sevilla,convergente,61.95,48,419.2,600,180.8,9,54.9,3,1,2,32.1,1
Bilbao,fibra_300,27.95,73,206.6,300,93.4,6,514.3,4,1,4,47.8,0
Madrid,fibra_600,39.95,17,567.4,600,32.6,8,72.3,6,2,6,25.2,1
Zaragoza,convergente,64.95,7,384.0,600,216.0,10,377.6,5,1,4,33.2,1
Barcelona,convergente,64.95,51,339.8,600,260.2,3,209.5,2,1,1,31.5,0
Valencia,fibra_300,29.95,17,177.1,300,122.9,12,396.9,7,2,5,13.2,1
Madrid,convergente,59.95,56,546.3,600,53.7,7,199.2,5,1,5,7.2,0
Madrid,fibra_1000,54.95,73,814.6,1000,185.4,8,319.8,5,1,3,21.0,1
Sevilla,convergente,57.95,67,420.0,600,180.0,6,383.3,4,1,4,10.0,0
Sevilla,fibra_600,39.95,9,403.1,600,196.9,5,308.2,2,1,2,36.3,1
Valencia,fibra_600,41.95,2,313.1,600,286.9,6,388.7,2,1,1,37.1,0
Zaragoza,fibra_600,39.95,82,416.3,600,183.7,6,84.7,3,1,2,38.2,1
Barcelona,convergente,64.95,36,584.9,600,15.1,3,51.7,4,1,3,23.4,0
Barcelona,convergente,61.95,19,524.2,600,75.8,4,277.0,3,0,2,5.4,0
Zaragoza,fibra_300,34.95,34,169.9,300,130.1,12,473.5,4,2,4,6.2,1
Bilbao,movil_solo,14.95,80,62.0,100,38.0,7,535.0,5,2,3,40.5,1
Sevilla,fibra_600,44.95,83,336.0,600,264.0,6,520.5,3,0,2,44.6,1
Bilbao,fibra_600,44.95,38,410.7,600,189.3,13,871.5,7,1,6,7.0,1
Madrid,convergente,59.95,63,468.9,600,131.1,5,129.3,2,0,2,38.3,0
Bilbao,movil_solo,12.95,34,63.6,100,36.4,3,165.6,1,0,1,26.4,0
Zaragoza,fibra_300,27.95,20,214.0,300,86.0,3,208.4,2,0,2,19.9,0
Bilbao,fibra_600,39.95,63,544.8,600,55.2,1,77.4,0,0,0,10.1,0
Madrid,convergente,64.95,68,469.7,600,130.3,0,0.0,0,0,0,4.6,0
Bilbao,fibra_1000,49.95,3,547.4,1000,452.6,4,197.0,1,0,1,43.3,1
Barcelona,fibra_600,39.95,29,436.1,600,163.9,4,292.4,3,0,2,18.1,0
Valencia,fibra_300,29.95,51,224.6,300,75.4,7,244.8,3,1,4,44.9,1
Bilbao,fibra_600,39.95,37,382.1,600,217.9,4,317.5,1,0,1,31.8,0
Valencia,convergente,59.95,30,536.9,600,63.1,10,317.5,5,2,6,39.2,1
Bilbao,fibra_300,34.95,43,273.7,300,26.3,6,119.4,4,1,2,28.8,0
Zaragoza,fibra_300,31.95,55,161.7,300,138.3,7,216.2,5,1,2,44.3,0
Valencia,fibra_1000,49.95,50,612.5,1000,387.5,3,203.7,2,0,2,7.2,0
Zaragoza,fibra_600,39.95,40,457.9,600,142.1,6,39.7,4,2,4,20.6,0
Zaragoza,fibra_1000,49.95,34,478.8,1000,521.2,4,113.2,3,1,2,21.3,0
Barcelona,movil_solo,14.95,18,86.2,100,13.8,5,356.0,2,0,1,23.6,0
Zaragoza,fibra_1000,49.95,46,653.2,1000,346.8,12,810.0,7,3,5,29.9,1
Valencia,convergente,59.95,37,464.8,600,135.2,6,533.2,4,1,3,30.3,0
Sevilla,fibra_300,27.95,30,231.9,300,68.1,2,136.1,3,0,4,22.1,0
Barcelona,fibra_1000,54.95,57,859.3,1000,140.7,9,313.4,6,1,4,32.1,0
Zaragoza,fibra_600,44.95,39,281.8,600,318.2,8,648.1,5,1,4,40.9,1
Madrid,convergente,59.95,34,483.3,600,116.7,10,219.9,4,2,3,32.3,1
Bilbao,fibra_300,29.95,48,257.1,300,42.9,11,969.9,6,2,4,17.2,1
Madrid,fibra_300,29.95,11,183.8,300,116.2,8,587.1,6,3,3,47.4,1
Valencia,fibra_300,31.95,13,194.7,300,105.3,9,268.0,5,2,5,52.7,1
Madrid,movil_solo,14.95,14,95.9,100,4.1,3,182.8,1,0,1,24.1,0
Bilbao,fibra_300,29.95,18,277.0,300,23.0,2,108.4,1,0,1,30.8,0
Madrid,movil_solo,14.95,12,67.4,100,32.6,5,115.4,3,2,1,30.6,0
Barcelona,fibra_300,34.95,20,237.8,300,62.2,6,181.5,3,1,4,35.0,0
Barcelona,fibra_300,31.95,12,207.7,300,92.3,7,388.5,5,2,4,31.9,1
Zaragoza,fibra_600,44.95,54,470.9,600,129.1,1,18.0,1,0,1,4.1,0
Zaragoza,fibra_600,41.95,14,276.4,600,323.6,12,200.7,6,3,6,26.5,1
Zaragoza,fibra_600,44.95,47,303.9,600,296.1,3,66.0,2,1,2,24.6,0
Barcelona,fibra_1000,49.95,44,546.5,1000,453.5,4,183.6,4,0,4,26.0,0
Madrid,convergente,59.95,71,352.6,600,247.4,10,541.5,6,3,6,16.8,1
Bilbao,fibra_600,39.95,36,568.5,600,31.5,8,439.5,4,1,3,43.2,0
Sevilla,fibra_1000,47.95,22,739.5,1000,260.5,10,344.0,5,3,3,31.7,1
Madrid,movil_solo,12.95,15,95.0,100,5.0,2,133.2,0,0,0,10.6,0
Madrid,fibra_300,29.95,76,212.0,300,88.0,6,297.9,5,2,5,28.8,1
Zaragoza,convergente,59.95,6,382.2,600,217.8,10,636.6,5,1,7,43.1,1
Sevilla,fibra_300,31.95,61,249.9,300,50.1,7,480.6,5,2,5,17.9,0
Zaragoza,convergente,57.95,12,267.0,600,333.0,2,89.4,1,0,1,15.6,0
Barcelona,convergente,64.95,83,580.1,600,19.9,1,78.5,0,0,0,22.3,0
Madrid,movil_solo,14.95,59,98.1,100,1.9,1,88.0,1,0,1,17.6,0
Sevilla,fibra_300,31.95,16,199.2,300,100.8,6,452.2,3,2,2,39.4,0
Bilbao,convergente,61.95,70,366.7,600,233.3,5,68.9,3,1,2,31.4,0
Madrid,fibra_300,34.95,17,181.9,300,118.1,6,472.6,3,1,1,17.4,0
Zaragoza,fibra_1000,49.95,30,724.8,1000,275.2,10,549.4,6,1,7,12.8,0
Zaragoza,fibra_1000,47.95,67,512.1,1000,487.9,6,457.0,3,1,2,38.1,1
Zaragoza,fibra_1000,49.95,77,721.8,1000,278.2,7,568.4,5,1,4,25.5,0
Madrid,convergente,59.95,23,569.4,600,30.6,6,391.8,4,1,5,21.3,0
Bilbao,fibra_1000,51.95,35,839.0,1000,161.0,9,596.0,6,1,6,53.1,1
Valencia,fibra_600,39.95,43,464.7,600,135.3,8,394.0,5,2,6,59.6,1
Valencia,fibra_1000,47.95,55,895.2,1000,104.8,9,377.6,4,2,2,31.7,1
Sevilla,fibra_300,29.95,32,155.1,300,144.9,10,284.4,6,1,6,15.9,0
Zaragoza,movil_solo,16.95,57,78.9,100,21.1,10,545.4,5,1,5,48.1,1
Barcelona,fibra_300,29.95,4,243.0,300,57.0,4,54.8,3,0,4,34.2,0
Bilbao,movil_solo,16.95,28,57.2,100,42.8,4,283.1,2,1,2,24.3,0
Zaragoza,convergente,59.95,82,464.0,600,136.0,5,174.7,3,0,3,31.1,0
Valencia,fibra_1000,49.95,35,777.8,1000,222.2,5,376.9,3,1,3,32.8,0
Sevilla,fibra_300,34.95,36,253.6,300,46.4,8,336.5,4,1,3,11.7,0
Valencia,fibra_1000,47.95,65,802.5,1000,197.5,4,233.9,2,1,1,37.1,0
Zaragoza,movil_solo,19.95,2,66.4,100,33.6,9,678.3,5,1,3,40.2,1
Valencia,fibra_1000,49.95,14,697.5,1000,302.5,5,279.1,3,1,2,16.4,0
Zaragoza,movil_solo,14.95,56,59.1,100,40.9,9,802.9,3,1,2,62.3,1
Bilbao,movil_solo,19.95,3,93.2,100,6.8,9,401.5,4,2,4,52.3,1
Bilbao,fibra_300,29.95,50,198.3,300,101.7,6,381.9,4,1,4,16.4,0
Sevilla,fibra_300,29.95,23,252.6,300,47.4,11,964.2,6,3,3,17.3,1
Bilbao,fibra_600,37.95,58,568.3,600,31.7,6,388.5,4,1,2,27.1,0
Zaragoza,fibra_1000,51.95,51,546.9,1000,453.1,5,284.9,2,1,2,3.4,0
Zaragoza,fibra_300,29.95,80,175.3,300,124.7,6,490.7,4,2,3,36.5,0
Valencia,fibra_600,41.95,61,454.4,600,145.6,14,100.3,6,3,3,19.4,1
Madrid,movil_solo,16.95,42,72.6,100,27.4,7,351.1,4,2,5,28.7,1
Zaragoza,fibra_300,31.95,74,217.6,300,82.4,6,124.4,2,1,2,31.7,0
Sevilla,fibra_600,41.95,73,508.6,600,91.4,4,215.3,2,0,2,40.0,0
Barcelona,movil_solo,19.95,63,71.4,100,28.6,3,109.0,3,1,2,21.6,0
Madrid,movil_solo,16.95,36,55.8,100,44.2,2,93.0,1,0,1,16.8,0
Madrid,fibra_1000,47.95,76,884.0,1000,116.0,4,22.1,3,1,4,11.3,0
Sevilla,fibra_600,41.95,29,368.3,600,231.7,4,266.5,4,1,4,15.4,0
Barcelona,movil_solo,16.95,22,55.1,100,44.9,5,49.7,3,0,2,45.3,0
Barcelona,fibra_600,39.95,59,397.7,600,202.3,2,157.8,1,0,1,36.0,0
Sevilla,fibra_300,29.95,58,155.4,300,144.6,2,62.7,1,0,1,9.0,0
Barcelona,fibra_1000,47.95,38,960.5,1000,39.5,4,331.9,1,0,1,21.4,0
Sevilla,fibra_300,31.95,25,156.6,300,143.4,5,361.8,2,1,2,24.0,0
Sevilla,fibra_600,39.95,74,485.2,600,114.8,4,205.9,4,1,2,37.9,0
Valencia,fibra_300,27.95,49,255.6,300,44.4,7,375.7,4,1,4,29.5,0
Sevilla,fibra_300,29.95,27,238.3,300,61.7,4,191.0,3,1,4,31.2,0
Madrid,movil_solo,12.95,21,92.9,100,7.1,6,354.4,2,1,1,44.6,1
Barcelona,fibra_1000,51.95,45,650.5,1000,349.5,7,620.3,3,1,1,17.6,0
Valencia,fibra_600,44.95,74,344.2,600,255.8,3,168.2,1,0,1,20.2,0
Bilbao,convergente,64.95,71,369.4,600,230.6,0,0.0,0,0,0,29.1,0
Barcelona,movil_solo,14.95,43,84.6,100,15.4,0,0.0,1,0,1,26.4,0
Zaragoza,fibra_600,37.95,6,290.3,600,309.7,10,191.7,6,3,7,30.2,1
Zaragoza,fibra_1000,49.95,15,463.0,1000,537.0,1,40.7,3,1,1,25.6,0
Bilbao,convergente,61.95,70,525.7,600,74.3,11,122.4,5,1,6,22.4,1
Valencia,fibra_600,37.95,44,526.5,600,73.5,9,354.6,3,0,3,49.6,1
Barcelona,fibra_1000,51.95,57,863.5,1000,136.5,3,97.9,4,2,4,29.1,0
Bilbao,movil_solo,14.95,50,82.4,100,17.6,0,0.0,0,0,0,26.0,0
Sevilla,convergente,61.95,80,337.7,600,262.3,9,245.8,5,1,4,55.0,1
Bilbao,fibra_1000,54.95,41,622.0,1000,378.0,7,314.2,3,2,3,18.8,1
Valencia,fibra_600,41.95,53,330.5,600,269.5,11,106.0,5,1,5,53.7,1
Valencia,movil_solo,14.95,27,67.3,100,32.7,5,256.5,4,0,4,30.9,0
Bilbao,convergente,59.95,40,421.4,600,178.6,8,518.2,5,1,3,34.7,1
Valencia,fibra_1000,54.95,55,629.4,1000,370.6,4,169.7,2,1,2,37.1,0
Sevilla,convergente,61.95,39,493.3,600,106.7,9,270.8,4,2,4,37.3,1
Barcelona,fibra_600,44.95,81,578.2,600,21.8,6,455.7,5,2,4,29.7,0
Madrid,fibra_300,29.95,78,268.3,300,31.7,7,342.6,4,2,4,47.8,1
Bilbao,fibra_300,34.95,77,246.7,300,53.3,3,113.2,1,0,1,16.7,0
Barcelona,fibra_1000,51.95,41,927.5,1000,72.5,0,0.0,0,0,0,9.4,0
Barcelona,fibra_300,29.95,10,257.6,300,42.4,6,322.2,4,1,4,44.2,0
Sevilla,fibra_600,44.95,17,437.3,600,162.7,7,536.5,4,1,3,43.8,1
Bilbao,fibra_600,37.95,81,374.4,600,225.6,3,233.2,2,1,1,20.0,0
Madrid,fibra_1000,54.95,35,982.7,1000,17.3,7,257.2,5,1,3,18.0,0
Barcelona,fibra_300,31.95,49,219.6,300,80.4,3,249.8,2,0,2,27.7,0
Zaragoza,movil_solo,16.95,24,70.1,100,29.9,8,559.1,5,3,6,47.8,1
Madrid,fibra_1000,51.95,51,782.6,1000,217.4,6,174.9,2,1,1,28.4,0
Bilbao,convergente,59.95,74,444.4,600,155.6,7,110.1,4,2,4,39.6,1
Madrid,fibra_1000,47.95,80,643.1,1000,356.9,6,88.9,2,1,2,27.6,0
Sevilla,fibra_300,27.95,26,171.7,300,128.3,6,32.3,3,1,2,31.2,0
Valencia,fibra_300,34.95,51,243.9,300,56.1,4,183.4,2,0,2,41.6,0
Barcelona,fibra_300,29.95,65,192.1,300,107.9,11,737.5,6,3,3,36.2,1
Valencia,convergente,64.95,18,320.9,600,279.1,5,196.9,3,1,2,24.8,0
Bilbao,fibra_600,39.95,12,504.7,600,95.3,7,413.0,2,1,2,44.5,0
Bilbao,convergente,64.95,6,452.3,600,147.7,1,87.8,2,0,1,22.1,0
Madrid,fibra_1000,49.95,41,708.7,1000,291.3,0,0.0,0,0,0,9.9,0
Valencia,fibra_300,31.95,56,197.4,300,102.6,8,606.3,4,1,4,36.7,1
Madrid,fibra_600,39.95,63,478.1,600,121.9,9,290.4,3,1,3,27.9,1
Barcelona,fibra_600,44.95,39,343.1,600,256.9,1,77.1,2,0,1,14.1,0
Bilbao,convergente,61.95,39,333.7,600,266.3,7,439.1,4,1,3,50.2,0
Sevilla,fibra_600,37.95,54,508.0,600,92.0,6,472.9,4,1,3,31.0,0
Valencia,fibra_300,29.95,31,220.5,300,79.5,7,473.7,4,1,4,5.7,0
Zaragoza,movil_solo,19.95,78,44.4,100,55.6,4,106.5,3,0,2,20.8,0
Madrid,fibra_600,39.95,47,459.1,600,140.9,6,349.2,4,1,2,24.8,0
Madrid,convergente,59.95,53,391.6,600,208.4,5,442.9,3,1,1,13.9,0
Bilbao,movil_solo,19.95,60,65.3,100,34.7,7,543.7,4,1,2,44.1,1
Bilbao,movil_solo,16.95,16,71.8,100,28.2,6,178.5,4,1,3,39.3,1
Valencia,convergente,57.95,33,439.8,600,160.2,3,242.7,2,1,1,22.5,0
Madrid,convergente,59.95,10,497.5,600,102.5,4,96.6,2,0,2,28.5,0
Barcelona,fibra_600,39.95,51,576.3,600,23.7,6,143.1,3,1,4,17.4,0
Madrid,fibra_1000,51.95,69,981.6,1000,18.4,8,168.1,6,2,6,21.9,1
Valencia,convergente,64.95,65,352.3,600,247.7,9,191.3,6,3,5,24.5,1
Valencia,convergente,59.95,26,391.8,600,208.2,7,263.1,5,1,4,37.1,0
Barcelona,fibra_300,31.95,80,210.5,300,89.5,11,824.1,5,1,4,48.7,1
Zaragoza,fibra_1000,49.95,38,440.3,1000,559.7,7,117.8,2,1,3,22.2,0
Barcelona,movil_solo,14.95,63,60.8,100,39.2,10,147.0,4,2,3,17.5,0
Barcelona,convergente,59.95,45,376.4,600,223.6,7,368.3,3,0,3,15.4,0
Bilbao,convergente,59.95,34,500.2,600,99.8,8,336.9,3,2,3,25.8,1
Sevilla,fibra_300,29.95,55,198.7,300,101.3,5,231.0,3,1,4,22.6,0
Valencia,movil_solo,19.95,24,63.4,100,36.6,4,200.6,1,0,1,37.0,0
Sevilla,fibra_300,29.95,29,142.1,300,157.9,8,688.1,4,1,3,32.3,0
Zaragoza,movil_solo,14.95,12,65.2,100,34.8,0,0.0,0,0,0,13.2,0
Zaragoza,convergente,59.95,84,402.5,600,197.5,9,599.3,3,0,3,32.9,1
Bilbao,fibra_1000,49.95,29,627.5,1000,372.5,8,318.4,5,3,6,17.8,1
Valencia,fibra_600,41.95,23,422.5,600,177.5,2,60.3,2,1,1,6.5,0
Sevilla,fibra_1000,47.95,30,615.4,1000,384.6,3,17.2,3,1,2,19.6,0
Barcelona,fibra_600,39.95,11,394.2,600,205.8,4,195.7,4,0,4,24.1,0
Sevilla,fibra_1000,49.95,9,514.3,1000,485.7,9,771.5,4,1,2,62.5,1
Madrid,convergente,59.95,59,556.0,600,44.0,8,120.8,3,1,3,42.8,1
Madrid,movil_solo,16.95,29,91.5,100,8.5,3,76.7,2,1,2,14.7,0
Zaragoza,fibra_300,29.95,9,152.7,300,147.3,10,220.0,4,2,2,21.9,1
Zaragoza,convergente,57.95,4,309.1,600,290.9,0,0.0,1,0,1,13.9,0
Valencia,fibra_1000,49.95,14,663.9,1000,336.1,3,22.7,3,0,2,18.3,0
Barcelona,movil_solo,14.95,30,90.3,100,9.7,6,87.1,3,1,4,25.9,0
Madrid,convergente,57.95,42,489.5,600,110.5,0,0.0,1,0,1,6.1,0
Zaragoza,fibra_300,31.95,37,213.4,300,86.6,9,391.1,3,1,3,33.8,1
Bilbao,convergente,64.95,20,415.4,600,184.6,2,149.7,1,0,1,29.5,0
Madrid,fibra_600,37.95,51,448.9,600,151.1,5,148.6,4,1,2,25.8,0
Sevilla,movil_solo,19.95,6,80.5,100,19.5,8,92.9,5,2,3,10.8,1
Valencia,convergente,59.95,7,488.2,600,111.8,1,89.9,1,0,1,6.9,0
Sevilla,fibra_1000,51.95,31,802.4,1000,197.6,9,806.6,5,1,4,19.3,1
Valencia,fibra_600,41.95,51,327.1,600,272.9,5,337.3,4,2,2,44.2,1
Bilbao,fibra_600,39.95,30,364.6,600,235.4,8,303.9,6,1,3,17.1,0
Madrid,movil_solo,16.95,10,93.1,100,6.9,9,144.6,5,1,5,34.1,1
Zaragoza,movil_solo,12.95,42,48.7,100,51.3,10,256.5,6,2,7,43.7,1
Valencia,fibra_600,39.95,25,318.8,600,281.2,9,389.4,4,2,2,47.4,1
Barcelona,fibra_1000,54.95,72,727.7,1000,272.3,8,139.0,4,1,3,12.0,0
Bilbao,fibra_300,31.95,70,165.0,300,135.0,7,275.8,5,2,3,35.2,0
Barcelona,convergente,59.95,58,418.7,600,181.3,5,381.5,2,0,1,29.8,0
