customer_id,region,contract_type,monthly_price,customer_tenure_months,avg_download_speed,expected_download_speed,service_interruptions_30d,interruption_minutes_30d,num_tickets_30d,num_complaints_30d,call_center_contacts_30d,avg_resolution_hours,satisfaction_score,churn
C00001,Barcelona,movil_solo,16.95,82,66.3,100,11,498.8,7,1,6,24.7,5.3,1
C00002,Barcelona,fibra_300,29.95,6,219.5,300,0,0.0,2,0,1,28.8,7.9,0
C00003,Valencia,fibra_600,39.95,12,327.3,600,9,467.3,4,1,2,34.2,4.2,1
C00004,Barcelona,convergente,57.95,16,471.6,600,4,210.0,2,0,1,21.7,7.6,0
C00005,Valencia,movil_solo,16.95,35,50.6,100,10,893.9,5,2,4,31.8,4.3,1
C00006,Bilbao,fibra_600,39.95,22,474.2,600,8,606.9,4,2,4,14.3,6.2,0
C00007,Sevilla,fibra_1000,49.95,5,726.0,1000,12,475.2,7,4,7,50.3,1.7,1
C00008,Barcelona,fibra_300,34.95,9,219.8,300,1,39.6,2,0,1,28.5,6.6,0
C00009,Sevilla,fibra_600,39.95,83,486.9,600,11,502.8,5,3,4,23.6,3.4,1
C00010,Barcelona,fibra_1000,54.95,55,752.6,1000,5,408.6,3,0,3,20.3,6.5,0
C00011,Zaragoza,fibra_600,39.95,76,334.5,600,7,285.6,4,2,5,9.9,5.8,0
C00012,Zaragoza,movil_solo,14.95,10,75.2,100,14,849.8,5,2,4,28.1,2.8,1
C00013,Sevilla,fibra_300,34.95,6,209.5,300,1,9.8,3,1,3,15.4,8.1,0
C00014,Zaragoza,convergente,59.95,6,316.9,600,7,127.9,4,2,5,38.2,4.7,1
C00015,Madrid,convergente,64.95,42,591.1,600,4,198.8,3,0,3,35.0,6.0,0
C00016,Madrid,fibra_600,37.95,81,549.9,600,10,695.9,5,2,2,37.8,3.8,1
C00017,Sevilla,fibra_600,39.95,4,291.7,600,4,259.4,4,1,3,14.8,6.8,0
C00018,Zaragoza,fibra_600,37.95,62,301.3,600,8,293.7,5,1,4,39.5,5.0,1
C00019,Zaragoza,fibra_1000,49.95,62,770.0,1000,4,300.4,4,2,2,15.7,6.2,0
C00020,Bilbao,fibra_300,27.95,67,195.6,300,9,766.8,5,2,3,54.1,2.8,1
C00021,Zaragoza,convergente,59.95,34,281.7,600,10,853.2,6,3,5,36.2,3.8,1
C00022,Sevilla,movil_solo,16.95,56,64.4,100,7,431.1,4,2,4,32.1,4.4,1
C00023,Zaragoza,fibra_1000,47.95,10,620.4,1000,11,709.9,5,1,4,18.2,4.9,1
C00024,Valencia,fibra_300,29.95,74,244.7,300,7,524.3,4,0,2,28.7,5.4,0
C00025,Bilbao,movil_solo,12.95,75,55.4,100,1,89.1,2,0,2,18.9,7.8,0
C00026,Zaragoza,fibra_1000,49.95,35,495.2,1000,9,265.3,5,1,5,27.4,4.3,1
C00027,Valencia,fibra_1000,49.95,8,560.7,1000,4,288.4,2,0,1,16.0,6.7,0
C00028,Bilbao,movil_solo,12.95,42,87.6,100,5,115.8,2,0,1,23.1,6.9,0
C00029,Barcelona,movil_solo,12.95,36,83.9,100,7,572.1,4,2,5,39.3,5.2,1
C00030,Madrid,fibra_1000,49.95,79,669.3,1000,11,78.4,5,2,3,51.3,2.7,1
C00031,Bilbao,convergente,59.95,58,503.3,600,8,96.3,4,1,3,36.4,4.2,0
C00032,Sevilla,convergente,57.95,27,450.7,600,4,92.3,3,1,3,12.9,7.2,0
C00033,Sevilla,movil_solo,14.95,84,54.9,100,9,215.0,5,1,5,36.2,4.3,1
C00034,Valencia,fibra_300,29.95,21,194.3,300,11,423.0,4,2,4,62.0,1.9,1
C00035,Zaragoza,convergente,61.95,8,269.9,600,8,267.0,4,1,3,24.4,5.0,1
C00036,Zaragoza,fibra_1000,51.95,16,774.1,1000,6,131.4,4,2,2,25.8,4.8,1
C00037,Valencia,fibra_600,44.95,38,454.0,600,4,282.2,3,0,3,36.2,5.4,0
C00038,Valencia,fibra_600,39.95,53,311.7,600,6,415.6,4,1,5,25.4,5.8,0
C00039,Bilbao,fibra_1000,51.95,82,531.6,1000,7,274.1,4,1,4,30.7,4.9,1
C00040,Sevilla,fibra_300,34.95,75,226.2,300,6,205.9,2,0,1,28.6,6.8,0
C00041,Barcelona,fibra_300,27.95,80,182.6,300,8,153.4,5,2,3,27.9,4.3,0
C00042,Barcelona,fibra_300,34.95,73,174.4,300,9,200.8,5,2,4,20.9,4.6,1
C00043,Zaragoza,fibra_1000,51.95,5,647.7,1000,10,735.5,5,1,5,34.1,4.3,1
C00044,Barcelona,fibra_1000,49.95,48,831.8,1000,6,364.6,3,1,1,12.2,6.2,0
C00045,Zaragoza,fibra_300,29.95,40,174.2,300,6,492.4,2,1,2,18.9,6.9,0
C00046,Valencia,fibra_300,27.95,64,224.6,300,11,623.7,5,2,2,23.2,3.8,1
C00047,Valencia,fibra_600,39.95,84,531.3,600,6,461.4,2,1,3,15.9,5.7,0
C00048,Zaragoza,fibra_300,29.95,11,226.9,300,10,259.2,6,2,5,36.0,3.7,1
C00049,Valencia,fibra_1000,49.95,79,805.5,1000,6,42.4,3,1,1,36.2,4.8,0
C00050,Sevilla,movil_solo,14.95,17,66.6,100,8,72.9,5,2,3,20.3,4.5,1
C00051,Barcelona,convergente,64.95,38,496.1,600,7,491.3,5,2,3,13.6,6.2,1
C00052,Sevilla,fibra_1000,49.95,45,519.2,1000,5,171.6,4,1,4,30.5,6.3,0
C00053,Valencia,fibra_600,39.95,45,465.5,600,5,37.4,2,1,1,12.0,7.1,0
C00054,Barcelona,fibra_600,39.95,40,432.5,600,6,196.4,4,1,4,32.6,4.7,0
C00055,Barcelona,fibra_1000,51.95,25,978.2,1000,12,996.7,6,2,6,36.8,4.1,1
C00056,Sevilla,fibra_600,44.95,63,488.1,600,10,842.9,6,3,6,32.9,4.4,1
C00057,Zaragoza,fibra_600,37.95,57,283.4,600,0,0.0,2,0,1,17.8,8.9,0
C00058,Barcelona,fibra_300,31.95,84,203.2,300,10,272.4,5,2,2,19.0,4.1,1
C00059,Barcelona,movil_solo,14.95,61,66.7,100,8,361.8,5,2,3,43.1,4.1,1
C00060,Zaragoza,fibra_1000,49.95,23,791.7,1000,3,149.7,3,0,3,18.4,7.2,0
C00061,Barcelona,convergente,59.95,12,552.4,600,3,44.5,2,1,1,25.4,6.6,0
C00062,Zaragoza,fibra_300,31.95,54,239.6,300,3,231.1,2,1,1,15.9,7.8,0
C00063,Zaragoza,fibra_1000,51.95,63,542.0,1000,6,372.3,3,1,2,22.7,5.4,1
C00064,Barcelona,fibra_600,39.95,84,534.1,600,3,72.8,3,0,3,30.3,6.1,0
C00065,Zaragoza,movil_solo,19.95,77,50.6,100,10,307.2,6,3,3,43.4,3.3,1
C00066,Sevilla,fibra_1000,47.95,27,714.0,1000,6,452.8,2,1,1,48.3,4.4,0
C00067,Zaragoza,movil_solo,14.95,11,73.2,100,8,560.9,5,2,3,19.3,5.8,1
C00068,Sevilla,movil_solo,16.95,37,80.6,100,6,438.7,3,1,1,41.2,4.7,0
C00069,Valencia,convergente,64.95,55,353.5,600,11,461.5,7,3,7,38.4,3.7,1
C00070,Valencia,movil_solo,12.95,81,53.2,100,4,113.2,3,2,4,27.8,6.6,0
C00071,Barcelona,convergente,59.95,10,530.4,600,8,672.3,3,1,3,45.5,4.3,1
C00072,Barcelona,fibra_600,44.95,52,574.0,600,9,592.4,6,1,6,37.8,3.7,1
C00073,Barcelona,fibra_600,39.95,77,428.5,600,5,72.1,3,1,3,45.2,5.5,0
C00074,Barcelona,movil_solo,16.95,55,69.1,100,4,147.1,3,1,1,19.1,7.4,0
C00075,Bilbao,movil_solo,14.95,60,82.6,100,9,251.4,5,1,5,36.5,3.9,1
C00076,Barcelona,convergente,57.95,34,458.8,600,4,75.0,3,1,1,11.2,7.3,0
C00077,Bilbao,fibra_1000,51.95,61,725.7,1000,7,611.7,5,1,4,11.4,6.8,0
C00078,Zaragoza,movil_solo,19.95,22,44.0,100,6,37.7,5,3,2,27.0,4.4,1
C00079,Bilbao,fibra_300,31.95,82,238.2,300,8,620.3,4,2,2,25.1,5.7,0
C00080,Sevilla,fibra_1000,49.95,77,537.7,1000,13,1001.7,6,2,6,37.0,3.3,1
C00081,Sevilla,fibra_300,34.95,41,179.1,300,2,18.2,0,0,0,20.6,6.9,0
C00082,Sevilla,movil_solo,14.95,19,67.0,100,5,446.2,3,1,2,27.7,5.7,0
C00083,Madrid,fibra_1000,47.95,34,661.2,1000,1,10.7,1,0,1,9.8,8.2,0
C00084,Sevilla,fibra_300,34.95,24,252.1,300,7,518.8,4,1,4,14.7,6.7,0
C00085,Bilbao,fibra_1000,54.95,61,686.9,1000,5,156.9,3,1,2,17.1,6.6,0
C00086,Zaragoza,fibra_600,39.95,1,347.9,600,9,386.7,5,3,5,23.4,4.0,1
C00087,Sevilla,fibra_600,44.95,51,316.9,600,7,373.3,5,2,4,16.5,5.5,1
C00088,Barcelona,fibra_600,37.95,73,517.6,600,9,606.0,3,1,4,55.0,4.2,1
C00089,Valencia,fibra_300,31.95,46,236.0,300,10,701.6,5,2,6,12.0,4.4,1
C00090,Sevilla,movil_solo,12.95,38,71.5,100,8,586.2,4,2,3,32.0,4.3,1
C00091,Sevilla,fibra_600,39.95,2,474.9,600,9,375.8,6,3,5,37.2,3.6,1
C00092,Valencia,fibra_600,39.95,19,474.7,600,9,144.0,6,2,5,21.4,5.0,0
C00093,Valencia,fibra_600,41.95,11,366.3,600,4,310.4,1,0,1,20.6,6.9,0
C00094,Valencia,fibra_300,31.95,20,200.8,300,8,322.4,5,1,4,27.2,5.3,1
C00095,Zaragoza,fibra_300,27.95,57,180.7,300,6,318.3,4,2,4,14.2,6.2,0
C00096,Barcelona,fibra_600,44.95,44,573.0,600,4,329.4,3,1,2,24.4,7.2,0
C00097,Valencia,convergente,61.95,1,383.5,600,1,85.6,3,1,1,6.1,7.6,0
C00098,Sevilla,fibra_300,31.95,18,171.8,300,1,82.6,0,0,0,13.6,7.6,0
C00099,Bilbao,movil_solo,12.95,72,57.5,100,6,72.5,2,0,2,41.9,5.8,0
C00100,Sevilla,fibra_300,27.95,48,144.8,300,10,87.4,5,2,6,34.0,3.5,1
C00101,Valencia,fibra_1000,54.95,70,794.4,1000,10,734.1,5,1,4,31.5,4.7,1
C00102,Zaragoza,movil_solo,16.95,48,47.6,100,5,249.0,2,0,1,25.8,6.1,0
C00103,Madrid,fibra_300,27.95,2,182.1,300,6,395.4,3,1,2,48.8,4.5,1
C00104,Barcelona,fibra_300,34.95,14,236.7,300,6,301.8,4,0,2,17.2,6.0,0
C00105,Sevilla,fibra_300,31.95,51,142.5,300,8,502.7,5,2,3,17.8,6.1,0
C00106,Barcelona,fibra_600,37.95,63,579.2,600,4,172.4,1,0,2,14.1,7.7,0
C00107,Bilbao,fibra_300,27.95,67,265.7,300,4,179.9,2,0,2,22.1,7.2,0
C00108,Bilbao,fibra_300,34.95,74,232.4,300,10,836.0,6,3,4,32.6,4.2,1
C00109,Madrid,fibra_300,29.95,76,210.2,300,8,147.1,4,2,2,57.2,3.8,1
C00110,Valencia,movil_solo,16.95,48,74.6,100,7,585.9,2,0,3,27.7,5.4,1
C00111,Sevilla,fibra_1000,54.95,55,783.1,1000,8,353.0,5,1,3,54.6,4.4,1
C00112,Valencia,fibra_600,39.95,7,498.2,600,3,28.7,1,0,1,15.9,7.8,0
C00113,Madrid,fibra_300,31.95,22,240.1,300,5,184.3,4,1,2,38.7,4.8,1
C00114,Valencia,fibra_600,37.95,64,524.7,600,8,109.9,4,2,2,38.3,4.4,1
C00115,Bilbao,movil_solo,14.95,4,89.2,100,11,103.7,5,2,6,40.5,3.6,1
C00116,Barcelona,convergente,61.95,24,522.8,600,8,655.3,4,1,5,24.4,5.6,0
C00117,Bilbao,movil_solo,12.95,7,87.4,100,6,342.6,2,0,2,34.9,6.3,1
C00118,Madrid,fibra_300,29.95,45,295.3,300,7,137.0,3,1,1,9.4,6.5,0
C00119,Bilbao,fibra_300,27.95,16,204.8,300,2,30.7,3,1,3,26.0,6.4,0
C00120,Zaragoza,fibra_300,27.95,22,151.5,300,4,160.8,3,1,2,33.6,5.8,0
C00121,Barcelona,convergente,61.95,80,545.7,600,1,35.4,1,0,2,27.3,7.3,0
C00122,Bilbao,convergente,59.95,10,394.4,600,12,127.0,6,2,7,64.8,1.5,1
C00123,Zaragoza,fibra_600,44.95,74,399.4,600,13,1023.4,6,1,4,38.6,3.2,1
C00124,Barcelona,convergente,57.95,43,498.2,600,9,359.0,4,1,3,53.6,3.1,1
C00125,Madrid,convergente,64.95,42,377.3,600,6,66.7,5,1,4,23.5,6.3,0
C00126,Bilbao,fibra_1000,47.95,68,835.0,1000,3,65.3,3,1,2,35.0,5.3,0
C00127,Bilbao,fibra_1000,49.95,1,725.0,1000,7,64.3,5,2,6,36.4,4.7,1
C00128,Barcelona,fibra_1000,51.95,34,562.7,1000,6,192.7,3,1,2,15.4,6.9,0
C00129,Zaragoza,movil_solo,19.95,65,56.1,100,7,179.8,3,1,3,33.6,5.0,1
C00130,Bilbao,fibra_300,29.95,12,225.7,300,6,353.3,4,1,4,26.8,5.9,0
C00131,Bilbao,fibra_600,41.95,42,393.6,600,3,260.1,2,0,1,12.5,7.3,0
C00132,Barcelona,convergente,64.95,19,377.1,600,0,0.0,0,0,0,8.1,9.4,0
C00133,Bilbao,fibra_300,34.95,35,184.9,300,6,65.5,3,1,3,16.5,5.8,0
C00134,Sevilla,fibra_300,34.95,27,225.5,300,4,214.9,4,2,3,20.2,5.8,0
C00135,Zaragoza,movil_solo,14.95,3,54.4,100,2,128.2,1,0,1,18.1,7.0,0
C00136,Valencia,fibra_300,29.95,43,166.7,300,0,0.0,1,0,0,19.7,8.6,0
C00137,Barcelona,convergente,61.95,82,562.0,600,6,327.9,3,1,2,29.5,5.8,0
C00138,Madrid,fibra_600,37.95,35,404.0,600,6,66.3,3,0,2,16.3,6.9,0
C00139,Bilbao,convergente,59.95,30,413.9,600,6,451.3,2,1,3,27.2,5.5,0
C00140,Bilbao,fibra_1000,49.95,36,819.9,1000,3,226.8,2,0,2,14.8,7.4,0
C00141,Madrid,fibra_1000,49.95,61,851.1,1000,2,75.8,2,0,2,27.8,7.2,0
C00142,Madrid,convergente,57.95,74,575.1,600,7,165.0,3,1,2,23.3,6.4,0
C00143,Valencia,fibra_300,27.95,44,194.9,300,8,447.8,3,1,2,24.9,5.2,1
C00144,Bilbao,fibra_300,29.95,61,267.2,300,4,29.2,2,1,2,11.6,7.2,0
C00145,Madrid,fibra_300,29.95,10,176.1,300,1,68.2,3,1,1,9.0,7.3,0
C00146,Valencia,fibra_300,29.95,5,247.7,300,1,11.5,0,0,0,5.4,8.3,0
C00147,Sevilla,fibra_300,29.95,48,149.7,300,7,196.3,4,2,3,37.0,3.8,1
C00148,Bilbao,convergente,59.95,13,379.3,600,2,56.2,3,1,4,18.1,7.3,0
C00149,Barcelona,fibra_300,31.95,11,232.9,300,4,293.0,3,1,2,36.4,5.8,1
C00150,Barcelona,fibra_600,39.95,54,459.0,600,4,202.1,3,1,2,20.9,7.3,0
C00151,Madrid,movil_solo,14.95,50,70.7,100,6,357.9,3,1,3,32.2,4.8,0
C00152,Zaragoza,movil_solo,16.95,25,66.7,100,9,678.8,4,0,3,16.2,5.9,0
C00153,Valencia,fibra_300,29.95,12,178.3,300,9,706.9,6,2,6,48.4,2.7,1
C00154,Zaragoza,convergente,59.95,11,409.8,600,5,428.2,3,1,2,15.4,6.0,0
C00155,Zaragoza,convergente,61.95,2,437.5,600,9,242.1,6,2,4,27.8,4.5,1
C00156,Sevilla,fibra_1000,49.95,12,569.7,1000,6,427.1,4,2,3,41.3,5.3,0
C00157,Valencia,fibra_600,39.95,19,472.0,600,4,134.6,3,0,2,19.8,6.6,0
C00158,Zaragoza,convergente,59.95,56,335.0,600,7,385.8,5,2,5,37.4,4.9,0
C00159,Madrid,fibra_600,44.95,84,563.6,600,1,36.6,0,0,0,21.6,8.4,0
C00160,Bilbao,movil_solo,14.95,41,54.0,100,5,363.5,2,0,1,42.2,5.7,0
C00161,Zaragoza,fibra_600,44.95,48,406.7,600,5,327.3,2,1,2,24.3,6.4,0
C00162,Zaragoza,fibra_1000,47.95,26,451.2,1000,1,15.6,1,0,0,10.8,7.6,0
C00163,Madrid,convergente,61.95,11,365.6,600,6,515.9,2,1,2,28.1,6.5,0
C00164,Madrid,fibra_1000,49.95,32,722.8,1000,7,69.7,4,1,2,27.1,5.4,1
C00165,Madrid,movil_solo,14.95,74,60.4,100,2,145.9,1,0,0,22.9,8.0,0
C00166,Sevilla,fibra_300,34.95,65,222.7,300,7,52.0,4,2,2,30.2,5.2,1
C00167,Valencia,movil_solo,12.95,42,72.5,100,7,357.1,4,1,4,30.3,4.9,0
C00168,Madrid,movil_solo,14.95,43,73.3,100,0,0.0,2,1,1,7.0,8.8,0
C00169,Zaragoza,fibra_1000,51.95,8,740.6,1000,4,326.1,3,0,1,27.7,6.5,0
C00170,Barcelona,convergente,64.95,9,431.6,600,5,178.5,2,1,2,29.0,6.0,1
C00171,Zaragoza,fibra_600,37.95,28,370.3,600,11,765.9,5,2,2,52.3,3.3,1
C00172,Madrid,movil_solo,12.95,23,59.0,100,7,227.6,3,1,1,45.0,5.3,0
C00173,Sevilla,convergente,64.95,39,447.7,600,6,191.3,2,1,2,34.6,5.5,1
C00174,Barcelona,convergente,64.95,43,504.4,600,6,517.9,3,0,2,13.5,6.4,0
C00175,Madrid,fibra_300,31.95,17,220.1,300,6,268.4,4,1,5,16.0,6.5,0
C00176,Bilbao,convergente,59.95,49,331.0,600,10,793.7,6,1,7,36.6,4.2,1
C00177,Sevilla,movil_solo,16.95,50,53.5,100,1,58.9,2,0,2,27.9,7.6,0
C00178,Valencia,fibra_600,39.95,35,482.7,600,4,123.8,4,2,3,27.3,5.5,0
C00179,Sevilla,convergente,59.95,61,355.1,600,11,581.2,4,2,4,49.9,3.1,1
C00180,Barcelona,movil_solo,19.95,77,82.1,100,7,433.6,5,2,5,14.3,6.2,0
C00181,Madrid,fibra_1000,49.95,29,933.2,1000,8,144.7,6,2,3,39.5,3.8,1
C00182,Sevilla,fibra_300,29.95,49,230.2,300,5,32.4,3,2,3,22.0,5.5,0
C00183,Bilbao,movil_solo,19.95,43,61.8,100,8,559.8,6,1,5,13.5,6.0,0
C00184,Zaragoza,fibra_1000,49.95,21,600.2,1000,12,751.2,7,2,4,43.7,3.1,1
C00185,Sevilla,convergente,57.95,80,412.8,600,5,32.9,3,1,3,48.2,4.7,1
C00186,Sevilla,fibra_1000,49.95,74,498.7,1000,7,403.8,2,1,3,9.1,6.1,0
C00187,Bilbao,fibra_1000,51.95,25,627.1,1000,5,34.4,2,0,2,29.8,6.4,0
C00188,Sevilla,convergente,57.95,69,283.0,600,4,176.4,2,1,1,14.0,6.3,0
C00189,Zaragoza,fibra_300,27.95,49,233.4,300,7,39.6,5,2,3,37.3,4.5,0
C00190,Madrid,convergente,64.95,55,569.3,600,7,224.5,4,2,2,41.6,4.2,1
C00191,Sevilla,fibra_1000,51.95,34,761.5,1000,9,371.3,6,3,4,46.6,2.4,1
C00192,Madrid,fibra_600,39.95,45,504.5,600,8,499.7,5,1,3,34.8,4.9,1
C00193,Valencia,fibra_1000,49.95,77,857.0,1000,10,443.6,5,2,5,59.2,3.4,1
C00194,Bilbao,convergente,64.95,80,331.6,600,8,311.9,5,1,3,47.5,3.5,1
C00195,Bilbao,movil_solo,14.95,83,94.0,100,6,414.5,3,0,3,34.6,5.1,0
C00196,Valencia,convergente,57.95,62,375.2,600,7,152.8,3,1,1,17.8,6.4,0
C00197,Zaragoza,convergente,61.95,4,386.9,600,4,171.1,4,1,2,22.2,7.3,0
C00198,Barcelona,fibra_300,27.95,11,204.5,300,10,578.6,4,1,4,40.9,4.1,1
C00199,Barcelona,fibra_600,37.95,64,344.0,600,5,26.4,2,1,1,23.8,6.8,0
C00200,Barcelona,fibra_600,39.95,29,450.8,600,3,100.4,2,1,2,30.6,7.0,0
C00201,Madrid,fibra_1000,51.95,12,564.0,1000,4,267.1,3,1,2,12.4,7.0,0
C00202,Madrid,movil_solo,12.95,20,76.0,100,2,24.8,2,0,2,14.5,8.0,0
C00203,Bilbao,fibra_300,27.95,27,191.6,300,6,314.7,5,2,5,32.7,4.8,0
C00204,Madrid,fibra_600,37.95,76,345.1,600,5,117.8,2,1,2,32.7,5.7,0
C00205,Sevilla,fibra_300,34.95,36,223.8,300,3,16.3,3,1,1,11.1,7.5,0
C00206,Bilbao,fibra_300,29.95,83,213.5,300,7,165.7,4,1,4,49.0,4.8,0
C00207,Barcelona,movil_solo,16.95,84,79.7,100,7,430.1,3,1,3,8.4,6.0,0
C00208,Valencia,convergente,64.95,40,362.6,600,9,376.2,6,3,6,34.3,4.3,1
C00209,Valencia,fibra_300,27.95,59,187.3,300,6,367.0,4,1,3,22.3,5.5,0
C00210,Madrid,fibra_1000,51.95,54,908.8,1000,7,582.7,5,2,2,49.3,4.8,0
C00211,Sevilla,fibra_1000,49.95,2,766.9,1000,7,88.2,4,1,3,11.1,6.5,1
C00212,Madrid,convergente,61.95,27,547.4,600,11,796.3,6,3,7,51.0,2.6,1
C00213,Barcelona,fibra_600,37.95,50,360.7,600,2,110.1,3,0,4,21.1,6.7,0
C00214,Madrid,fibra_1000,51.95,16,607.7,1000,2,35.4,3,1,1,16.2,7.7,0
C00215,Bilbao,fibra_1000,49.95,44,546.4,1000,6,302.3,5,2,3,33.7,5.1,0
C00216,Valencia,movil_solo,12.95,26,74.8,100,7,462.6,5,2,3,34.0,5.4,0
C00217,Barcelona,convergente,59.95,57,352.3,600,6,396.0,2,1,2,29.1,6.1,0
C00218,Barcelona,fibra_1000,47.95,71,652.0,1000,8,518.5,6,2,5,14.8,5.3,0
C00219,Madrid,convergente,59.95,83,397.1,600,5,411.6,4,1,2,23.4,5.9,0
C00220,Sevilla,fibra_600,37.95,28,309.2,600,4,334.0,3,1,2,30.0,6.7,0
C00221,Barcelona,fibra_1000,54.95,53,942.6,1000,0,0.0,2,1,2,14.6,8.5,0
C00222,Bilbao,fibra_600,39.95,77,399.0,600,4,83.9,2,0,2,24.8,6.4,0
C00223,Valencia,fibra_600,37.95,56,336.7,600,8,512.2,4,2,2,46.5,4.1,1
C00224,Zaragoza,movil_solo,12.95,53,51.5,100,2,28.8,2,0,1,12.4,7.3,0
C00225,Madrid,movil_solo,19.95,46,85.6,100,6,36.4,4,1,2,26.5,6.4,0
C00226,Zaragoza,fibra_1000,47.95,79,764.7,1000,5,41.3,3,2,1,12.0,6.2,0
C00227,Zaragoza,convergente,57.95,7,332.4,600,0,0.0,2,1,2,8.9,8.6,0
C00228,Sevilla,fibra_1000,51.95,71,700.6,1000,4,341.5,2,0,2,17.3,6.8,0
C00229,Zaragoza,fibra_1000,49.95,26,502.6,1000,10,797.5,4,1,4,29.3,4.0,1
C00230,Valencia,movil_solo,14.95,51,87.3,100,11,973.6,5,2,3,45.6,3.4,1
C00231,Zaragoza,convergente,57.95,72,312.6,600,11,141.0,5,1,4,62.3,2.7,1
C00232,Zaragoza,fibra_1000,51.95,35,663.3,1000,1,54.9,2,1,2,11.2,7.4,0
C00233,Bilbao,fibra_1000,49.95,53,646.5,1000,10,791.0,5,1,4,34.7,4.2,1
C00234,Valencia,fibra_600,44.95,41,374.0,600,3,129.4,1,0,1,30.2,7.3,0
C00235,Barcelona,fibra_300,29.95,37,189.5,300,6,54.8,4,2,2,50.6,4.4,0
C00236,Madrid,movil_solo,14.95,55,90.6,100,2,165.2,2,0,2,17.3,7.9,0
C00237,Sevilla,fibra_600,39.95,32,434.2,600,8,151.6,3,1,2,18.7,6.2,1
C00238,Valencia,fibra_1000,47.95,73,610.0,1000,4,82.0,2,1,1,13.5,7.3,0
C00239,Zaragoza,movil_solo,14.95,59,57.9,100,10,280.1,6,3,4,21.6,4.7,1
C00240,Bilbao,fibra_300,29.95,32,215.6,300,5,361.5,3,1,2,28.4,6.6,0
C00241,Bilbao,fibra_600,39.95,51,382.7,600,4,77.8,3,1,2,4.5,6.6,0
C00242,Zaragoza,fibra_600,39.95,18,457.2,600,8,49.2,6,1,3,28.6,4.7,0
C00243,Sevilla,convergente,61.95,76,404.7,600,4,64.7,4,2,2,27.4,6.5,0
C00244,Sevilla,fibra_1000,49.95,42,566.1,1000,4,290.0,2,1,1,21.7,7.1,0
C00245,Sevilla,movil_solo,19.95,21,47.6,100,3,228.5,4,1,2,26.2,7.1,0
C00246,Bilbao,convergente,59.95,59,377.0,600,7,371.1,4,2,5,29.0,5.5,1
C00247,Zaragoza,fibra_600,41.95,53,345.9,600,9,315.8,5,3,3,35.6,3.6,1
C00248,Sevilla,movil_solo,14.95,72,47.6,100,8,495.5,5,2,3,35.7,5.2,1
C00249,Valencia,movil_solo,19.95,67,75.8,100,10,671.1,4,1,4,38.5,4.5,1
C00250,Bilbao,movil_solo,14.95,82,87.0,100,9,227.9,5,1,2,28.0,4.3,1
C00251,Bilbao,fibra_300,29.95,14,162.3,300,9,704.2,5,1,3,14.3,6.2,0
C00252,Bilbao,movil_solo,16.95,29,67.9,100,3,183.8,3,1,3,31.8,5.9,0
C00253,Barcelona,movil_solo,14.95,16,76.2,100,11,867.2,7,2,4,45.1,2.6,1
C00254,Sevilla,fibra_300,31.95,48,226.6,300,7,475.5,3,1,2,32.9,4.7,0
C00255,Bilbao,movil_solo,16.95,11,55.6,100,5,262.2,3,1,3,19.8,6.4,1
C00256,Zaragoza,fibra_1000,47.95,3,705.9,1000,8,212.8,3,1,3,37.7,4.9,1
C00257,Sevilla,movil_solo,14.95,47,48.5,100,6,350.2,3,1,3,12.1,6.9,0
C00258,Sevilla,fibra_1000,49.95,80,566.8,1000,8,606.9,4,1,3,28.0,5.0,0
C00259,Valencia,movil_solo,16.95,7,56.0,100,8,43.5,4,0,2,27.7,6.3,0
C00260,Sevilla,convergente,59.95,65,319.9,600,8,227.6,4,2,5,24.8,4.8,1
C00261,Zaragoza,fibra_300,31.95,52,203.7,300,8,117.5,5,1,5,17.9,5.4,0
C00262,Valencia,convergente,64.95,9,354.2,600,3,29.0,3,1,3,14.3,6.4,0
C00263,Barcelona,fibra_1000,49.95,42,865.5,1000,8,147.7,3,1,3,19.4,5.6,0
C00264,Valencia,fibra_300,29.95,18,153.1,300,4,98.4,4,0,2,42.4,5.6,0
C00265,Madrid,fibra_600,37.95,24,517.6,600,7,280.9,3,1,1,50.5,4.1,1
C00266,Barcelona,fibra_300,27.95,51,248.2,300,6,43.8,3,0,2,17.5,6.9,0
C00267,Sevilla,fibra_1000,47.95,81,696.2,1000,5,108.0,3,1,3,13.0,6.0,0
C00268,Sevilla,fibra_600,44.95,23,490.0,600,2,29.6,2,1,2,28.1,6.6,0
C00269,Bilbao,movil_solo,12.95,72,69.7,100,10,494.7,4,2,3,36.7,3.8,1
C00270,Sevilla,movil_solo,19.95,80,56.2,100,6,400.1,4,1,2,37.3,5.8,0
C00271,Barcelona,convergente,64.95,77,329.6,600,8,457.3,3,1,3,49.2,4.4,0
C00272,Barcelona,fibra_1000,54.95,82,902.2,1000,2,103.3,3,1,1,24.5,6.3,0
C00273,Bilbao,convergente,59.95,33,328.7,600,9,545.7,6,1,6,32.6,5.1,0
C00274,Sevilla,fibra_600,39.95,63,297.6,600,0,0.0,2,1,2,13.5,8.2,0
C00275,Zaragoza,fibra_1000,51.95,82,772.7,1000,5,363.9,4,1,2,12.8,7.5,0
C00276,Barcelona,movil_solo,16.95,35,69.9,100,7,585.9,3,0,2,46.7,5.0,1
C00277,Zaragoza,fibra_1000,47.95,59,504.8,1000,7,102.6,4,1,3,19.6,5.5,1
C00278,Valencia,fibra_600,41.95,33,488.3,600,8,517.4,3,0,1,43.6,5.4,0
C00279,Sevilla,fibra_600,39.95,65,418.3,600,4,117.2,2,0,1,18.0,7.1,0
C00280,Madrid,movil_solo,14.95,51,66.6,100,9,509.3,4,1,2,34.8,4.2,1
C00281,Zaragoza,fibra_600,39.95,53,372.5,600,4,351.4,3,0,3,34.8,5.8,0
C00282,Madrid,fibra_1000,51.95,26,566.3,1000,8,277.5,3,0,2,27.9,6.3,0
C00283,Zaragoza,fibra_600,37.95,80,458.6,600,5,76.9,3,0,3,32.7,6.6,0
C00284,Valencia,fibra_600,39.95,56,355.9,600,11,79.1,6,3,4,39.1,2.7,1
C00285,Barcelona,fibra_600,37.95,30,483.3,600,5,168.7,3,1,3,23.6,6.3,0
C00286,Barcelona,fibra_600,39.95,46,397.5,600,3,54.2,1,0,0,26.0,7.2,0
C00287,Barcelona,movil_solo,12.95,34,61.3,100,2,45.7,3,1,2,22.6,7.3,0
C00288,Valencia,fibra_600,39.95,12,436.9,600,6,242.6,3,1,4,6.9,6.9,0
C00289,Barcelona,movil_solo,19.95,29,87.1,100,3,50.0,3,1,3,28.8,6.2,0
C00290,Bilbao,convergente,59.95,39,563.3,600,10,724.1,5,1,2,18.9,5.5,0
C00291,Valencia,convergente,57.95,83,406.6,600,6,87.9,3,2,1,27.8,5.0,1
C00292,Barcelona,fibra_1000,51.95,52,747.2,1000,2,50.0,3,0,1,7.0,7.7,0
C00293,Barcelona,fibra_1000,49.95,2,786.8,1000,5,448.7,2,0,2,38.5,6.2,0
C00294,Sevilla,fibra_1000,54.95,76,734.3,1000,6,386.9,3,1,3,33.2,4.7,0
C00295,Valencia,fibra_1000,49.95,46,716.4,1000,5,35.1,4,1,3,24.3,5.7,1
C00296,Valencia,fibra_1000,51.95,28,541.0,1000,7,457.3,4,1,2,6.1,5.8,1
C00297,Sevilla,movil_solo,12.95,5,46.9,100,9,105.8,5,2,4,28.9,4.2,1
C00298,Sevilla,fibra_1000,54.95,44,653.9,1000,5,140.1,3,0,2,26.0,5.8,0
C00299,Barcelona,fibra_300,34.95,49,180.0,300,5,75.7,3,1,3,16.8,6.2,0
C00300,Valencia,fibra_600,44.95,38,535.4,600,9,160.0,4,1,2,25.8,4.4,0
C00301,Madrid,fibra_1000,51.95,49,829.8,1000,11,795.5,6,2,3,21.1,4.6,1
C00302,Barcelona,convergente,64.95,49,534.6,600,8,235.3,5,2,5,56.2,3.8,1
C00303,Valencia,movil_solo,12.95,48,49.8,100,2,16.8,2,1,3,8.8,7.0,0
C00304,Zaragoza,movil_solo,16.95,10,50.3,100,13,960.2,6,2,4,30.0,3.8,1
C00305,Valencia,fibra_1000,49.95,10,769.3,1000,9,93.8,4,1,2,17.0,5.8,1
C00306,Bilbao,movil_solo,19.95,32,57.4,100,3,148.1,3,1,4,30.9,5.8,0
C00307,Zaragoza,fibra_300,29.95,63,202.8,300,7,57.3,4,1,2,16.9,6.1,0
C00308,Madrid,movil_solo,14.95,62,76.2,100,4,41.7,3,1,3,5.0,7.0,0
C00309,Valencia,convergente,61.95,9,502.3,600,9,429.8,6,2,4,34.1,4.1,1
C00310,Madrid,convergente,59.95,25,561.4,600,2,58.5,3,0,3,26.2,7.4,0
C00311,Barcelona,movil_solo,19.95,83,89.8,100,8,697.8,3,1,4,26.2,5.6,0
C00312,Sevilla,fibra_1000,51.95,77,772.8,1000,14,641.8,8,4,9,15.7,3.4,1
C00313,Madrid,movil_solo,14.95,36,94.9,100,1,78.9,1,0,1,14.1,8.3,0
C00314,Bilbao,movil_solo,19.95,71,60.3,100,10,822.8,6,2,3,57.7,2.2,1
C00315,Madrid,fibra_1000,54.95,5,627.7,1000,8,641.5,4,1,4,16.8,5.5,0
C00316,Valencia,fibra_1000,51.95,44,743.1,1000,4,309.7,3,1,4,23.3,6.9,0
C00317,Madrid,fibra_600,44.95,81,468.5,600,8,79.0,3,1,3,51.7,4.6,1
C00318,Valencia,convergente,61.95,1,443.3,600,3,26.8,4,1,2,10.3,7.3,0
C00319,Barcelona,movil_solo,14.95,37,96.2,100,7,446.3,4,1,3,37.6,4.4,1
C00320,Zaragoza,fibra_1000,49.95,76,529.1,1000,0,0.0,0,0,0,6.8,7.9,0
C00321,Madrid,fibra_600,41.95,15,362.0,600,5,431.5,4,2,2,18.4,6.3,0
C00322,Valencia,fibra_600,44.95,36,365.2,600,9,167.2,3,1,3,38.9,5.0,0
C00323,Madrid,convergente,59.95,74,353.3,600,8,534.2,4,0,3,21.4,6.3,0
C00324,Barcelona,movil_solo,12.95,84,73.1,100,7,47.4,5,2,5,18.5,5.1,1
C00325,Sevilla,convergente,57.95,45,282.4,600,4,135.0,4,1,2,25.9,6.2,0
C00326,Valencia,fibra_1000,47.95,25,664.9,1000,10,653.2,6,1,4,48.0,3.6,1
C00327,Zaragoza,fibra_600,41.95,61,326.9,600,0,0.0,0,0,0,4.4,9.5,0
C00328,Valencia,movil_solo,12.95,73,84.1,100,4,134.8,3,1,2,29.0,5.8,0
C00329,Madrid,convergente,59.95,5,589.3,600,6,175.1,2,0,2,16.7,6.8,0
C00330,Valencia,fibra_600,44.95,83,462.6,600,6,426.9,4,1,5,21.7,5.5,1
C00331,Barcelona,fibra_600,39.95,29,528.5,600,5,38.8,4,1,2,29.1,5.3,0
C00332,Sevilla,fibra_300,29.95,27,141.2,300,2,46.7,2,1,2,27.9,6.7,0
C00333,Valencia,convergente,59.95,65,494.4,600,6,266.6,2,0,1,26.9,5.9,0
C00334,Sevilla,fibra_600,37.95,16,407.7,600,5,83.2,3,1,3,24.4,6.5,0
C00335,Sevilla,fibra_600,44.95,38,503.3,600,10,786.7,6,2,4,31.4,3.5,1
C00336,Valencia,convergente,59.95,72,466.4,600,4,152.9,3,1,3,19.4,6.1,0
C00337,Barcelona,fibra_1000,49.95,35,658.8,1000,3,18.9,1,0,1,17.1,7.6,0
C00338,Sevilla,movil_solo,14.95,8,63.5,100,9,609.7,5,1,4,17.4,4.7,1
C00339,Valencia,fibra_300,29.95,69,157.1,300,9,456.5,4,1,4,36.2,4.5,1
C00340,Bilbao,movil_solo,12.95,50,71.7,100,9,612.2,6,2,5,42.7,3.6,1
C00341,Valencia,fibra_600,41.95,62,443.6,600,8,232.0,5,1,5,48.4,4.0,1
C00342,Barcelona,fibra_300,29.95,57,238.6,300,4,329.0,2,1,1,17.9,7.0,0
C00343,Sevilla,convergente,57.95,42,444.7,600,6,179.1,3,1,3,14.1,6.9,0
C00344,Madrid,movil_solo,16.95,58,55.7,100,8,222.5,3,1,2,19.2,6.3,0
C00345,Barcelona,fibra_600,39.95,57,483.1,600,9,294.4,5,2,6,21.2,4.2,1
C00346,Bilbao,fibra_1000,47.95,66,747.1,1000,6,400.9,3,1,3,33.0,6.0,0
C00347,Zaragoza,fibra_300,34.95,76,192.5,300,5,136.4,2,0,1,11.6,7.0,0
C00348,Zaragoza,fibra_1000,49.95,52,747.2,1000,6,431.8,2,1,2,25.6,5.8,0
C00349,Madrid,fibra_1000,49.95,41,948.8,1000,4,66.5,3,1,2,18.6,6.9,0
C00350,Bilbao,fibra_300,34.95,37,213.5,300,1,69.3,0,0,0,8.2,8.2,0
C00351,Valencia,fibra_300,29.95,75,213.3,300,8,274.7,5,3,4,9.0,5.5,1
C00352,Sevilla,fibra_1000,49.95,58,641.7,1000,5,200.6,4,1,2,36.0,6.1,0
C00353,Madrid,fibra_600,41.95,26,505.6,600,6,131.9,3,1,2,14.1,6.5,0
C00354,Barcelona,fibra_600,41.95,1,342.8,600,2,61.7,0,0,0,7.5,7.7,0
C00355,Barcelona,convergente,64.95,62,361.7,600,8,335.2,6,1,5,38.8,5.2,0
C00356,Sevilla,fibra_600,39.95,52,310.9,600,11,298.9,6,1,6,32.0,4.4,1
C00357,Madrid,movil_solo,14.95,81,61.7,100,3,76.6,3,1,2,35.8,6.7,0
C00358,Valencia,fibra_300,34.95,6,260.7,300,9,572.6,3,0,3,32.3,4.5,1
C00359,Madrid,fibra_600,44.95,58,583.6,600,5,236.2,3,1,2,22.0,7.0,0
C00360,Valencia,fibra_600,44.95,13,460.4,600,0,0.0,2,0,2,17.1,8.0,0
C00361,Madrid,movil_solo,14.95,65,88.5,100,6,227.6,3,1,2,36.9,5.3,1
C00362,Sevilla,fibra_1000,49.95,15,800.7,1000,7,543.5,4,2,3,25.6,4.5,1
C00363,Zaragoza,fibra_1000,47.95,64,627.4,1000,8,418.5,4,2,3,30.2,5.2,1
C00364,Sevilla,fibra_1000,47.95,8,847.8,1000,8,359.7,4,1,3,22.0,5.2,1
C00365,Zaragoza,fibra_600,41.95,74,363.8,600,6,165.8,2,0,2,48.6,5.5,0
C00366,Bilbao,convergente,61.95,46,326.0,600,7,210.7,3,0,2,31.5,5.1,0
C00367,Valencia,fibra_1000,49.95,1,608.2,1000,2,124.5,3,0,2,14.0,7.2,0
C00368,Valencia,fibra_1000,54.95,63,774.9,1000,5,228.4,2,1,1,22.4,6.7,0
C00369,Barcelona,convergente,59.95,66,361.0,600,7,466.7,3,1,3,39.6,4.4,0
C00370,Barcelona,fibra_300,34.95,75,267.4,300,10,783.3,6,3,3,36.9,2.9,1
C00371,Bilbao,fibra_1000,51.95,75,582.7,1000,10,743.7,5,2,3,28.5,4.1,1
C00372,Sevilla,fibra_1000,49.95,9,601.0,1000,3,57.3,3,1,4,40.1,6.2,0
C00373,Sevilla,fibra_600,41.95,39,345.3,600,12,859.2,5,1,4,38.9,3.1,1
C00374,Madrid,fibra_300,34.95,54,280.6,300,6,36.1,3,1,3,22.3,5.5,0
C00375,Madrid,fibra_300,29.95,5,197.4,300,0,0.0,0,0,0,26.6,7.0,0
C00376,Sevilla,convergente,59.95,74,346.6,600,8,380.1,5,1,5,26.2,5.2,0
C00377,Bilbao,fibra_1000,47.95,44,751.4,1000,6,254.7,2,0,1,41.6,4.9,0
C00378,Madrid,movil_solo,16.95,32,89.0,100,4,254.5,3,2,3,20.9,6.0,0
C00379,Barcelona,fibra_600,37.95,55,432.4,600,10,724.6,6,2,5,12.3,5.3,1
C00380,Valencia,fibra_1000,54.95,42,856.5,1000,5,177.2,3,1,3,19.9,7.0,0
C00381,Barcelona,fibra_1000,51.95,55,816.3,1000,5,365.4,3,1,2,46.7,4.3,0
C00382,Valencia,fibra_300,29.95,44,208.1,300,10,567.2,4,1,4,62.8,3.6,1
C00383,Valencia,fibra_300,29.95,26,249.0,300,2,57.0,3,1,3,18.5,7.3,0
C00384,Sevilla,fibra_600,39.95,62,379.4,600,11,932.3,6,1,7,15.7,5.6,0
C00385,Madrid,fibra_600,39.95,45,352.7,600,7,531.3,3,1,2,22.8,5.7,0
C00386,Sevilla,fibra_1000,49.95,84,844.9,1000,2,57.2,0,0,0,21.7,6.8,0
C00387,Barcelona,fibra_600,44.95,44,508.7,600,8,427.1,5,1,6,60.1,3.1,1
C00388,Valencia,fibra_600,39.95,77,535.2,600,5,168.2,4,2,5,30.7,6.2,0
C00389,Bilbao,movil_solo,14.95,1,64.6,100,11,644.1,6,3,6,37.4,2.5,1
C00390,Bilbao,fibra_300,34.95,61,171.0,300,4,261.3,3,1,3,19.9,7.0,0
C00391,Sevilla,fibra_1000,51.95,46,812.8,1000,5,378.0,2,1,1,13.7,7.0,0
C00392,Sevilla,convergente,57.95,64,326.3,600,11,746.8,5,1,6,45.2,3.0,1
C00393,Zaragoza,movil_solo,16.95,2,56.3,100,6,209.6,2,1,3,39.7,4.5,1
C00394,Bilbao,movil_solo,16.95,13,64.0,100,13,476.8,7,2,6,22.9,4.4,1
C00395,Zaragoza,fibra_1000,47.95,33,645.1,1000,4,65.6,3,1,4,18.2,7.2,0
C00396,Sevilla,fibra_1000,51.95,81,722.4,1000,8,641.6,5,2,4,37.2,3.6,1
C00397,Bilbao,fibra_600,39.95,51,357.0,600,6,399.8,3,2,2,47.9,5.0,1
C00398,Zaragoza,fibra_1000,47.95,46,500.4,1000,3,191.9,2,1,2,26.9,5.9,0
C00399,Barcelona,fibra_600,44.95,23,397.8,600,6,143.4,2,1,1,18.5,5.4,0
C00400,Valencia,fibra_300,29.95,48,243.6,300,11,657.5,5,2,2,35.8,3.4,1
C00401,Barcelona,fibra_1000,51.95,65,865.2,1000,3,50.4,2,1,3,33.5,6.7,0
C00402,Sevilla,fibra_1000,49.95,68,802.0,1000,8,719.4,6,2,3,18.5,5.7,1
C00403,Bilbao,fibra_1000,51.95,7,935.2,1000,1,17.3,2,0,1,7.0,8.5,0
C00404,Barcelona,fibra_1000,54.95,67,781.3,1000,11,638.8,6,2,6,62.3,2.6,1
C00405,Valencia,fibra_1000,47.95,55,651.0,1000,10,766.9,6,3,7,48.2,2.2,1
C00406,Zaragoza,convergente,59.95,14,324.5,600,9,562.8,4,2,2,28.3,4.8,1
C00407,Sevilla,movil_solo,12.95,51,81.2,100,3,110.2,1,0,1,14.9,7.7,0
C00408,Zaragoza,movil_solo,14.95,21,74.1,100,8,688.6,4,1,5,35.6,4.6,1
C00409,Sevilla,movil_solo,12.95,53,65.2,100,6,315.0,3,0,4,26.2,6.7,0
C00410,Zaragoza,movil_solo,14.95,62,65.1,100,5,190.3,3,1,3,29.2,6.0,0
C00411,Bilbao,fibra_600,41.95,15,394.0,600,5,312.0,4,1,3,22.5,5.9,0
C00412,Madrid,convergente,61.95,81,549.5,600,11,914.4,5,2,3,65.4,2.2,1
C00413,Sevilla,fibra_1000,47.95,29,510.8,1000,4,172.3,4,1,2,21.1,6.1,0
C00414,Madrid,convergente,61.95,30,396.0,600,5,345.7,2,0,2,31.6,6.0,0
C00415,Barcelona,convergente,59.95,5,471.5,600,5,78.4,3,1,1,23.3,5.4,0
C00416,Madrid,fibra_1000,54.95,28,561.9,1000,6,466.4,5,2,5,15.0,6.2,0
C00417,Zaragoza,movil_solo,14.95,40,69.9,100,10,269.4,6,1,4,22.7,4.9,1
C00418,Bilbao,convergente,59.95,42,502.9,600,14,1046.8,5,3,6,45.4,1.7,1
C00419,Madrid,fibra_600,44.95,12,375.0,600,2,59.1,3,1,1,30.5,5.8,0
C00420,Madrid,fibra_1000,49.95,62,633.0,1000,2,86.4,3,1,2,19.7,7.4,0
C00421,Madrid,convergente,64.95,47,374.3,600,10,684.7,6,1,4,49.3,3.8,1
C00422,Madrid,fibra_1000,49.95,78,720.3,1000,6,39.6,4,1,4,11.8,6.4,0
C00423,Sevilla,fibra_600,44.95,31,302.1,600,5,67.2,4,1,3,20.7,7.0,0
C00424,Bilbao,fibra_600,39.95,6,324.1,600,8,392.6,5,2,3,21.6,4.9,1
C00425,Madrid,fibra_1000,49.95,36,982.0,1000,4,185.0,1,0,1,39.6,6.2,0
C00426,Bilbao,fibra_600,37.95,62,559.1,600,2,44.8,1,0,1,18.6,8.2,0
C00427,Bilbao,fibra_1000,54.95,69,620.5,1000,8,98.4,3,1,2,43.5,4.9,0
C00428,Barcelona,fibra_1000,54.95,52,727.3,1000,7,521.2,4,1,3,20.0,5.6,0
C00429,Madrid,fibra_600,39.95,69,590.9,600,5,423.3,3,1,2,7.6,7.2,0
C00430,Barcelona,fibra_600,44.95,39,519.3,600,4,172.6,4,2,4,43.7,4.6,1
C00431,Bilbao,fibra_1000,47.95,15,920.1,1000,0,0.0,2,0,3,19.5,8.7,0
C00432,Zaragoza,fibra_1000,47.95,77,572.5,1000,9,349.5,5,2,6,38.3,3.9,1
C00433,Zaragoza,fibra_300,34.95,73,186.3,300,10,762.1,4,1,4,13.2,4.7,1
C00434,Sevilla,convergente,59.95,79,415.2,600,7,287.2,4,1,3,32.5,5.7,0
C00435,Bilbao,movil_solo,12.95,84,77.8,100,5,335.7,2,0,1,22.8,6.4,0
C00436,Madrid,fibra_600,41.95,45,575.8,600,6,74.1,4,1,4,40.1,5.0,0
C00437,Madrid,fibra_1000,51.95,61,623.3,1000,6,509.3,5,2,3,22.9,6.0,0
C00438,Madrid,fibra_300,29.95,23,227.9,300,8,263.9,4,2,3,40.1,4.7,1
C00439,Sevilla,fibra_1000,51.95,5,799.1,1000,7,601.2,3,0,1,41.6,5.5,0
C00440,Zaragoza,fibra_600,41.95,50,325.5,600,9,574.7,5,3,4,20.7,5.1,1
C00441,Barcelona,fibra_1000,51.95,49,830.1,1000,4,267.9,3,1,2,39.5,6.2,0
C00442,Sevilla,fibra_1000,49.95,23,531.1,1000,7,617.0,3,1,2,17.0,6.2,0
C00443,Barcelona,movil_solo,14.95,70,91.4,100,1,55.1,0,0,0,28.8,7.2,0
C00444,Madrid,fibra_1000,51.95,12,886.3,1000,7,254.0,4,1,4,18.0,5.3,0
C00445,Sevilla,fibra_300,29.95,73,182.7,300,6,161.3,4,1,2,28.2,5.0,1
C00446,Bilbao,movil_solo,19.95,26,77.0,100,5,281.5,3,1,3,19.1,6.8,0
C00447,Sevilla,movil_solo,19.95,83,73.0,100,6,522.3,4,1,3,28.0,6.0,0
C00448,Zaragoza,fibra_600,39.95,1,470.0,600,6,333.5,4,1,4,23.5,5.3,1
C00449,Madrid,movil_solo,19.95,11,91.0,100,9,306.5,6,2,6,44.2,3.1,1
C00450,Bilbao,fibra_600,39.95,75,504.3,600,2,136.5,3,0,3,33.8,6.8,0
C00451,Madrid,fibra_300,34.95,12,228.1,300,4,357.1,2,0,2,26.0,6.7,0
C00452,Valencia,movil_solo,14.95,49,68.0,100,8,294.6,6,1,6,40.6,4.6,1
C00453,Zaragoza,movil_solo,19.95,81,54.3,100,6,255.3,2,0,2,28.5,6.6,0
C00454,Sevilla,movil_solo,16.95,23,49.2,100,6,196.6,5,2,5,8.1,5.9,0
C00455,Valencia,fibra_1000,49.95,25,894.0,1000,9,553.9,6,3,3,60.9,1.8,1
C00456,Sevilla,convergente,64.95,71,474.5,600,8,262.6,4,1,4,18.8,5.9,0
C00457,Bilbao,fibra_300,27.95,57,244.4,300,6,255.3,2,0,2,29.6,5.7,0
C00458,Bilbao,fibra_300,29.95,42,160.6,300,12,967.8,5,2,6,29.3,3.8,1
C00459,Valencia,convergente,59.95,46,363.6,600,6,190.2,4,1,4,31.5,5.2,0
C00460,Bilbao,fibra_300,29.95,65,261.2,300,11,296.4,6,3,4,24.6,3.4,1
C00461,Zaragoza,fibra_1000,49.95,29,749.9,1000,3,262.6,1,0,1,25.7,7.0,0
C00462,Zaragoza,fibra_300,31.95,49,183.9,300,1,70.0,2,1,2,20.5,7.1,0
C00463,Valencia,movil_solo,14.95,74,73.4,100,7,270.1,4,1,3,22.8,6.1,0
C00464,Zaragoza,movil_solo,19.95,72,61.0,100,3,242.6,1,0,1,11.3,7.8,0
C00465,Zaragoza,convergente,59.95,51,454.4,600,9,146.3,5,1,5,30.5,5.0,1
C00466,Sevilla,convergente,59.95,58,329.7,600,10,80.5,4,1,3,34.8,3.7,1
C00467,Zaragoza,fibra_300,31.95,74,238.0,300,7,393.1,5,1,3,40.0,4.2,1
C00468,Barcelona,fibra_300,34.95,14,177.8,300,5,242.7,3,2,4,25.9,5.1,1
C00469,Madrid,convergente,59.95,64,408.8,600,5,354.1,2,0,1,31.1,6.7,0
C00470,Barcelona,movil_solo,14.95,31,96.5,100,5,248.6,4,2,3,19.8,6.2,0
C00471,Madrid,fibra_300,27.95,31,202.3,300,0,0.0,0,0,0,2.4,9.4,0
C00472,Zaragoza,fibra_300,29.95,39,205.8,300,8,660.1,3,1,3,33.4,5.5,0
C00473,Bilbao,fibra_300,29.95,26,184.3,300,0,0.0,2,0,1,14.9,7.7,0
C00474,Bilbao,fibra_600,39.95,18,342.9,600,9,290.3,5,2,3,62.0,2.4,1
C00475,Bilbao,fibra_300,27.95,36,160.2,300,10,840.0,4,2,2,16.5,5.3,1
C00476,Barcelona,fibra_300,27.95,9,200.5,300,9,372.5,4,2,3,26.1,4.7,1
C00477,Sevilla,convergente,59.95,1,453.3,600,14,650.5,6,3,3,42.2,2.6,1
C00478,Sevilla,movil_solo,16.95,31,50.8,100,9,185.2,4,2,3,24.5,5.2,1
C00479,Madrid,fibra_300,29.95,83,187.5,300,6,240.0,2,0,2,16.0,6.8,0
C00480,Madrid,fibra_300,29.95,22,271.4,300,3,33.8,1,0,1,25.5,6.5,0
C00481,Zaragoza,fibra_1000,49.95,49,635.7,1000,7,68.4,5,1,2,45.6,4.4,1
C00482,Valencia,fibra_600,39.95,22,401.9,600,11,443.1,4,1,3,49.2,2.7,1
C00483,Madrid,fibra_1000,49.95,78,767.8,1000,9,271.4,4,1,2,31.4,4.5,1
C00484,Barcelona,convergente,57.95,36,586.0,600,7,595.6,4,1,5,30.4,6.0,0
C00485,Madrid,fibra_300,29.95,51,166.4,300,2,19.2,1,0,0,28.5,6.6,0
C00486,Madrid,movil_solo,16.95,34,61.8,100,10,685.1,4,2,4,56.3,2.3,1
C00487,Valencia,fibra_300,29.95,60,205.0,300,10,389.2,5,1,3,49.3,3.6,1
C00488,Zaragoza,movil_solo,14.95,46,62.5,100,5,275.2,3,1,2,30.1,6.6,0
C00489,Zaragoza,movil_solo,12.95,1,49.2,100,6,416.7,5,1,4,24.3,5.9,1
C00490,Bilbao,fibra_300,27.95,77,240.4,300,3,197.3,2,1,2,14.2,7.8,0
C00491,Valencia,fibra_1000,49.95,3,704.7,1000,8,660.0,3,0,3,26.5,5.6,0
C00492,Valencia,fibra_600,39.95,84,415.1,600,6,462.0,3,1,3,21.6,6.4,0
C00493,Valencia,fibra_1000,51.95,51,746.0,1000,11,166.0,6,2,7,18.1,4.3,1
C00494,Zaragoza,movil_solo,14.95,70,76.6,100,8,536.6,4,1,5,21.8,5.4,1
C00495,Bilbao,fibra_300,29.95,12,208.7,300,6,522.9,3,1,2,43.5,5.2,0
C00496,Bilbao,convergente,59.95,44,313.5,600,6,385.4,2,0,2,25.6,5.6,0
C00497,Zaragoza,fibra_600,41.95,68,415.2,600,9,786.2,4,2,5,26.7,4.7,1
C00498,Madrid,movil_solo,12.95,26,63.3,100,0,0.0,1,0,1,27.9,8.1,0
C00499,Sevilla,movil_solo,14.95,11,63.6,100,7,441.0,5,1,5,16.3,6.8,0
C00500,Barcelona,fibra_300,27.95,53,252.0,300,2,64.8,0,0,0,30.2,7.2,0
C00501,Valencia,convergente,57.95,42,368.7,600,10,136.6,5,2,5,30.2,3.9,1
C00502,Zaragoza,fibra_600,39.95,5,266.1,600,9,235.4,4,2,5,19.5,4.5,1
C00503,Bilbao,convergente,59.95,52,497.1,600,3,100.8,1,1,1,27.4,7.2,0
C00504,Zaragoza,movil_solo,14.95,70,57.0,100,2,163.4,2,1,2,14.2,6.8,0
C00505,Madrid,movil_solo,14.95,43,57.7,100,6,173.6,4,2,4,31.2,5.2,0
C00506,Valencia,fibra_300,29.95,6,180.1,300,9,197.6,5,2,3,21.3,5.0,1
C00507,Barcelona,fibra_600,41.95,17,383.0,600,6,46.7,3,1,2,18.0,6.2,0
C00508,Sevilla,fibra_600,37.95,36,292.1,600,7,216.1,4,1,2,8.4,6.0,0
C00509,Madrid,fibra_300,31.95,66,259.6,300,7,317.8,5,1,4,35.5,5.4,0
C00510,Sevilla,movil_solo,14.95,25,59.2,100,12,158.0,6,1,3,35.0,4.5,1
C00511,Barcelona,movil_solo,12.95,21,79.6,100,2,163.2,0,0,0,28.2,7.4,0
C00512,Bilbao,fibra_1000,51.95,12,748.0,1000,12,1052.0,6,2,4,53.4,3.1,1
C00513,Madrid,fibra_1000,47.95,65,898.4,1000,8,302.5,4,1,4,16.3,6.4,0
C00514,Zaragoza,fibra_1000,49.95,70,529.5,1000,6,52.5,2,1,2,49.7,4.5,1
C00515,Barcelona,convergente,61.95,40,472.8,600,3,169.5,3,1,3,13.0,7.3,0
C00516,Barcelona,movil_solo,19.95,83,76.4,100,6,130.4,4,1,2,4.8,6.4,0
C00517,Zaragoza,fibra_600,37.95,3,465.0,600,8,321.5,5,3,3,51.8,3.1,1
C00518,Sevilla,movil_solo,19.95,12,60.8,100,3,141.0,2,0,2,26.4,6.7,0
C00519,Madrid,fibra_1000,49.95,63,731.7,1000,12,71.2,5,2,4,63.1,2.2,1
C00520,Sevilla,movil_solo,14.95,82,55.1,100,7,456.5,3,1,2,31.5,4.6,0
C00521,Zaragoza,fibra_600,39.95,30,369.0,600,4,157.9,3,2,2,41.8,5.5,1
C00522,Zaragoza,fibra_1000,49.95,6,650.9,1000,9,386.6,5,1,4,28.1,4.5,1
C00523,Bilbao,fibra_1000,54.95,83,724.0,1000,8,276.7,5,2,5,33.8,3.9,1
C00524,Barcelona,fibra_300,31.95,46,171.5,300,7,335.7,4,1,4,28.9,5.9,0
C00525,Valencia,fibra_600,39.95,31,404.7,600,10,708.9,4,2,3,21.4,3.9,1
C00526,Valencia,fibra_300,31.95,76,165.3,300,5,207.5,3,1,3,15.8,7.3,0
C00527,Madrid,fibra_600,39.95,22,394.3,600,7,375.6,4,1,4,31.6,5.0,1
C00528,Sevilla,fibra_300,27.95,3,142.6,300,8,527.1,4,1,3,17.6,5.3,1
C00529,Sevilla,fibra_1000,49.95,83,806.2,1000,6,299.3,4,1,4,30.4,5.0,0
C00530,Valencia,convergente,61.95,2,431.9,600,4,357.5,4,1,3,29.7,6.3,0
C00531,Barcelona,fibra_1000,54.95,15,899.3,1000,5,340.7,3,1,2,18.4,5.7,0
C00532,Barcelona,convergente,57.95,84,482.1,600,9,164.2,3,1,3,24.2,5.1,1
C00533,Sevilla,convergente,61.95,38,408.4,600,11,217.1,4,1,5,23.7,5.0,0
C00534,Sevilla,movil_solo,19.95,42,79.7,100,6,175.7,4,1,3,21.3,6.5,0
C00535,Madrid,convergente,57.95,13,413.3,600,4,123.7,2,0,1,12.3,7.2,0
C00536,Madrid,movil_solo,12.95,38,86.9,100,5,282.0,4,1,5,16.4,7.1,0
C00537,Barcelona,convergente,64.95,70,478.7,600,8,638.8,4,2,5,31.2,4.5,1
C00538,Valencia,fibra_1000,47.95,26,682.2,1000,4,141.8,1,1,1,19.8,6.1,0
C00539,Valencia,movil_solo,16.95,9,63.9,100,9,282.9,5,1,4,27.9,5.0,1
C00540,Zaragoza,convergente,57.95,80,335.4,600,0,0.0,0,0,0,2.5,9.5,0
C00541,Sevilla,movil_solo,16.95,46,79.0,100,7,58.5,4,2,3,37.7,4.5,0
C00542,Zaragoza,fibra_1000,49.95,20,590.9,1000,1,42.0,2,0,2,9.0,7.9,0
C00543,Valencia,fibra_1000,49.95,62,656.6,1000,6,508.2,3,1,1,36.5,5.1,0
C00544,Zaragoza,fibra_600,39.95,54,473.7,600,7,347.0,3,1,2,22.2,5.1,0
C00545,Bilbao,fibra_300,27.95,57,210.2,300,9,216.3,4,2,4,30.0,4.7,1
C00546,Bilbao,fibra_300,29.95,10,200.5,300,4,204.3,3,1,2,36.5,5.8,1
C00547,Bilbao,fibra_1000,54.95,83,863.4,1000,8,495.0,6,3,3,27.1,4.2,1
C00548,Barcelona,fibra_300,31.95,37,273.5,300,3,112.9,2,0,1,28.4,7.3,0
C00549,Bilbao,fibra_600,37.95,6,532.3,600,6,336.7,3,1,3,27.6,6.2,0
C00550,Sevilla,fibra_600,39.95,38,353.1,600,1,21.1,3,1,3,20.4,7.2,0
C00551,Bilbao,fibra_300,29.95,58,276.5,300,9,579.4,5,1,5,53.3,4.2,1
C00552,Madrid,movil_solo,14.95,74,94.5,100,2,57.6,1,0,1,8.4,8.2,0
C00553,Valencia,convergente,57.95,22,464.1,600,8,293.1,3,1,3,37.1,4.3,1
C00554,Barcelona,movil_solo,14.95,27,54.0,100,7,140.6,5,1,2,20.0,6.6,0
C00555,Madrid,fibra_1000,47.95,47,692.6,1000,6,326.6,4,1,3,29.5,5.8,0
C00556,Barcelona,movil_solo,14.95,76,82.1,100,4,212.6,3,1,2,31.0,5.9,0
C00557,Valencia,fibra_1000,49.95,16,894.6,1000,4,100.4,2,1,2,21.8,6.2,0
C00558,Zaragoza,movil_solo,16.95,70,64.4,100,10,203.1,4,2,5,39.7,4.0,1
C00559,Valencia,fibra_1000,49.95,44,783.8,1000,9,711.7,4,1,3,29.2,5.1,1
C00560,Sevilla,movil_solo,16.95,57,76.4,100,9,79.3,4,1,4,54.1,3.0,1
C00561,Madrid,fibra_600,44.95,77,340.6,600,1,57.7,2,0,1,22.2,7.7,0
C00562,Sevilla,convergente,61.95,76,437.8,600,6,432.8,3,1,2,11.4,6.6,0
C00563,Barcelona,convergente,59.95,77,536.8,600,7,486.4,4,1,2,27.5,6.0,0
C00564,Bilbao,convergente,59.95,81,391.4,600,12,1047.1,5,2,3,52.6,2.3,1
C00565,Madrid,movil_solo,16.95,59,81.3,100,5,234.6,3,1,3,19.3,5.9,0
C00566,Madrid,convergente,57.95,81,484.9,600,1,44.8,1,0,1,5.9,8.9,0
C00567,Madrid,fibra_1000,47.95,67,858.0,1000,9,190.2,4,1,4,56.6,4.3,1
C00568,Zaragoza,convergente,64.95,33,318.0,600,4,216.0,1,0,1,26.8,7.0,0
C00569,Barcelona,movil_solo,14.95,80,63.0,100,5,430.9,3,1,2,28.7,5.3,0
C00570,Sevilla,fibra_300,29.95,62,147.4,300,8,650.7,3,1,2,33.0,4.6,0
C00571,Madrid,fibra_600,37.95,70,397.9,600,2,79.6,1,0,0,14.4,7.7,0
C00572,Zaragoza,convergente,57.95,8,342.3,600,2,175.5,2,1,3,21.6,7.7,0
C00573,Valencia,convergente,59.95,58,539.6,600,8,96.6,5,1,4,40.0,4.8,1
C00574,Bilbao,fibra_300,31.95,54,231.4,300,5,98.3,3,2,4,30.0,5.0,0
C00575,Valencia,convergente,64.95,53,399.5,600,4,167.1,2,0,2,17.6,6.6,0
C00576,Valencia,movil_solo,14.95,16,87.0,100,5,92.9,2,1,1,26.9,6.0,0
C00577,Barcelona,fibra_1000,47.95,60,860.4,1000,7,251.0,4,2,4,9.6,5.4,0
C00578,Zaragoza,fibra_600,41.95,59,361.6,600,2,88.9,1,0,1,8.0,7.8,0
C00579,Bilbao,convergente,57.95,69,561.4,600,12,93.0,6,2,5,35.9,3.0,1
C00580,Bilbao,fibra_300,31.95,76,256.3,300,4,268.1,1,0,1,30.6,7.2,0
C00581,Zaragoza,movil_solo,12.95,61,78.0,100,5,239.0,2,0,1,22.0,6.5,0
C00582,Valencia,convergente,57.95,32,476.9,600,2,117.2,1,0,1,5.4,7.9,0
C00583,Sevilla,fibra_300,29.95,64,173.4,300,7,517.3,4,1,4,25.6,5.9,0
C00584,Sevilla,movil_solo,14.95,38,78.4,100,5,243.5,3,1,2,22.9,5.5,0
C00585,Barcelona,fibra_1000,49.95,53,814.7,1000,3,114.2,1,0,1,12.9,7.7,0
C00586,Sevilla,convergente,59.95,43,361.9,600,12,929.5,7,2,7,14.5,4.6,1
C00587,Barcelona,movil_solo,19.95,60,71.3,100,4,194.2,3,1,2,30.7,5.5,0
C00588,Bilbao,fibra_600,39.95,16,444.9,600,7,160.5,4,1,2,32.9,4.9,0
C00589,Valencia,fibra_600,39.95,3,402.0,600,10,634.1,4,2,3,51.2,3.7,1
C00590,Barcelona,convergente,59.95,42,400.8,600,6,472.7,4,2,3,34.7,5.8,0
C00591,Madrid,convergente,57.95,16,351.4,600,5,105.4,4,1,5,14.7,6.4,0
C00592,Madrid,fibra_600,41.95,36,479.0,600,5,203.4,3,2,3,25.7,5.7,0
C00593,Valencia,fibra_300,29.95,64,238.6,300,4,84.8,4,2,4,7.8,7.6,0
C00594,Zaragoza,fibra_600,37.95,5,264.5,600,9,736.5,6,2,7,44.1,3.9,1
C00595,Valencia,fibra_1000,49.95,2,603.7,1000,5,284.8,3,1,3,25.5,6.2,0
C00596,Zaragoza,fibra_600,37.95,66,416.7,600,4,326.2,3,0,4,40.6,5.5,0
C00597,Madrid,fibra_600,44.95,36,513.8,600,4,135.8,4,1,4,24.3,6.1,0
C00598,Bilbao,fibra_600,37.95,35,427.9,600,6,382.9,5,1,5,30.8,5.9,0
C00599,Valencia,fibra_1000,54.95,61,635.0,1000,7,466.0,5,1,4,25.3,5.3,0
C00600,Madrid,fibra_1000,51.95,55,874.9,1000,3,226.7,1,0,1,30.3,6.2,0
C00601,Valencia,fibra_1000,47.95,12,844.7,1000,2,157.4,2,0,1,3.8,8.0,0
C00602,Barcelona,fibra_1000,49.95,1,873.8,1000,11,682.7,4,1,3,67.2,2.7,1
C00603,Bilbao,fibra_1000,47.95,57,898.6,1000,7,441.4,5,1,4,39.6,4.1,1
C00604,Zaragoza,movil_solo,14.95,5,68.2,100,2,20.0,3,1,3,15.2,7.9,0
C00605,Barcelona,movil_solo,19.95,16,72.5,100,7,523.7,5,2,4,43.4,4.2,1
C00606,Barcelona,fibra_600,39.95,1,537.7,600,10,76.3,6,1,6,66.9,3.4,1
C00607,Zaragoza,fibra_600,44.95,14,291.7,600,8,525.0,4,1,4,42.9,4.4,1
C00608,Valencia,movil_solo,14.95,8,66.9,100,3,43.5,2,1,2,23.9,7.4,0
C00609,Barcelona,convergente,61.95,65,356.0,600,6,382.3,3,1,2,34.4,4.6,0
C00610,Zaragoza,fibra_300,29.95,39,141.6,300,12,235.7,5,1,4,33.9,3.3,1
C00611,Zaragoza,fibra_1000,49.95,59,608.1,1000,9,562.9,6,2,4,60.2,3.0,1
C00612,Sevilla,fibra_300,31.95,29,207.3,300,6,502.1,2,0,2,20.0,6.8,0
C00613,Madrid,fibra_600,41.95,63,555.2,600,7,566.0,3,0,2,23.8,6.4,0
C00614,Bilbao,fibra_1000,51.95,78,648.0,1000,6,143.3,2,1,2,30.1,6.3,0
C00615,Valencia,fibra_1000,49.95,8,701.8,1000,7,601.7,3,0,2,30.9,6.1,1
C00616,Madrid,fibra_1000,51.95,77,964.8,1000,5,340.4,3,2,2,15.3,5.9,0
C00617,Bilbao,fibra_1000,47.95,84,746.2,1000,6,426.1,3,1,3,23.4,5.3,1
C00618,Bilbao,fibra_300,34.95,25,178.5,300,6,433.1,4,2,4,33.4,4.6,0
C00619,Barcelona,convergente,59.95,17,399.5,600,5,296.0,4,2,3,14.7,7.0,0
C00620,Barcelona,movil_solo,12.95,16,92.5,100,0,0.0,2,0,2,4.7,8.8,0
C00621,Valencia,fibra_1000,47.95,3,760.4,1000,10,441.7,5,2,4,33.2,4.0,1
C00622,Zaragoza,movil_solo,16.95,64,55.1,100,9,747.9,4,1,3,25.8,5.1,0
C00623,Madrid,movil_solo,19.95,68,63.5,100,9,297.7,6,1,3,45.6,4.7,1
C00624,Bilbao,fibra_1000,49.95,53,947.8,1000,2,76.1,1,1,1,23.0,6.9,0
C00625,Barcelona,fibra_600,39.95,18,468.9,600,5,159.5,2,0,1,14.8,7.5,0
C00626,Sevilla,fibra_300,29.95,23,235.9,300,8,681.8,5,1,4,39.7,4.9,0
C00627,Valencia,convergente,59.95,84,344.7,600,3,259.7,2,0,1,23.1,7.6,0
C00628,Madrid,fibra_600,37.95,38,401.9,600,10,542.1,5,2,3,44.7,3.1,1
C00629,Bilbao,fibra_300,27.95,32,264.3,300,7,605.6,3,1,3,26.2,5.8,0
C00630,Valencia,fibra_300,29.95,51,252.3,300,3,21.7,3,1,3,30.1,6.3,0
C00631,Zaragoza,fibra_600,44.95,20,272.4,600,6,124.2,3,1,3,18.6,5.5,0
C00632,Bilbao,fibra_300,31.95,70,168.9,300,12,234.9,7,3,7,33.8,3.2,1
C00633,Barcelona,fibra_1000,47.95,64,667.2,1000,7,290.1,3,1,3,30.7,4.7,1
C00634,Bilbao,fibra_300,29.95,11,179.3,300,8,176.2,5,2,3,53.3,4.0,1
C00635,Zaragoza,movil_solo,16.95,31,56.5,100,9,208.2,4,0,3,42.3,4.4,0
C00636,Zaragoza,fibra_1000,49.95,40,770.2,1000,6,506.9,4,1,3,25.2,6.6,0
C00637,Madrid,fibra_600,44.95,54,458.2,600,4,164.7,3,1,2,12.5,7.3,0
C00638,Madrid,convergente,59.95,57,593.2,600,5,306.7,4,1,4,26.1,6.7,0
C00639,Barcelona,fibra_300,29.95,33,206.8,300,5,166.7,3,1,2,28.2,6.5,0
C00640,Madrid,movil_solo,14.95,29,67.9,100,1,16.4,1,0,1,30.2,6.6,0
C00641,Madrid,fibra_300,31.95,45,271.9,300,6,210.5,4,2,4,18.7,5.4,0
C00642,Valencia,fibra_600,41.95,42,311.0,600,6,516.7,4,2,2,22.2,6.2,0
C00643,Barcelona,fibra_1000,49.95,28,729.1,1000,6,259.8,3,2,4,19.9,5.8,0
C00644,Sevilla,fibra_1000,51.95,12,735.2,1000,7,590.9,5,1,5,9.5,6.0,0
C00645,Valencia,fibra_300,29.95,22,228.4,300,5,175.7,3,1,3,36.9,4.9,0
C00646,Zaragoza,convergente,59.95,54,425.9,600,10,894.9,4,1,3,13.1,5.1,0
C00647,Valencia,convergente,57.95,41,403.9,600,5,194.6,2,0,2,9.4,6.5,0
C00648,Valencia,fibra_1000,54.95,31,840.8,1000,10,149.2,6,2,3,38.7,4.3,1
C00649,Bilbao,fibra_600,41.95,83,510.5,600,7,79.5,3,2,3,17.0,5.8,1
C00650,Bilbao,fibra_600,39.95,77,430.1,600,4,284.7,4,2,4,11.6,6.9,0
C00651,Sevilla,fibra_600,44.95,4,301.4,600,6,356.7,3,1,2,28.9,5.1,0
C00652,Barcelona,fibra_1000,49.95,28,605.4,1000,8,47.1,4,1,3,33.3,5.7,0
C00653,Barcelona,movil_solo,14.95,77,84.5,100,6,523.8,4,1,4,18.6,6.6,0
C00654,Sevilla,movil_solo,19.95,11,58.7,100,6,110.3,4,2,3,28.0,5.9,0
C00655,Barcelona,fibra_600,39.95,36,379.8,600,4,50.0,3,2,2,32.2,6.3,0
C00656,Valencia,fibra_600,39.95,24,460.1,600,8,623.3,3,0,3,24.3,5.5,0
C00657,Valencia,fibra_600,44.95,60,303.9,600,11,928.3,6,1,6,31.9,3.6,1
C00658,Barcelona,movil_solo,16.95,39,84.8,100,5,274.2,3,1,2,41.7,5.5,0
C00659,Zaragoza,fibra_600,39.95,11,385.9,600,6,469.7,2,1,2,12.5,6.3,0
C00660,Bilbao,fibra_1000,51.95,25,770.4,1000,9,477.1,3,2,4,33.3,4.5,1
C00661,Barcelona,convergente,59.95,57,375.5,600,9,196.7,6,1,6,53.3,4.3,1
C00662,Sevilla,fibra_300,34.95,74,157.4,300,9,809.9,5,1,5,36.8,4.4,1
C00663,Sevilla,movil_solo,14.95,30,77.2,100,10,231.2,6,2,5,54.1,2.4,1
C00664,Sevilla,fibra_1000,47.95,41,743.9,1000,8,440.6,6,3,4,39.3,3.4,1
C00665,Barcelona,fibra_1000,54.95,36,747.5,1000,6,59.2,2,1,3,22.8,5.8,0
C00666,Zaragoza,convergente,59.95,44,310.3,600,5,331.7,2,0,1,20.2,7.4,0
C00667,Valencia,convergente,64.95,3,334.4,600,4,193.3,3,2,3,27.5,5.3,1
C00668,Barcelona,movil_solo,19.95,46,62.2,100,7,303.9,3,1,2,30.4,4.6,0
C00669,Madrid,fibra_600,41.95,33,576.0,600,2,98.3,2,0,1,13.0,7.7,0
C00670,Madrid,fibra_300,29.95,74,256.0,300,7,194.0,5,2,6,16.6,5.5,1
C00671,Bilbao,fibra_300,34.95,40,243.8,300,5,336.1,4,0,4,30.7,6.5,0
C00672,Sevilla,fibra_600,41.95,16,308.9,600,7,311.9,4,1,3,12.3,6.3,0
C00673,Zaragoza,fibra_300,31.95,44,150.7,300,11,281.5,6,1,3,51.9,2.5,1
C00674,Zaragoza,fibra_300,29.95,55,174.5,300,5,129.3,3,1,4,23.7,5.9,0
C00675,Sevilla,fibra_1000,51.95,12,493.6,1000,5,382.6,4,1,4,34.5,6.2,0
C00676,Sevilla,convergente,57.95,64,413.7,600,7,469.0,3,1,4,36.9,5.8,0
C00677,Valencia,fibra_600,41.95,5,450.0,600,5,298.7,2,1,3,45.0,5.6,1
C00678,Valencia,fibra_300,31.95,37,152.2,300,10,474.1,6,2,6,32.9,3.9,1
C00679,Zaragoza,fibra_1000,49.95,17,769.4,1000,8,314.2,4,2,3,36.0,4.9,1
C00680,Madrid,fibra_1000,51.95,31,984.0,1000,6,321.5,5,2,6,13.7,6.6,0
C00681,Valencia,fibra_1000,54.95,56,519.6,1000,9,526.6,5,1,4,15.6,5.5,1
C00682,Zaragoza,convergente,57.95,47,437.2,600,8,348.8,5,2,5,34.2,5.3,1
C00683,Madrid,fibra_1000,49.95,34,618.5,1000,9,729.3,4,2,4,25.8,4.7,1
C00684,Zaragoza,fibra_600,44.95,66,336.3,600,4,281.5,3,1,4,36.4,6.3,0
C00685,Madrid,fibra_300,27.95,43,192.7,300,4,126.0,2,1,2,22.8,6.1,0
C00686,Valencia,convergente,61.95,17,355.9,600,7,202.4,4,2,4,27.5,4.8,1
C00687,Madrid,fibra_1000,49.95,59,603.2,1000,5,114.8,2,1,3,13.4,6.0,0
C00688,Barcelona,fibra_300,29.95,53,292.8,300,8,245.9,5,3,5,18.1,5.6,1
C00689,Bilbao,movil_solo,19.95,36,58.3,100,2,64.4,1,0,0,23.6,6.6,0
C00690,Valencia,convergente,57.95,80,470.8,600,7,184.6,3,0,2,27.3,5.6,0
C00691,Valencia,convergente,59.95,68,509.0,600,16,835.1,8,2,5,78.2,1,1
C00692,Bilbao,convergente,61.95,76,370.5,600,12,968.4,6,2,6,45.4,2.9,1
C00693,Bilbao,fibra_300,27.95,61,239.1,300,8,69.5,5,2,2,30.9,4.0,1
C00694,Valencia,fibra_600,39.95,84,387.4,600,7,559.7,3,1,3,21.3,6.6,0
C00695,Madrid,fibra_300,27.95,4,199.4,300,8,605.9,5,2,5,30.3,4.2,1
C00696,Sevilla,fibra_1000,49.95,30,525.2,1000,8,361.8,5,1,4,21.6,5.8,1
C00697,Valencia,movil_solo,12.95,20,67.2,100,8,326.7,5,2,5,37.0,5.1,1
C00698,Valencia,fibra_1000,54.95,24,701.4,1000,3,47.7,1,0,0,23.0,7.2,0
C00699,Valencia,fibra_600,39.95,52,401.5,600,7,249.6,4,2,2,23.6,5.2,1
C00700,Bilbao,convergente,61.95,5,408.1,600,9,777.6,5,2,3,34.7,4.6,1
C00701,Sevilla,movil_solo,19.95,11,52.2,100,10,596.8,6,3,6,31.8,4.1,1
C00702,Zaragoza,movil_solo,14.95,20,67.8,100,1,68.1,1,0,1,18.4,8.2,0
C00703,Madrid,convergente,59.95,61,583.5,600,6,302.2,5,1,4,50.8,3.8,1
C00704,Sevilla,fibra_300,31.95,6,143.3,300,10,366.1,5,1,5,12.3,5.4,1
C00705,Sevilla,convergente,59.95,29,357.5,600,4,288.7,2,0,1,28.7,6.2,0
C00706,Valencia,fibra_300,27.95,15,188.1,300,10,803.8,5,2,3,34.0,3.4,1
C00707,Valencia,fibra_300,29.95,27,186.5,300,7,45.7,5,2,5,10.6,5.9,0
C00708,Zaragoza,fibra_600,44.95,25,447.1,600,9,571.0,4,2,2,37.6,4.5,1
C00709,Zaragoza,convergente,64.95,42,364.8,600,6,155.4,4,2,3,10.2,6.0,0
C00710,Zaragoza,fibra_600,37.95,44,354.5,600,3,116.7,4,2,4,34.3,6.0,0
C00711,Bilbao,fibra_1000,49.95,13,898.9,1000,5,402.2,4,1,5,34.1,5.7,0
C00712,Zaragoza,fibra_600,39.95,14,371.1,600,3,26.6,1,0,0,40.7,6.0,0
C00713,Bilbao,fibra_1000,51.95,51,850.0,1000,3,196.0,2,0,2,11.1,8.3,0
C00714,Sevilla,fibra_300,31.95,10,243.6,300,6,251.0,4,1,2,20.2,6.8,1
C00715,Madrid,fibra_1000,47.95,79,640.5,1000,3,248.6,2,0,2,9.1,7.7,0
C00716,Zaragoza,fibra_1000,54.95,63,763.8,1000,6,49.8,5,3,4,22.9,4.9,1
C00717,Barcelona,fibra_600,37.95,31,447.0,600,11,240.0,6,2,5,33.7,3.5,1
C00718,Madrid,movil_solo,14.95,83,84.3,100,5,282.7,3,0,1,20.5,6.0,0
C00719,Sevilla,movil_solo,16.95,52,83.9,100,8,659.8,5,2,6,27.8,4.5,1
C00720,Sevilla,convergente,64.95,61,350.3,600,6,240.3,4,1,3,28.2,6.4,0
C00721,Sevilla,convergente,59.95,59,508.6,600,3,120.1,3,1,1,9.6,6.8,0
C00722,Madrid,fibra_1000,49.95,14,864.1,1000,1,47.2,1,0,1,28.8,7.8,0
C00723,Bilbao,fibra_600,37.95,6,431.3,600,9,296.2,3,1,2,23.1,5.1,1
C00724,Sevilla,fibra_1000,49.95,9,835.1,1000,10,580.2,4,1,3,38.4,4.9,1
C00725,Sevilla,fibra_1000,49.95,82,584.2,1000,11,785.6,6,2,4,23.6,4.0,1
C00726,Barcelona,movil_solo,19.95,33,61.2,100,4,209.9,2,0,1,26.5,7.5,0
C00727,Barcelona,fibra_600,39.95,21,441.2,600,7,339.8,4,2,4,25.3,5.2,1
C00728,Zaragoza,convergente,59.95,26,266.7,600,12,831.7,5,1,4,43.0,3.4,1
C00729,Valencia,convergente,59.95,46,415.3,600,7,323.7,3,0,4,48.0,5.2,0
C00730,Bilbao,movil_solo,12.95,84,94.2,100,6,528.4,4,1,3,26.5,5.1,0
C00731,Bilbao,fibra_1000,51.95,54,893.3,1000,9,243.0,6,2,6,35.1,3.6,1
C00732,Valencia,convergente,59.95,21,454.3,600,3,105.4,2,1,1,17.7,6.7,0
C00733,Barcelona,movil_solo,16.95,49,79.6,100,1,18.5,1,0,1,11.9,7.9,0
C00734,Zaragoza,fibra_1000,51.95,51,450.0,1000,4,206.6,3,1,2,18.3,6.8,0
C00735,Valencia,fibra_600,41.95,70,350.1,600,13,987.5,7,1,4,37.6,3.2,1
C00736,Madrid,fibra_300,29.95,54,189.0,300,7,53.0,3,0,3,46.1,5.1,0
C00737,Sevilla,movil_solo,12.95,76,74.9,100,4,257.9,2,0,2,27.0,6.5,0
C00738,Sevilla,fibra_300,34.95,56,190.8,300,5,329.3,2,0,1,27.9,6.5,0
C00739,Sevilla,fibra_300,29.95,35,204.4,300,10,627.5,6,2,7,32.8,3.6,1
C00740,Bilbao,movil_solo,14.95,22,88.3,100,4,169.2,4,1,5,14.4,6.1,0
C00741,Barcelona,movil_solo,16.95,72,75.1,100,1,33.2,1,0,1,24.5,7.8,0
C00742,Barcelona,convergente,57.95,76,348.1,600,9,722.7,4,1,2,42.6,3.8,1
C00743,Zaragoza,convergente,57.95,17,380.8,600,6,375.8,4,1,5,14.9,6.3,0
C00744,Barcelona,convergente,57.95,74,562.2,600,4,277.9,1,0,1,44.3,5.7,0
C00745,Valencia,fibra_300,34.95,4,199.2,300,8,353.3,5,1,5,23.6,5.2,1
C00746,Madrid,fibra_300,31.95,61,273.9,300,3,171.7,3,1,2,23.6,6.5,0
C00747,Sevilla,fibra_600,41.95,34,476.8,600,0,0.0,2,0,2,4.8,8.2,0
C00748,Barcelona,convergente,64.95,64,525.8,600,10,567.4,5,3,5,36.3,3.1,1
C00749,Bilbao,fibra_1000,54.95,76,899.4,1000,0,0.0,1,0,2,13.9,7.7,0
C00750,Valencia,convergente,57.95,18,524.5,600,1,48.3,2,0,1,24.7,8.2,0
C00751,Valencia,fibra_300,29.95,44,217.4,300,5,284.5,2,0,1,41.2,6.1,0
C00752,Zaragoza,fibra_600,44.95,58,439.0,600,5,126.5,3,1,1,30.4,5.1,1
C00753,Zaragoza,movil_solo,16.95,59,45.9,100,7,550.3,3,1,3,19.7,5.6,1
C00754,Zaragoza,movil_solo,12.95,57,61.9,100,8,162.0,5,2,4,24.6,4.7,1
C00755,Zaragoza,movil_solo,14.95,26,57.7,100,11,756.6,6,3,5,65.5,2.3,1
C00756,Madrid,fibra_300,29.95,58,244.6,300,4,157.5,4,2,4,30.5,5.4,0
C00757,Valencia,fibra_1000,49.95,2,642.4,1000,1,6.1,2,0,1,25.7,7.1,0
C00758,Zaragoza,fibra_300,34.95,39,174.7,300,6,137.6,2,0,2,25.4,6.3,0
C00759,Zaragoza,fibra_1000,47.95,32,521.6,1000,12,1055.3,6,3,4,54.3,2.4,1
C00760,Valencia,movil_solo,14.95,76,76.5,100,7,507.5,4,2,3,50.7,3.2,1
C00761,Barcelona,fibra_1000,49.95,21,774.4,1000,0,0.0,2,1,1,21.6,7.0,0
C00762,Barcelona,fibra_300,27.95,24,269.8,300,5,191.4,3,0,4,20.5,7.1,0
C00763,Barcelona,fibra_1000,47.95,34,591.4,1000,4,146.6,3,0,2,23.7,6.8,0
C00764,Bilbao,fibra_600,44.95,16,408.3,600,7,54.6,4,2,4,25.3,5.1,1
C00765,Bilbao,fibra_1000,49.95,73,737.2,1000,8,250.8,5,2,4,60.9,3.8,1
C00766,Sevilla,fibra_600,39.95,12,448.9,600,12,708.2,4,1,5,14.6,5.6,1
C00767,Sevilla,movil_solo,12.95,11,49.2,100,4,65.5,2,0,1,19.5,6.7,0
C00768,Bilbao,fibra_600,41.95,65,326.3,600,9,438.9,4,2,3,15.7,5.6,1
C00769,Madrid,convergente,64.95,49,369.6,600,6,483.7,4,1,2,43.8,4.5,1
C00770,Zaragoza,fibra_1000,47.95,35,514.2,1000,5,289.8,3,1,3,38.0,4.9,1
C00771,Madrid,movil_solo,19.95,25,72.9,100,2,49.7,1,0,0,17.0,7.3,0
C00772,Bilbao,movil_solo,19.95,82,53.3,100,5,45.5,4,0,4,20.4,7.3,0
C00773,Sevilla,fibra_300,34.95,45,177.3,300,5,344.8,4,1,3,18.4,7.0,0
C00774,Bilbao,fibra_600,41.95,45,481.9,600,2,64.0,1,0,0,6.6,7.8,0
C00775,Sevilla,convergente,61.95,39,445.3,600,4,335.5,2,1,1,16.1,7.6,0
C00776,Sevilla,convergente,57.95,46,327.0,600,8,170.7,3,0,3,33.0,6.1,0
C00777,Bilbao,fibra_1000,54.95,58,876.2,1000,12,337.7,6,2,5,59.4,2.5,1
C00778,Barcelona,movil_solo,12.95,80,87.9,100,5,446.7,2,1,3,29.0,5.6,1
C00779,Sevilla,movil_solo,19.95,53,53.2,100,8,291.8,5,1,4,19.2,4.9,1
C00780,Barcelona,fibra_600,37.95,13,587.2,600,4,306.6,3,1,2,22.0,7.2,0
C00781,Madrid,convergente,64.95,57,364.1,600,10,826.9,5,2,5,52.5,3.6,1
C00782,Bilbao,fibra_300,29.95,78,189.1,300,6,371.9,2,0,1,26.0,6.4,0
C00783,Bilbao,fibra_300,29.95,69,197.8,300,2,94.8,2,0,1,27.2,7.2,0
C00784,Zaragoza,convergente,59.95,16,318.9,600,6,125.8,2,1,2,44.7,5.5,1
C00785,Zaragoza,fibra_1000,54.95,62,773.5,1000,4,213.8,4,1,4,44.1,4.6,0
C00786,Madrid,fibra_1000,49.95,72,952.8,1000,10,112.7,6,3,7,54.9,2.2,1
C00787,Barcelona,convergente,59.95,58,502.3,600,1,18.6,2,1,1,20.3,7.6,0
C00788,Bilbao,movil_solo,14.95,50,54.6,100,8,64.8,4,2,4,29.8,5.4,1
C00789,Valencia,fibra_600,37.95,14,397.1,600,5,331.1,2,0,1,28.0,6.9,0
C00790,Valencia,convergente,61.95,61,306.3,600,7,517.4,5,1,3,39.9,4.2,0
C00791,Sevilla,fibra_600,37.95,72,430.0,600,14,344.3,7,4,7,14.5,4.0,1
C00792,Bilbao,fibra_1000,49.95,45,658.4,1000,8,492.1,5,1,6,35.8,5.5,0
C00793,Valencia,fibra_300,29.95,36,232.0,300,2,53.9,3,1,3,12.7,7.4,0
C00794,Zaragoza,movil_solo,14.95,43,46.1,100,6,391.3,2,1,1,23.8,6.0,0
C00795,Zaragoza,movil_solo,14.95,39,79.3,100,6,120.1,4,1,4,25.7,6.5,0
C00796,Barcelona,fibra_1000,51.95,10,627.3,1000,4,317.8,4,0,4,13.1,6.6,0
C00797,Madrid,fibra_1000,49.95,74,795.7,1000,4,337.8,3,1,3,25.1,6.2,0
C00798,Barcelona,convergente,57.95,37,560.0,600,2,18.5,3,1,2,29.9,6.0,0
C00799,Madrid,convergente,59.95,80,332.5,600,3,180.9,2,0,1,9.2,7.0,0
C00800,Barcelona,fibra_600,41.95,27,508.0,600,10,621.4,5,2,6,30.8,4.9,1
C00801,Sevilla,fibra_300,29.95,38,234.7,300,0,0.0,1,0,1,15.7,8.5,0
C00802,Madrid,movil_solo,12.95,14,95.3,100,1,30.4,0,0,0,14.2,7.9,0
C00803,Zaragoza,fibra_600,44.95,66,323.0,600,10,409.1,5,1,6,18.4,4.9,1
C00804,Valencia,fibra_600,39.95,30,372.0,600,0,0.0,1,0,0,16.9,8.6,0
C00805,Valencia,movil_solo,12.95,19,82.1,100,8,683.1,3,2,2,34.5,4.9,1
C00806,Valencia,convergente,59.95,10,502.9,600,11,690.7,5,3,5,59.8,2.1,1
C00807,Barcelona,fibra_1000,49.95,61,573.5,1000,0,0.0,0,0,0,26.1,7.8,0
C00808,Barcelona,movil_solo,19.95,77,96.5,100,10,637.6,6,3,3,56.2,3.2,1
C00809,Madrid,convergente,61.95,49,357.6,600,8,140.6,4,1,2,45.8,5.0,1
C00810,Madrid,movil_solo,19.95,27,91.2,100,1,58.4,1,0,0,20.9,7.0,0
C00811,Valencia,fibra_1000,54.95,21,621.1,1000,9,378.8,5,3,3,30.3,3.7,1
C00812,Bilbao,fibra_600,44.95,42,357.2,600,7,442.9,4,1,2,31.3,4.6,1
C00813,Madrid,fibra_600,44.95,48,557.4,600,7,275.1,4,2,3,16.2,6.4,0
C00814,Madrid,convergente,59.95,30,417.5,600,6,485.1,2,1,2,25.9,5.7,0
C00815,Barcelona,convergente,61.95,16,505.4,600,5,402.9,2,0,1,26.6,6.9,0
C00816,Bilbao,convergente,57.95,20,359.5,600,10,79.0,4,2,2,38.9,3.6,1
C00817,Zaragoza,fibra_1000,49.95,65,584.4,1000,10,826.6,4,1,5,63.7,3.1,1
C00818,Valencia,fibra_300,29.95,83,182.3,300,5,152.9,4,1,3,17.1,7.1,0
C00819,Sevilla,fibra_300,29.95,68,191.0,300,9,71.2,6,2,5,17.6,4.5,1
C00820,Zaragoza,fibra_1000,47.95,22,739.5,1000,9,193.8,4,2,4,36.1,3.9,1
C00821,Barcelona,fibra_1000,54.95,46,681.5,1000,4,186.0,3,1,4,25.4,6.6,0
C00822,Barcelona,movil_solo,14.95,35,80.2,100,9,191.3,3,0,4,28.9,4.5,0
C00823,Valencia,movil_solo,19.95,56,71.7,100,11,398.8,5,3,3,32.8,2.6,1
C00824,Valencia,convergente,64.95,76,317.3,600,7,341.5,4,2,5,37.9,3.9,1
C00825,Barcelona,fibra_1000,51.95,81,581.9,1000,2,141.1,2,1,1,32.5,6.5,0
C00826,Valencia,fibra_1000,49.95,28,798.7,1000,9,300.2,4,2,2,24.6,4.1,1
C00827,Madrid,movil_solo,14.95,59,66.9,100,9,577.2,3,1,3,19.5,6.1,0
C00828,Bilbao,fibra_1000,49.95,62,652.7,1000,7,471.1,5,2,4,6.1,5.5,0
C00829,Madrid,convergente,57.95,50,506.3,600,4,163.8,2,0,1,20.9,6.4,0
C00830,Madrid,movil_solo,14.95,10,97.2,100,3,30.6,2,0,1,27.6,6.3,0
C00831,Madrid,fibra_1000,47.95,61,852.1,1000,6,104.5,3,1,1,32.4,6.0,0
C00832,Madrid,fibra_300,34.95,53,297.9,300,7,517.4,5,1,2,43.1,4.0,1
C00833,Bilbao,fibra_1000,54.95,20,924.1,1000,6,35.8,3,1,1,44.5,5.6,0
C00834,Bilbao,convergente,59.95,83,422.4,600,2,150.8,1,0,1,19.7,7.1,0
C00835,Bilbao,fibra_300,29.95,38,215.3,300,4,198.6,3,2,3,20.4,6.5,0
C00836,Madrid,movil_solo,19.95,40,68.7,100,4,54.6,3,0,1,24.0,7.4,0
C00837,Valencia,fibra_300,31.95,6,250.7,300,8,233.2,5,2,4,44.8,3.4,1
C00838,Barcelona,convergente,64.95,62,334.8,600,11,328.6,5,2,6,42.5,3.9,1
C00839,Bilbao,fibra_600,44.95,60,355.5,600,5,430.3,4,1,4,29.0,5.7,0
C00840,Bilbao,fibra_1000,49.95,33,530.7,1000,8,367.1,5,3,3,30.5,4.7,1
C00841,Zaragoza,fibra_1000,47.95,56,670.5,1000,7,249.6,4,2,3,37.5,5.0,1
C00842,Zaragoza,fibra_300,29.95,10,214.1,300,12,204.3,4,1,4,39.4,3.9,1
C00843,Madrid,convergente,64.95,14,501.8,600,4,233.9,2,1,1,19.0,7.1,0
C00844,Barcelona,fibra_300,29.95,53,248.4,300,6,410.4,5,1,4,27.9,5.2,0
C00845,Barcelona,convergente,57.95,22,553.2,600,3,50.2,2,1,1,34.0,6.5,0
C00846,Zaragoza,movil_solo,19.95,23,68.2,100,9,321.7,5,2,4,22.0,5.0,0
C00847,Barcelona,fibra_600,44.95,26,410.0,600,2,129.5,3,1,2,28.3,6.9,0
C00848,Madrid,fibra_300,34.95,48,270.7,300,7,525.1,4,2,3,32.2,4.4,1
C00849,Sevilla,fibra_600,44.95,39,334.4,600,5,241.8,3,0,3,28.2,6.5,0
C00850,Barcelona,fibra_600,37.95,47,448.9,600,9,530.5,5,1,2,42.7,4.1,0
C00851,Zaragoza,movil_solo,12.95,60,72.0,100,2,90.5,3,1,2,27.6,7.3,0
C00852,Valencia,movil_solo,19.95,9,84.2,100,5,333.9,3,1,3,24.5,5.8,0
C00853,Madrid,fibra_600,37.95,14,567.8,600,6,392.5,4,1,4,23.3,5.6,0
C00854,Madrid,fibra_1000,47.95,46,612.5,1000,5,114.2,2,1,1,32.0,5.7,0
C00855,Bilbao,fibra_600,44.95,21,565.5,600,7,205.0,3,1,3,44.8,4.5,1
C00856,Valencia,fibra_600,37.95,53,304.8,600,6,90.8,4,2,5,35.5,5.3,0
C00857,Sevilla,movil_solo,14.95,60,49.8,100,5,347.8,3,1,3,16.4,6.2,0
C00858,Bilbao,movil_solo,19.95,51,76.1,100,3,177.9,2,0,1,30.8,7.3,0
C00859,Madrid,movil_solo,12.95,80,68.6,100,5,63.3,2,1,2,30.4,5.9,0
C00860,Barcelona,convergente,59.95,46,572.8,600,10,277.7,5,2,4,27.6,4.0,1
C00861,Bilbao,movil_solo,12.95,81,61.7,100,4,49.1,2,0,2,29.4,6.6,0
C00862,Barcelona,convergente,61.95,47,426.7,600,1,30.3,1,0,1,23.9,7.5,0
C00863,Barcelona,fibra_1000,49.95,71,564.9,1000,5,122.1,4,1,4,17.1,7.1,0
C00864,Zaragoza,movil_solo,16.95,58,71.0,100,8,597.9,5,1,5,46.1,4.2,1
C00865,Sevilla,movil_solo,14.95,76,49.6,100,0,0.0,1,0,1,21.5,8.0,0
C00866,Zaragoza,movil_solo,14.95,73,48.6,100,5,361.3,2,0,2,18.5,6.9,0
C00867,Bilbao,fibra_300,34.95,37,205.8,300,7,252.2,3,1,2,33.2,5.3,0
C00868,Sevilla,convergente,59.95,22,422.0,600,4,171.6,4,2,4,23.1,5.5,0
C00869,Zaragoza,fibra_1000,51.95,52,762.4,1000,3,64.6,2,0,2,24.9,6.6,0
C00870,Bilbao,movil_solo,16.95,47,72.3,100,9,321.9,6,1,4,19.8,5.0,0
C00871,Bilbao,fibra_600,39.95,75,381.7,600,5,399.1,2,0,1,33.2,6.8,0
C00872,Bilbao,fibra_300,29.95,60,233.0,300,4,35.9,2,1,1,18.7,7.2,0
C00873,Valencia,fibra_300,34.95,68,203.3,300,5,336.6,2,1,2,14.8,6.0,0
C00874,Bilbao,convergente,64.95,7,337.3,600,7,249.4,3,1,4,8.4,6.5,1
C00875,Madrid,convergente,57.95,84,331.8,600,5,445.6,4,1,3,29.7,6.6,0
C00876,Sevilla,movil_solo,16.95,31,71.3,100,2,84.5,1,0,1,8.8,8.4,0
C00877,Valencia,fibra_300,31.95,55,200.9,300,9,568.3,5,1,5,51.9,3.0,1
C00878,Madrid,fibra_600,37.95,18,539.9,600,4,143.0,3,1,4,41.7,5.4,0
C00879,Bilbao,movil_solo,14.95,44,57.8,100,1,68.4,1,0,1,22.3,7.3,0
C00880,Barcelona,movil_solo,14.95,65,63.4,100,3,139.5,2,1,2,25.8,5.9,0
C00881,Sevilla,fibra_600,37.95,16,467.5,600,3,227.9,2,0,2,25.7,7.3,0
C00882,Bilbao,fibra_1000,49.95,45,838.5,1000,8,356.1,4,2,5,23.3,4.6,1
C00883,Barcelona,fibra_1000,49.95,45,709.4,1000,4,147.8,3,0,3,31.6,7.0,0
C00884,Sevilla,convergente,57.95,76,342.8,600,9,475.8,3,0,2,44.9,4.3,0
C00885,Valencia,fibra_600,39.95,47,514.2,600,3,52.2,2,0,1,19.7,7.1,0
C00886,Bilbao,convergente,64.95,59,493.2,600,6,273.1,5,1,6,40.7,5.2,0
C00887,Sevilla,movil_solo,14.95,48,73.4,100,13,761.3,7,3,5,39.3,2.1,1
C00888,Valencia,fibra_1000,51.95,8,507.8,1000,7,602.2,3,1,4,44.3,4.5,1
C00889,Zaragoza,convergente,61.95,58,352.6,600,5,296.6,2,1,2,32.4,5.1,0
C00890,Sevilla,movil_solo,16.95,13,56.4,100,10,115.7,4,1,2,52.6,3.6,1
C00891,Madrid,fibra_300,34.95,34,217.2,300,8,137.5,6,3,6,38.9,4.3,1
C00892,Zaragoza,fibra_1000,49.95,30,798.8,1000,6,232.8,2,0,3,30.0,6.4,0
C00893,Bilbao,convergente,59.95,56,403.6,600,4,334.4,2,0,3,34.9,6.3,0
C00894,Zaragoza,fibra_600,44.95,23,313.1,600,14,1226.3,6,2,7,39.1,3.5,1
C00895,Zaragoza,movil_solo,14.95,18,64.1,100,5,444.5,3,1,2,18.1,7.2,0
C00896,Valencia,fibra_600,39.95,16,400.6,600,4,128.7,2,0,1,23.4,7.1,0
C00897,Barcelona,fibra_600,39.95,74,341.4,600,3,156.4,1,0,1,11.1,7.3,0
C00898,Zaragoza,convergente,64.95,8,392.9,600,11,902.4,6,2,7,60.3,2.5,1
C00899,Valencia,movil_solo,12.95,26,60.1,100,11,681.0,6,3,4,15.5,4.3,1
C00900,Barcelona,movil_solo,14.95,15,83.1,100,7,340.1,2,1,3,10.6,6.8,0
